{
"type": "FeatureCollection",
"name": "landCover",
"crs": { "type": "name", "properties": { "name": "urn:ogc:def:crs:OGC:1.3:CRS84" } },
"features": [
{"type":"Feature","properties":{"fid":1,"landuse":2},"geometry":{"type":"Polygon","coordinates":[[[124.841847087045949,8.382594444277226],[124.841844107978289,8.381961596699222],[124.841934892063691,8.38196117289294],[124.841934040902402,8.381780359304583],[124.842115608975121,8.381779511647977],[124.842116034595264,8.381869918433107],[124.842206818645451,8.381869494568877],[124.842208946922327,8.382321528464814],[124.842118162767406,8.382321952352218],[124.842119439727739,8.382593172698471],[124.841847087045949,8.382594444277226]]]}},
{"type":"Feature","properties":{"fid":2,"landuse":5},"geometry":{"type":"Polygon","coordinates":[[[124.842932665066968,8.381775696160684],[124.842932239263035,8.381685289416851],[124.843023023228525,8.381684865374153],[124.843023449053391,8.381775272113353],[124.842932665066968,8.381775696160684]]]}},
{"type":"Feature","properties":{"fid":3,"landuse":5},"geometry":{"type":"Polygon","coordinates":[[[124.843932566787558,8.382042250568576],[124.843931288656009,8.381771030492732],[124.844022072590107,8.381770606215941],[124.844021220484279,8.381589792839153],[124.844112004371738,8.381589368550781],[124.844111152243073,8.381408555181535],[124.844201936083849,8.381408130881582],[124.844203640443993,8.381769757599777],[124.84411285651943,8.38177018191829],[124.844114134776675,8.382041401966291],[124.843932566787558,8.382042250568576]]]}},
{"type":"Feature","properties":{"fid":4,"landuse":5},"geometry":{"type":"Polygon","coordinates":[[[124.844201510005703,8.381317724200944],[124.844200657863723,8.38113691083837],[124.844291441636898,8.38113648653148],[124.844292293820786,8.381317299884774],[124.844201510005703,8.381317724200944]]]}},
{"type":"Feature","properties":{"fid":5,"landuse":5},"geometry":{"type":"Polygon","coordinates":[[[124.845474614888047,8.381763814950332],[124.845473762111979,8.381583001722072],[124.84556454592321,8.381582577099953],[124.845563266731986,8.381311357268235],[124.845654050475645,8.381310932639185],[124.84565277126444,8.38103971281749],[124.845743554940483,8.381039288181514],[124.845743981360414,8.381129694784532],[124.845834765052643,8.381129270123056],[124.84583433861178,8.381038863524678],[124.845925122278302,8.381038438846984],[124.845924695821253,8.380948032252816],[124.846015479462068,8.380947607558907],[124.846015052988875,8.380857200968947],[124.846105836603954,8.380856776258831],[124.846106263098122,8.380947182844144],[124.846197046729415,8.380946758108522],[124.846197473249305,8.381037164688758],[124.846288256896756,8.381036739927634],[124.846289109992696,8.381217553077505],[124.846016758910338,8.381218827326178],[124.846017611899654,8.381399640502185],[124.84592682815412,8.381400065219315],[124.845927254634972,8.381490471811308],[124.845654903306922,8.381491745851475],[124.845656182589579,8.381762965666653],[124.845474614888047,8.381763814950332]]]}},
{"type":"Feature","properties":{"fid":6,"landuse":5},"geometry":{"type":"Polygon","coordinates":[[[124.843109974790949,8.380870780679968],[124.843109548992715,8.380780373941057],[124.843200332739229,8.380779949903019],[124.843200758558396,8.380870356637292],[124.843109974790949,8.380870780679968]]]}},
{"type":"Feature","properties":{"fid":7,"landuse":5},"geometry":{"type":"Polygon","coordinates":[[[124.842201285681895,8.380694206388579],[124.842200434528053,8.380513392815857],[124.842291218259305,8.380512969000302],[124.842292069455013,8.38069378256375],[124.842201285681895,8.380694206388579]]]}},
{"type":"Feature","properties":{"fid":8,"landuse":5},"geometry":{"type":"Polygon","coordinates":[[[124.842208946922327,8.382321528464814],[124.842206818645451,8.381869494568877],[124.842116034595264,8.381869918433107],[124.842115608975121,8.381779511647977],[124.842024824941134,8.38177993548671],[124.842023548172008,8.381508715114816],[124.84211433214314,8.381508291289984],[124.842113906542011,8.381417884503124],[124.842204690487435,8.381417460662071],[124.842203839257522,8.381236647096303],[124.842294623156334,8.381236223243663],[124.842294197527565,8.381145816464764],[124.842384981400656,8.381145392595903],[124.842384130115477,8.38096457904607],[124.842293346284293,8.380965002905663],[124.842292069455013,8.38069378256375],[124.842382853223413,8.380693358718064],[124.842381150767196,8.380331731607969],[124.842562718122153,8.380330883891112],[124.842563143770946,8.380421290660014],[124.842653927462209,8.380420866765668],[124.842654353136737,8.3805112735295],[124.842745136844187,8.380510849609657],[124.842745988249362,8.380691663126747],[124.842836771993959,8.380691239176775],[124.842837623460028,8.38087205268285],[124.842928407241757,8.380871628702748],[124.842928833002887,8.380962035450496],[124.843019616800802,8.380961611444897],[124.843020894175524,8.381232831671628],[124.842930110314768,8.381233255691138],[124.842930536094912,8.381323662437149],[124.842839752208462,8.381324086440435],[124.84284017797242,8.381414493190652],[124.842749394060263,8.38141491717772],[124.84274981980802,8.381505323932132],[124.84265903587017,8.381505747902972],[124.842660313079151,8.381776968177522],[124.84238796104853,8.38177824000662],[124.842390515217886,8.382320680627423],[124.842208946922327,8.382321528464814]]]}},
{"type":"Feature","properties":{"fid":9,"landuse":5},"geometry":{"type":"Polygon","coordinates":[[[124.845921710755377,8.380315186081457],[124.845921284336441,8.380224779483811],[124.846012067809738,8.380224354827064],[124.846012494249592,8.380314761420063],[124.845921710755377,8.380315186081457]]]}},
{"type":"Feature","properties":{"fid":10,"landuse":5},"geometry":{"type":"Polygon","coordinates":[[[124.844291441636898,8.38113648653148],[124.844290163396778,8.380865266498279],[124.84438094710238,8.380864842184453],[124.844379668842265,8.380593622161262],[124.844288885199518,8.380594046461164],[124.844288459143272,8.380503639781258],[124.844197675516682,8.380504064055666],[124.844196823460365,8.380323250685265],[124.844106039870923,8.380323674929535],[124.844105613870838,8.380233268239042],[124.844014830297581,8.38023369245782],[124.844013552388716,8.379962472369813],[124.844195119404858,8.379961623939248],[124.844195545411608,8.380052030626407],[124.844286328933464,8.380051606375201],[124.844287607045075,8.380322826420137],[124.844378390624996,8.380322402134157],[124.844379242765086,8.380503215485996],[124.844470026382155,8.380502791169873],[124.844472156920389,8.38095482451866],[124.844381373198615,8.380955248857981],[124.84438222540534,8.381136062203733],[124.844291441636898,8.38113648653148]]]}},
{"type":"Feature","properties":{"fid":11,"landuse":2},"geometry":{"type":"Polygon","coordinates":[[[124.83847405055829,8.379626681507789],[124.83847277658154,8.379355460562866],[124.838563560235286,8.379355037662579],[124.838564409590276,8.379535851617044],[124.838745976967289,8.3795350057354],[124.838746401693768,8.379625412702731],[124.83847405055829,8.379626681507789]]]}},
{"type":"Feature","properties":{"fid":12,"landuse":5},"geometry":{"type":"Polygon","coordinates":[[[124.841741410533388,8.3794306298299],[124.841740985125369,8.3793402230145],[124.841831768608117,8.37933979936347],[124.84183219403711,8.379430206174234],[124.841741410533388,8.3794306298299]]]}},
{"type":"Feature","properties":{"fid":13,"landuse":2},"geometry":{"type":"Polygon","coordinates":[[[124.839109111664399,8.379533313721865],[124.839108262058147,8.37935249982292],[124.839199045678683,8.379352076776653],[124.839198620861708,8.379261669831154],[124.839289404456565,8.379261246768662],[124.839289829294458,8.379351653709536],[124.839380612905501,8.379351230621561],[124.839381037769058,8.379441637557369],[124.839290254137097,8.37944206064997],[124.839290678984469,8.379532467589968],[124.839109111664399,8.379533313721865]]]}},
{"type":"Feature","properties":{"fid":14,"landuse":2},"geometry":{"type":"Polygon","coordinates":[[[124.841650627024904,8.37943105346471],[124.841649350877901,8.379159833003307],[124.841740134323558,8.379159409382396],[124.841741410533388,8.3794306298299],[124.841650627024904,8.37943105346471]]]}},
{"type":"Feature","properties":{"fid":15,"landuse":2},"geometry":{"type":"Polygon","coordinates":[[[124.838472351932126,8.379265053580355],[124.838471927287443,8.379174646597411],[124.838562710899296,8.379174223706373],[124.838563135564925,8.379264630684693],[124.838472351932126,8.379265053580355]]]}},
{"type":"Feature","properties":{"fid":16,"landuse":2},"geometry":{"type":"Polygon","coordinates":[[[124.841200537166642,8.380246832895187],[124.841200111841459,8.380156426055899],[124.841018544427683,8.380157273128537],[124.841018119149183,8.380066866279549],[124.840927335456101,8.38006728977995],[124.84092648495519,8.379886476071404],[124.840835701299241,8.37988689954169],[124.840834425646364,8.379615678961716],[124.84074364204848,8.37961610239725],[124.840740665837941,8.378983254329693],[124.841013016177556,8.3789819840578],[124.84101344139907,8.379072390912002],[124.841285791758722,8.379071120438537],[124.841286217047809,8.379161527278406],[124.841377000512466,8.379161103740909],[124.841377425827204,8.379251510575715],[124.841558992784158,8.379250663428895],[124.841559843511703,8.379431477078667],[124.841650627024904,8.37943105346471],[124.841651477813372,8.379611867103472],[124.841742261363692,8.379611443459394],[124.841742686785992,8.379701850273491],[124.841651903214711,8.379702273922204],[124.841653604867631,8.380063901192774],[124.84156282120783,8.380064324839168],[124.841563246612012,8.380154731660358],[124.84147246292649,8.380155155290527],[124.841472888314485,8.380245562115917],[124.841200537166642,8.380246832895187]]]}},
{"type":"Feature","properties":{"fid":17,"landuse":7},"geometry":{"type":"Polygon","coordinates":[[[124.844842111622597,8.382399633298816],[124.844840406542644,8.382038006722741],[124.844114134776675,8.382041401966291],[124.84411285651943,8.38177018191829],[124.844203640443993,8.381769757599777],[124.844201510005703,8.381317724200944],[124.844292293820786,8.381317299884774],[124.844291441636898,8.38113648653148],[124.84438222540534,8.381136062203733],[124.844381373198615,8.380955248857981],[124.844472156920389,8.38095482451866],[124.844470026382155,8.380502791169873],[124.844379242765086,8.380503215485996],[124.844378390624996,8.380322402134157],[124.844287607045075,8.380322826420137],[124.844286328933464,8.380051606375201],[124.844195545411608,8.380052030626407],[124.844193841413201,8.379690403875177],[124.844103057970358,8.379690828086966],[124.844102632003597,8.379600421393429],[124.844011848576898,8.379600845579724],[124.844010996699552,8.379420032182075],[124.84392021331,8.379420456338236],[124.84391808380461,8.378968422813303],[124.844008867089443,8.37896799868034],[124.844008441181728,8.378877591978689],[124.844553140665283,8.37887504677084],[124.844552714636677,8.378784640096599],[124.844915847446742,8.378782942892883],[124.844919256479045,8.379506196126126],[124.845010039837163,8.37950577173593],[124.845011318365678,8.3797769916773],[124.845102101781862,8.379776567252323],[124.845102527988502,8.379866973893936],[124.845193311420871,8.379866549443459],[124.845194163890312,8.380047362716095],[124.845284947359815,8.380046938235479],[124.845285799890164,8.38022775149709],[124.845376583396785,8.380227326986329],[124.845377435988098,8.380408140236915],[124.845468219531824,8.380407715696016],[124.845469072184073,8.380588528935576],[124.845559855764947,8.380588104364531],[124.845560282119138,8.380678510979015],[124.845651065716183,8.380678086382472],[124.845651918480783,8.380858899600849],[124.845742702114961,8.380858474974159],[124.845743554940483,8.381039288181514],[124.84565277126444,8.38103971281749],[124.845654050475645,8.381310932639185],[124.845563266731986,8.381311357268235],[124.84556454592321,8.381582577099953],[124.845473762111979,8.381583001722072],[124.845474614888047,8.381763814950332],[124.845383831030148,8.381764239560882],[124.845385536555668,8.382125866030751],[124.845113184702015,8.382127139792955],[124.84511446370766,8.382398359682579],[124.844842111622597,8.382399633298816]]]}},
{"type":"Feature","properties":{"fid":18,"landuse":5},"geometry":{"type":"Polygon","coordinates":[[[124.845828368939976,8.379773171101727],[124.845827089846068,8.379501951285725],[124.845736306530796,8.379502375863609],[124.845735880196628,8.379411969252764],[124.845645096897528,8.379412393805151],[124.845644670589081,8.379321987189222],[124.845553887306153,8.379322411716112],[124.845552182203718,8.378960785229486],[124.84564296540286,8.378960360721173],[124.845641686563226,8.378689140865571],[124.845732469694781,8.378688716350338],[124.845733322291679,8.37886952957855],[124.845824105460366,8.378869105033175],[124.845824958118172,8.379049918250365],[124.845915741323964,8.379049493674851],[124.845916594042706,8.379230306881009],[124.846007377285645,8.37922988227535],[124.846009082864043,8.379591508663877],[124.845918299537374,8.379591933288111],[124.8459191523133,8.379772746489056],[124.845828368939976,8.379773171101727]]]}},
{"type":"Feature","properties":{"fid":19,"landuse":2},"geometry":{"type":"Polygon","coordinates":[[[124.838653494506417,8.379173800794483],[124.838651795807635,8.378812172895369],[124.838742579326265,8.37881174998113],[124.83874130528919,8.378540529066111],[124.838832088740233,8.378540106144902],[124.83883123936404,8.378359292208634],[124.839012806168157,8.378358446322167],[124.839013230895759,8.378448853281263],[124.839104014311644,8.378448430302123],[124.839104863822968,8.378629244209757],[124.839195647276,8.378628821200511],[124.839196072059707,8.378719228149052],[124.83910528858577,8.378719651162921],[124.83910698768436,8.379081278971245],[124.83901620412189,8.379081701982773],[124.839016628887464,8.379172108938391],[124.838653494506417,8.379173800794483]]]}},
{"type":"Feature","properties":{"fid":20,"landuse":2},"geometry":{"type":"Polygon","coordinates":[[[124.838740031294805,8.378269308147182],[124.838739606639507,8.378178901173335],[124.838830390006819,8.378178478270634],[124.83883081468305,8.37826888523985],[124.838740031294805,8.378269308147182]]]}},
{"type":"Feature","properties":{"fid":21,"landuse":2},"geometry":{"type":"Polygon","coordinates":[[[124.841641269606967,8.377442103323604],[124.841640844324445,8.377351696494012],[124.841731627351322,8.377351272965782],[124.841732052654791,8.37744167979074],[124.841641269606967,8.377442103323604]]]}},
{"type":"Feature","properties":{"fid":22,"landuse":11},"geometry":{"type":"Polygon","coordinates":[[[124.841732052654791,8.37744167979074],[124.841731627351322,8.377351272965782],[124.841822410373481,8.377350849416702],[124.841822835697869,8.377441256237027],[124.841732052654791,8.37744167979074]]]}},
{"type":"Feature","properties":{"fid":23,"landuse":11},"geometry":{"type":"Polygon","coordinates":[[[124.841914044086266,8.377531239477717],[124.84191234271448,8.37716961221409],[124.842003125685238,8.37716918863258],[124.842004827140784,8.37753081587767],[124.841914044086266,8.377531239477717]]]}},
{"type":"Feature","properties":{"fid":24,"landuse":2},"geometry":{"type":"Polygon","coordinates":[[[124.846174447994798,8.376155208734119],[124.846174021732224,8.376064802130415],[124.846264804228113,8.376064377624781],[124.846265230511605,8.376154784223838],[124.846174447994798,8.376155208734119]]]}},
{"type":"Feature","properties":{"fid":25,"landuse":5},"geometry":{"type":"Polygon","coordinates":[[[124.846175300534242,8.376336021940221],[124.846174447994798,8.376155208734119],[124.846265230511605,8.376154784223838],[124.846264377949367,8.375973971025289],[124.846355160419549,8.375973546503454],[124.846354734124645,8.375883139908172],[124.846627081443799,8.375881866231538],[124.846626655090873,8.37579145964976],[124.846808219904617,8.375790610437074],[124.84680907269896,8.375971423581607],[124.846536725345615,8.37597269739725],[124.846538430740324,8.376334323736867],[124.846175300534242,8.376336021940221]]]}},
{"type":"Feature","properties":{"fid":26,"landuse":11},"geometry":{"type":"Polygon","coordinates":[[[124.840394538687235,8.382601222859536],[124.840393262920955,8.38233000224921],[124.840120910156827,8.382331272597151],[124.84011580827331,8.381246389950045],[124.839298751986732,8.381250199367413],[124.83929620243245,8.380707757770432],[124.838751498781747,8.380710296276787],[124.838747675901715,8.379896633602112],[124.838475324577743,8.379897902448805],[124.83847405055829,8.379626681507789],[124.838746401693768,8.379625412702731],[124.838745976967289,8.3795350057354],[124.838564409590276,8.379535851617044],[124.838563560235286,8.379355037662579],[124.83847277658154,8.379355460562866],[124.838472351932126,8.379265053580355],[124.838563135564925,8.379264630684693],[124.838562710899296,8.379174223706373],[124.838471927287443,8.379174646597411],[124.838469804135215,8.378722611676167],[124.838197453585209,8.378723880154771],[124.83819617993926,8.378452659155183],[124.838468530300801,8.378451390718208],[124.838467256509105,8.378180169756341],[124.838739606639507,8.378178901173335],[124.838738332702093,8.377907680249191],[124.839010682601327,8.377906411520168],[124.839006860480069,8.377092748849204],[124.838734511146086,8.377094017453306],[124.838730689974483,8.376280354622239],[124.83845834116299,8.376281622913799],[124.838455794305588,8.375739180923608],[124.838637359933472,8.375738335472256],[124.838637784439712,8.375828742462454],[124.838728567267481,8.375828319700886],[124.8387289917994,8.375918726686027],[124.838819774643341,8.375918303898985],[124.838820199200924,8.376008710879065],[124.838910982061051,8.376008288066553],[124.838911406644314,8.376098695041568],[124.839002189520627,8.376098272203583],[124.839002614129583,8.376188679173536],[124.839093397022069,8.376188256310082],[124.839094246296071,8.376369070239436],[124.839185029225689,8.376368647345876],[124.839186303235081,8.376639868222767],[124.839277086222765,8.376639445294479],[124.839277935627962,8.376820259200978],[124.839368718652764,8.376819836242586],[124.839369143383394,8.376910243190558],[124.839459926424382,8.37690982020669],[124.839460775941802,8.37709063409207],[124.839551559019895,8.3770902110781],[124.83955113423788,8.376999804140256],[124.839641917290322,8.376999381110064],[124.839641492492106,8.376908974176411],[124.839732275518841,8.376908551130002],[124.839731850704467,8.376818144200545],[124.839822633705495,8.376817721137915],[124.839821359228026,8.376546500360828],[124.839912142161538,8.376546077291234],[124.839910867664017,8.376274856524127],[124.84000165052997,8.376274433447577],[124.840000800846823,8.376093619609925],[124.840091583666165,8.376093196521792],[124.840090733960167,8.375912382691659],[124.840181516732883,8.375911959591937],[124.840181091866071,8.375821552680854],[124.840271874613123,8.375821129564919],[124.840271449730125,8.375730722658027],[124.840362232451497,8.375730299525879],[124.840361807552327,8.37563989262318],[124.840543372938953,8.375639046305606],[124.840542948002664,8.375548639411738],[124.840633730667918,8.375548216226317],[124.840634155625139,8.375638623115556],[124.840724938306593,8.375638199904659],[124.840725363289479,8.375728606788828],[124.84081614598712,8.375728183552454],[124.840816570995685,8.37581859043156],[124.840907353709511,8.375818167169706],[124.84090820378276,8.375998980917352],[124.840998986533691,8.375998557625394],[124.840999411598375,8.376088964493931],[124.841271759885416,8.376087694479081],[124.841272185017658,8.376178101333288],[124.841453750560433,8.376177254543228],[124.841456301704923,8.37671969560375],[124.841547084594794,8.376719272149652],[124.841547935056155,8.376900085823747],[124.84163871798313,8.376899662339534],[124.841639568505414,8.377080476002629],[124.841821134428841,8.377079628953123],[124.841821985053841,8.377260442595942],[124.841731202052642,8.377260866140388],[124.841731627351322,8.377351272965782],[124.841640844324445,8.377351696494012],[124.841641269606967,8.377442103323604],[124.841732052654791,8.37744167979074],[124.841732903275954,8.377622493439352],[124.841823686360911,8.377622069876372],[124.841825387744024,8.377983697149848],[124.841916170907965,8.377983273547478],[124.841917021669929,8.37816408717234],[124.842007804870988,8.378163663539853],[124.842008230280044,8.378254070346998],[124.842189796709761,8.378253223010198],[124.842190222165442,8.378343629807638],[124.842371788618024,8.378342782378164],[124.842369661177827,8.377890748432968],[124.8424604442923,8.377890324710132],[124.842460869791765,8.377980731495406],[124.842551652922438,8.377980307747082],[124.842552078447596,8.378070714527285],[124.84282442787385,8.378069443143307],[124.842824853466567,8.378159849909165],[124.842915636620077,8.378159426068169],[124.842916487861672,8.37834023958931],[124.842825704666282,8.378340663439579],[124.842826981501545,8.37861188373194],[124.842736198238597,8.378612307575269],[124.842738751911881,8.379154748176077],[124.842647968518548,8.379155172026374],[124.842650096605695,8.379607205871611],[124.842559313102896,8.379607629724235],[124.842559738713661,8.379698036496618],[124.84283208927063,8.379696764862274],[124.842832514948981,8.379787171620311],[124.843195649042087,8.379785475797339],[124.843196074808944,8.379875882536394],[124.843286858341287,8.379875458523873],[124.843287284133851,8.379965865257853],[124.84346885122612,8.379965017160973],[124.84346927706531,8.380055423885247],[124.844013978353587,8.38005287906625],[124.844014830297581,8.38023369245782],[124.844105613870838,8.380233268239042],[124.844106039870923,8.380323674929535],[124.844196823460365,8.380323250685265],[124.844197675516682,8.380504064055666],[124.844288459143272,8.380503639781258],[124.844288885199518,8.380594046461164],[124.844379668842265,8.380593622161262],[124.84438094710238,8.380864842184453],[124.844290163396778,8.380865266498279],[124.844291441636898,8.38113648653148],[124.844200657863723,8.38113691083837],[124.844201936083849,8.381408130881582],[124.844111152243073,8.381408555181535],[124.844112004371738,8.381589368550781],[124.844021220484279,8.381589792839153],[124.844022072590107,8.381770606215941],[124.843931288656009,8.381771030492732],[124.843932566787558,8.382042250568576],[124.843750998779427,8.38204309908741],[124.843749720773545,8.381771878983736],[124.843023449053391,8.381775272113353],[124.843023023228525,8.381684865374153],[124.842932239263035,8.381685289416851],[124.842931387669466,8.381504475927866],[124.84274981980802,8.381505323932132],[124.842749394060263,8.38141491717772],[124.84284017797242,8.381414493190652],[124.842839752208462,8.381324086440435],[124.842930536094912,8.381323662437149],[124.842930110314768,8.381233255691138],[124.843020894175524,8.381232831671628],[124.843019616800802,8.380961611444897],[124.842928833002887,8.380962035450496],[124.842928407241757,8.380871628702748],[124.842837623460028,8.38087205268285],[124.842836771993959,8.380691239176775],[124.842745988249362,8.380691663126747],[124.842745136844187,8.380510849609657],[124.842654353136737,8.3805112735295],[124.842653927462209,8.380420866765668],[124.842563143770946,8.380421290660014],[124.842562718122153,8.380330883891112],[124.842381150767196,8.380331731607969],[124.842382853223413,8.380693358718064],[124.842292069455013,8.38069378256375],[124.842293346284293,8.380965002905663],[124.842384130115477,8.38096457904607],[124.842384981400656,8.381145392595903],[124.842294197527565,8.381145816464764],[124.842294623156334,8.381236223243663],[124.842203839257522,8.381236647096303],[124.842204690487435,8.381417460662071],[124.842113906542011,8.381417884503124],[124.84211433214314,8.381508291289984],[124.842023548172008,8.381508715114816],[124.842024824941134,8.38177993548671],[124.841934040902402,8.381780359304583],[124.841934892063691,8.38196117289294],[124.841844107978289,8.381961596699222],[124.841845810274123,8.382323223889259],[124.840665615642337,8.382328731713518],[124.840666891597138,8.382599952282163],[124.840394538687235,8.382601222859536]],[[124.843109974790949,8.380870780679968],[124.843200758558396,8.380870356637292],[124.843200332739229,8.380779949903019],[124.843109548992715,8.380780373941057],[124.843109974790949,8.380870780679968]],[[124.842201285681895,8.380694206388579],[124.842292069455013,8.38069378256375],[124.842291218259305,8.380512969000302],[124.842200434528053,8.380513392815857],[124.842201285681895,8.380694206388579]],[[124.841200537166642,8.380246832895187],[124.841472888314485,8.380245562115917],[124.84147246292649,8.380155155290527],[124.841563246612012,8.380154731660358],[124.84156282120783,8.380064324839168],[124.841653604867631,8.380063901192774],[124.841651903214711,8.379702273922204],[124.841742686785992,8.379701850273491],[124.841742261363692,8.379611443459394],[124.841651477813372,8.379611867103472],[124.841650627024904,8.37943105346471],[124.841559843511703,8.379431477078667],[124.841558992784158,8.379250663428895],[124.841377425827204,8.379251510575715],[124.841377000512466,8.379161103740909],[124.841286217047809,8.379161527278406],[124.841285791758722,8.379071120438537],[124.84101344139907,8.379072390912002],[124.841013016177556,8.3789819840578],[124.840740665837941,8.378983254329693],[124.84074364204848,8.37961610239725],[124.840834425646364,8.379615678961716],[124.840835701299241,8.37988689954169],[124.84092648495519,8.379886476071404],[124.840927335456101,8.38006728977995],[124.841018119149183,8.380066866279549],[124.841018544427683,8.380157273128537],[124.841200111841459,8.380156426055899],[124.841200537166642,8.380246832895187]],[[124.839109111664399,8.379533313721865],[124.839290678984469,8.379532467589968],[124.839290254137097,8.37944206064997],[124.839381037769058,8.379441637557369],[124.839380612905501,8.379351230621561],[124.839289829294458,8.379351653709536],[124.839289404456565,8.379261246768662],[124.839198620861708,8.379261669831154],[124.839199045678683,8.379352076776653],[124.839108262058147,8.37935249982292],[124.839109111664399,8.379533313721865]],[[124.841650627024904,8.37943105346471],[124.84183219403711,8.379430206174234],[124.841831768608117,8.37933979936347],[124.841740985125369,8.3793402230145],[124.841740134323558,8.379159409382396],[124.841649350877901,8.379159833003307],[124.841650627024904,8.37943105346471]],[[124.838653494506417,8.379173800794483],[124.839016628887464,8.379172108938391],[124.83901620412189,8.379081701982773],[124.83910698768436,8.379081278971245],[124.83910528858577,8.378719651162921],[124.839196072059707,8.378719228149052],[124.839195647276,8.378628821200511],[124.839104863822968,8.378629244209757],[124.839104014311644,8.378448430302123],[124.839013230895759,8.378448853281263],[124.839012806168157,8.378358446322167],[124.83883123936404,8.378359292208634],[124.838832088740233,8.378540106144902],[124.83874130528919,8.378540529066111],[124.838742579326265,8.37881174998113],[124.838651795807635,8.378812172895369],[124.838653494506417,8.379173800794483]],[[124.838740031294805,8.378269308147182],[124.83883081468305,8.37826888523985],[124.838830390006819,8.378178478270634],[124.838739606639507,8.378178901173335],[124.838740031294805,8.378269308147182]]]}},
{"type":"Feature","properties":{"fid":27,"landuse":11},"geometry":{"type":"Polygon","coordinates":[[[124.841904687482668,8.375542289441746],[124.841904262237179,8.375451882616936],[124.841722697076804,8.37545272954131],[124.841719295618873,8.37472947485303],[124.841810078034001,8.374729051438338],[124.841809227675171,8.374548237771194],[124.841900010043688,8.374547814344925],[124.841899584850466,8.374457407515337],[124.841808802502896,8.37445783093697],[124.841807952172587,8.37427701726722],[124.841898734478335,8.374276593854853],[124.841898309299395,8.374186187023962],[124.842079873854729,8.374185340145981],[124.842080299075519,8.374275746967605],[124.842171081366985,8.374275323492718],[124.842172782381454,8.374636950756331],[124.842263564751875,8.37463652724206],[124.842265265926102,8.374998154480185],[124.842174483471965,8.374998578012992],[124.842175759339767,8.375269798450928],[124.842084976818072,8.375270221976802],[124.842085402095918,8.37536062879321],[124.841994619548558,8.375361052302873],[124.841995044810218,8.375451459123484],[124.842085827378526,8.375451035609188],[124.842086252665879,8.37554144242473],[124.841904687482668,8.375542289441746]]]}},
{"type":"Feature","properties":{"fid":28,"landuse":5},"geometry":{"type":"Polygon","coordinates":[[[124.838530874501402,8.372393699094552],[124.838530450196401,8.372303292083226],[124.838802796231249,8.372302024339794],[124.838803220599019,8.372392431337238],[124.838530874501402,8.372393699094552]]]}},
{"type":"Feature","properties":{"fid":29,"landuse":2},"geometry":{"type":"Polygon","coordinates":[[[124.847154294243452,8.372172649249478],[124.847153867960401,8.372082242677772],[124.847335431001,8.372081393596069],[124.847335857325916,8.372171800158476],[124.847154294243452,8.372172649249478]]]}},
{"type":"Feature","properties":{"fid":30,"landuse":7},"geometry":{"type":"Polygon","coordinates":[[[124.846197473249305,8.381037164688758],[124.846197046729415,8.380946758108522],[124.846106263098122,8.380947182844144],[124.846105836603954,8.380856776258831],[124.846015052988875,8.380857200968947],[124.846012067809738,8.380224354827064],[124.845921284336441,8.380224779483811],[124.845919578708404,8.379863153088877],[124.845828795314119,8.379863577706193],[124.845828368939976,8.379773171101727],[124.8459191523133,8.379772746489056],[124.845918299537374,8.379591933288111],[124.846009082864043,8.379591508663877],[124.846007377285645,8.37922988227535],[124.845916594042706,8.379230306881009],[124.845915741323964,8.379049493674851],[124.845824958118172,8.379049918250365],[124.845824105460366,8.378869105033175],[124.845733322291679,8.37886952957855],[124.845732469694781,8.378688716350338],[124.845641686563226,8.378689140865571],[124.845641260292865,8.37859873424617],[124.845550477177454,8.378599158735909],[124.845548772227431,8.378237532235374],[124.845639555259098,8.378237107764214],[124.845638702770785,8.378056294520626],[124.845729485755783,8.378055870037901],[124.845729059497856,8.377965463420098],[124.845819842457161,8.377965038921166],[124.845818989913681,8.377784225693548],[124.845909772826374,8.377783801183051],[124.845908920260086,8.377602987962987],[124.845818137389273,8.377603412464195],[124.845816432397598,8.377241786000265],[124.845725649605768,8.377242210462047],[124.845724370974835,8.376970990595609],[124.845633588241043,8.376971415022609],[124.845632309715796,8.376700195138328],[124.845541527040041,8.376700619530549],[124.845540248620466,8.376429399628426],[124.845449466002748,8.37642982398587],[124.845444353004268,8.375344944282556],[124.84535357063298,8.375345368563439],[124.8453527185751,8.375164555264179],[124.845261936240888,8.375164979514931],[124.845261084243916,8.374984166204657],[124.845170301946808,8.374984590425276],[124.845169450010758,8.374803777103974],[124.845260232265986,8.37480335289264],[124.845259380307141,8.374622539578885],[124.845350162515757,8.374622115355997],[124.84534931053409,8.374441302049792],[124.845440092696094,8.374440877815344],[124.84543966669149,8.374350471166233],[124.845530448827816,8.374350046915584],[124.845530022807026,8.374259640270685],[124.845620804917687,8.374259216003841],[124.845620378880724,8.374168809363148],[124.845711160965664,8.374168385080109],[124.845710308864199,8.37398757180671],[124.845801090902555,8.373987147512116],[124.845800238778281,8.373806334246265],[124.845891020769997,8.373805909940119],[124.845889316494961,8.373444283421787],[124.845980098398201,8.37344385911338],[124.845978394115676,8.373082232606672],[124.845887612296124,8.373082656896502],[124.845882500156947,8.371997777278958],[124.845973281725449,8.371997353044865],[124.845972855723886,8.371906946411892],[124.846063637266695,8.371906522161604],[124.846063211248975,8.371816115532843],[124.846789463252463,8.371812720817665],[124.846789889437531,8.371903127409261],[124.846971452432612,8.371902278512831],[124.846971878664291,8.3719926850947],[124.847062660175581,8.371992260610583],[124.847063086432954,8.372082667187369],[124.847153867960401,8.372082242677772],[124.847154294243452,8.372172649249478],[124.847335857325916,8.372171800158476],[124.847341826375143,8.373437491986625],[124.847069480865557,8.373438765787075],[124.847070759880765,8.373709985495289],[124.846798414139954,8.373711259150012],[124.846800119309208,8.374072885477311],[124.847072465301125,8.374071611766825],[124.847077582019864,8.37515649053973],[124.846805235274545,8.37515776441751],[124.846808219904617,8.375790610437074],[124.846626655090873,8.37579145964976],[124.846627081443799,8.375881866231538],[124.846354734124645,8.375883139908172],[124.846355160419549,8.375973546503454],[124.846264377949367,8.375973971025289],[124.846264804228113,8.376064377624781],[124.846174021732224,8.376064802130415],[124.846175300534242,8.376336021940221],[124.846538430740324,8.376334323736867],[124.846544400222299,8.377600015870764],[124.846816748706061,8.377598741804215],[124.846821013821739,8.378502807422604],[124.846548664709886,8.378504081628547],[124.846549944149089,8.378775301347407],[124.846277594805898,8.378776575407494],[124.846282712237823,8.379861454411065],[124.846555062334858,8.37986018018373],[124.846558901424558,8.380673839269894],[124.846286550762088,8.380675113622667],[124.846288256896756,8.381036739927634],[124.846197473249305,8.381037164688758]]]}},
{"type":"Feature","properties":{"fid":31,"landuse":2},"geometry":{"type":"Polygon","coordinates":[[[124.846971878664291,8.3719926850947],[124.846971452432612,8.371902278512831],[124.846789889437531,8.371903127409261],[124.846789463252463,8.371812720817665],[124.847061807675146,8.371811447455702],[124.847062660175581,8.371992260610583],[124.846971878664291,8.3719926850947]]]}},
{"type":"Feature","properties":{"fid":32,"landuse":5},"geometry":{"type":"Polygon","coordinates":[[[124.839336453013289,8.369948906926226],[124.839336028648162,8.369858499944826],[124.83942681005702,8.369858077321945],[124.83942723444305,8.369948484298719],[124.839336453013289,8.369948906926226]]]}},
{"type":"Feature","properties":{"fid":33,"landuse":5},"geometry":{"type":"Polygon","coordinates":[[[124.83652222633782,8.369961998047071],[124.836521802621093,8.369871590922314],[124.836612584176962,8.369871168945172],[124.836612160444062,8.369780761824599],[124.836702941974281,8.369780339831244],[124.836702518225209,8.369689932714865],[124.836793299729763,8.369689510705303],[124.836794147274503,8.369870324928391],[124.836884928816147,8.369869902888759],[124.836884505020492,8.369779495782048],[124.8369752865365,8.369779073726205],[124.836975710353059,8.369869480828292],[124.8371572734127,8.36986863664487],[124.837157697275828,8.369959043737278],[124.83652222633782,8.369961998047071]]]}},
{"type":"Feature","properties":{"fid":34,"landuse":11},"geometry":{"type":"Polygon","coordinates":[[[124.836794147274503,8.369870324928391],[124.836793299729763,8.369689510705303],[124.837065644215002,8.369688244551639],[124.837066068047761,8.369778651649536],[124.837156849554262,8.369778229552029],[124.8371572734127,8.36986863664487],[124.836975710353059,8.369869480828292],[124.8369752865365,8.369779073726205],[124.836884505020492,8.369779495782048],[124.836884928816147,8.369869902888759],[124.836794147274503,8.369870324928391]]]}},
{"type":"Feature","properties":{"fid":35,"landuse":5},"geometry":{"type":"Polygon","coordinates":[[[124.839063260095557,8.369769360692757],[124.839062835802679,8.369678953696605],[124.838972054416672,8.369679376226909],[124.838971205886978,8.369498562224047],[124.839061987231148,8.369498139702998],[124.839062411514519,8.369588546700017],[124.839153192874846,8.369588124153511],[124.839153617183925,8.369678531145473],[124.839335179932164,8.369677685980715],[124.839335604287797,8.369768092962984],[124.839063260095557,8.369769360692757]]]}},
{"type":"Feature","properties":{"fid":36,"landuse":11},"geometry":{"type":"Polygon","coordinates":[[[124.838062968135844,8.369412379240599],[124.838062544091983,8.369321972191825],[124.83815332544178,8.369321549888316],[124.838153749506532,8.369411956932463],[124.838062968135844,8.369412379240599]]]}},
{"type":"Feature","properties":{"fid":37,"landuse":5},"geometry":{"type":"Polygon","coordinates":[[[124.837614572853298,8.370589782363968],[124.837613300864774,8.370318561163907],[124.837522519256467,8.3703189833933],[124.83752167132964,8.370138169248511],[124.837430889758423,8.370138591447827],[124.837430465823061,8.370048184370155],[124.837339684268031,8.370048606544017],[124.837339260358306,8.369958199461291],[124.837248478819433,8.369958621609699],[124.837248054935387,8.369868214521915],[124.8371572734127,8.36986863664487],[124.837156849554262,8.369778229552029],[124.837066068047761,8.369778651649536],[124.837065644215002,8.369688244551639],[124.837519551595619,8.369686133878938],[124.837519127663015,8.369595726803722],[124.837882253398476,8.369594037909124],[124.837881829387001,8.369503630851966],[124.837972610788086,8.369503208580866],[124.83797218676041,8.369412801527902],[124.838153749506532,8.369411956932463],[124.838152901381761,8.369231142843732],[124.838334464025237,8.36923029818348],[124.838334888127093,8.369320705218813],[124.838425669462637,8.36932028285282],[124.838426093590144,8.36941068988309],[124.838516874941845,8.369410267491642],[124.838517299095017,8.369500674516859],[124.838426517722382,8.369501096912932],[124.838427366001113,8.369681910971311],[124.83833658458191,8.369682333355804],[124.838337432837776,8.369863147421698],[124.838246651372003,8.369863569794617],[124.838247499605032,8.370044383868024],[124.838156718092662,8.370044806229362],[124.838158414531961,8.370406434389469],[124.838067632931185,8.370406856748472],[124.838068057031961,8.370497263792041],[124.837704930497779,8.370498953038245],[124.837705354519613,8.370589360099874],[124.837614572853298,8.370589782363968]]]}},
{"type":"Feature","properties":{"fid":38,"landuse":2},"geometry":{"type":"Polygon","coordinates":[[[124.838152901381761,8.369231142843732],[124.838151629230182,8.368959921707377],[124.83824241049156,8.368959499401539],[124.838243258629703,8.369140313483626],[124.838334039928142,8.369139891147714],[124.838334464025237,8.36923029818348],[124.838152901381761,8.369231142843732]]]}},
{"type":"Feature","properties":{"fid":39,"landuse":2},"geometry":{"type":"Polygon","coordinates":[[[124.836971896174617,8.36905581689391],[124.836971472400691,8.368965409787922],[124.837153035042007,8.368964565696944],[124.837153458857742,8.369054972793689],[124.836971896174617,8.36905581689391]]]}},
{"type":"Feature","properties":{"fid":40,"landuse":5},"geometry":{"type":"Polygon","coordinates":[[[124.836426784363013,8.368967941560983],[124.836426360719315,8.368877534426835],[124.836517142049871,8.368877112521348],[124.836517565714459,8.368967519650875],[124.836426784363013,8.368967941560983]]]}},
{"type":"Feature","properties":{"fid":41,"landuse":7},"geometry":{"type":"Polygon","coordinates":[[[124.835973301078425,8.369060457955916],[124.835972030461079,8.368789236484165],[124.836153593123015,8.368788392869879],[124.836154016699211,8.368878800018326],[124.836335579384027,8.368877956311493],[124.836336003006807,8.368968363450263],[124.836426784363013,8.368967941560983],[124.836427208011415,8.369058348694702],[124.835973301078425,8.369060457955916]]]}},
{"type":"Feature","properties":{"fid":42,"landuse":7},"geometry":{"type":"Polygon","coordinates":[[[124.835699686432662,8.368790501749386],[124.835699262965747,8.368700094577409],[124.835880825614296,8.368699251097325],[124.83588124912302,8.368789658260065],[124.835699686432662,8.368790501749386]]]}},
{"type":"Feature","properties":{"fid":43,"landuse":7},"geometry":{"type":"Polygon","coordinates":[[[124.836793299729763,8.369689510705303],[124.836792875964505,8.369599103593107],[124.836702094480856,8.369599525598046],[124.836701670741249,8.369509118480796],[124.836247763356496,8.369511228169952],[124.836246916100649,8.369330413887942],[124.836519260420246,8.369329148164658],[124.83651841305786,8.369148333908637],[124.836609194446439,8.369147911968458],[124.83660877075144,8.369057504844417],[124.837153458857742,8.369054972793689],[124.837152611231019,8.368874158599768],[124.837243392523661,8.368873736527659],[124.837242544874059,8.368692922341241],[124.837333326120145,8.368692500257554],[124.837332902281531,8.368602093168317],[124.837786808336162,8.368599982460575],[124.837786384397731,8.368509575394025],[124.838058727910877,8.368508308733331],[124.83805915191202,8.368598715786005],[124.838149933094499,8.368598293519497],[124.838151205189149,8.368869514661059],[124.838241986429608,8.368869092359846],[124.83824241049156,8.368959499401539],[124.838151629230182,8.368959921707377],[124.83815332544178,8.369321549888316],[124.838062544091983,8.369321972191825],[124.838062968135844,8.369412379240599],[124.83797218676041,8.369412801527902],[124.837972610788086,8.369503208580866],[124.837881829387001,8.369503630851966],[124.837882253398476,8.369594037909124],[124.837519127663015,8.369595726803722],[124.837519551595619,8.369686133878938],[124.836793299729763,8.369689510705303]]]}},
{"type":"Feature","properties":{"fid":44,"landuse":11},"geometry":{"type":"Polygon","coordinates":[[[124.843324877865314,8.36866459668529],[124.84332445264647,8.368574189901658],[124.843415233553415,8.368573766427197],[124.843414808318443,8.368483359647767],[124.843687150948,8.368482089113334],[124.843687576245713,8.368572495878842],[124.843596795353037,8.368572919415788],[124.843597220634592,8.368663326185505],[124.843324877865314,8.36866459668529]]]}},
{"type":"Feature","properties":{"fid":45,"landuse":11},"geometry":{"type":"Polygon","coordinates":[[[124.839989756694493,8.373743039562351],[124.83998890727726,8.373562225700379],[124.839898125039184,8.373562648638046],[124.839897275682816,8.373381834765075],[124.839806493481831,8.373382257672642],[124.839805644186299,8.373201443788679],[124.839714862022419,8.373201866666149],[124.839714437402691,8.373111459718883],[124.839623655254982,8.373111882570884],[124.839623230660933,8.373021475618561],[124.839441666393128,8.373022321250794],[124.839441241845662,8.372931914288779],[124.839350459725566,8.372932337069011],[124.839350035203779,8.372841930101931],[124.839259253099854,8.372842352856695],[124.839258404112385,8.372661538911979],[124.839167622045565,8.372661961636656],[124.839167197579854,8.37257155465902],[124.838985633473797,8.372572400036601],[124.838985209054712,8.372481993049274],[124.838894427015489,8.37248241570218],[124.838894002622041,8.372392008709797],[124.838803220599019,8.372392431337238],[124.838802796231249,8.372302024339794],[124.83825810411885,8.372304559639135],[124.838257679881366,8.372214152613498],[124.838166897866969,8.372214575085836],[124.83816647365515,8.372124168055141],[124.838075691656897,8.37212459050202],[124.838075267470742,8.372034183466265],[124.83798448548869,8.372034605887682],[124.837983637172456,8.371853791805622],[124.837892855227494,8.371854214196958],[124.83789243109743,8.37176380715065],[124.83780164916864,8.371764229516527],[124.837801225064226,8.37167382246516],[124.837619661234257,8.371674667125156],[124.837619237176426,8.371584260064113],[124.837528455275276,8.371584682358232],[124.837528031243096,8.371494275292129],[124.837346467468365,8.371495119808621],[124.837347315453769,8.371675933958885],[124.837256533517447,8.371676356195128],[124.837257381479972,8.371857170352898],[124.837166599497067,8.37185759257755],[124.837167023464517,8.371947999660408],[124.837076241455961,8.371948421868845],[124.837071578304887,8.370953943882693],[124.836799232941118,8.370955210230475],[124.836796690022481,8.370412767587244],[124.836251999920009,8.370415299553965],[124.836247763356496,8.369511228169952],[124.836701670741249,8.369509118480796],[124.836702094480856,8.369599525598046],[124.836792875964505,8.369599103593107],[124.836793299729763,8.369689510705303],[124.836702518225209,8.369689932714865],[124.836702941974281,8.369780339831244],[124.836612160444062,8.369780761824599],[124.836612584176962,8.369871168945172],[124.836521802621093,8.369871590922314],[124.83652222633782,8.369961998047071],[124.837157697275828,8.369959043737278],[124.8371572734127,8.36986863664487],[124.837248054935387,8.369868214521915],[124.837248478819433,8.369958621609699],[124.837339260358306,8.369958199461291],[124.837339684268031,8.370048606544017],[124.837430465823061,8.370048184370155],[124.837430889758423,8.370138591447827],[124.83752167132964,8.370138169248511],[124.837522519256467,8.3703189833933],[124.837613300864774,8.370318561163907],[124.837614572853298,8.370589782363968],[124.837705354519613,8.370589360099874],[124.837704930497779,8.370498953038245],[124.838068057031961,8.370497263792041],[124.838067632931185,8.370406856748472],[124.838158414531961,8.370406434389469],[124.838156718092662,8.370044806229362],[124.838247499605032,8.370044383868024],[124.838246651372003,8.369863569794617],[124.838337432837776,8.369863147421698],[124.83833658458191,8.369682333355804],[124.838427366001113,8.369681910971311],[124.838426517722382,8.369501096912932],[124.838517299095017,8.369500674516859],[124.838516874941845,8.369410267491642],[124.838426093590144,8.36941068988309],[124.838425669462637,8.36932028285282],[124.838334888127093,8.369320705218813],[124.838334039928142,8.369139891147714],[124.838243258629703,8.369140313483626],[124.838241562372389,8.368778685317718],[124.838332343587197,8.368778263000303],[124.83833191951382,8.368687855962367],[124.838241138319916,8.368688278275155],[124.838240714272217,8.36859787123216],[124.838331495445189,8.368597448923994],[124.838329375173203,8.368145413725632],[124.838783280444105,8.368143301988059],[124.838783704593595,8.368233709005466],[124.838874485654443,8.368233286590849],[124.83887490982957,8.3683236936032],[124.838965690906605,8.368323271163129],[124.838970357376255,8.369317748219448],[124.838879576069175,8.369318170710416],[124.838880424538061,8.369498984724267],[124.838971205886978,8.369498562224047],[124.838972054416672,8.369679376226909],[124.839062835802679,8.369678953696605],[124.839063260095557,8.369769360692757],[124.839426385675708,8.369767670344736],[124.83942681005702,8.369858077321945],[124.839517591461089,8.369857654678237],[124.839518015868038,8.369948061650382],[124.839608797288292,8.369947638981214],[124.83960922172092,8.3700380459483],[124.839700003157361,8.370037623253676],[124.839700427615639,8.370128030215694],[124.839881990516076,8.370127184754695],[124.839882415020952,8.370217591707025],[124.839973196484934,8.370217168940647],[124.839973621015474,8.370307575887914],[124.840155183971092,8.37030673028341],[124.840155608548216,8.370397137220982],[124.840246390039823,8.370396714382853],[124.840246814642597,8.370487121315364],[124.840337596150377,8.370486698451774],[124.84033802077883,8.370577105379216],[124.840428802302739,8.370576682490162],[124.840429226956857,8.370667089412542],[124.840520008496981,8.370666666498028],[124.840520433176749,8.370757073415341],[124.84061121473303,8.370756650475363],[124.840612913583342,8.371118278121758],[124.840703695218551,8.371117855142421],[124.840705394228536,8.371479482763345],[124.840796175942643,8.371479059744651],[124.840797025517986,8.371659873543246],[124.840887807269226,8.371659450494455],[124.840889081730609,8.371930671175196],[124.840798299916628,8.371931094237882],[124.840799999181328,8.372292721824651],[124.840709217278928,8.372293144885028],[124.840710066897927,8.37247395868507],[124.840619284948929,8.372474381733872],[124.840619709744644,8.372564788637877],[124.840528927769967,8.372565211670473],[124.840529352549481,8.372655618578669],[124.840438570549139,8.372656041595063],[124.840438145790515,8.372565634682234],[124.840347363806345,8.372566057673158],[124.840347788544022,8.372656464590616],[124.840257006534173,8.372656887565336],[124.84025785598196,8.37283770140821],[124.840348638033674,8.372837278424232],[124.840349487542298,8.373018092256112],[124.840440269631074,8.373017669242035],[124.840441968789023,8.373379296882064],[124.84035118661653,8.373379719914663],[124.840352036182153,8.37356053374133],[124.84026125396305,8.373560956762352],[124.840261678732062,8.373651363679665],[124.84017089648728,8.373651786684478],[124.840171321240135,8.373742193605988],[124.839989756694493,8.373743039562351]],[[124.839336453013289,8.369948906926226],[124.83942723444305,8.369948484298719],[124.83942681005702,8.369858077321945],[124.839336028648162,8.369858499944826],[124.839336453013289,8.369948906926226]]]}},
{"type":"Feature","properties":{"fid":46,"landuse":5},"geometry":{"type":"Polygon","coordinates":[[[124.837239578249878,8.368060072675123],[124.837239154465394,8.367969665578228],[124.837329935544147,8.367969243531521],[124.837330359349551,8.368059650623792],[124.837239578249878,8.368060072675123]]]}},
{"type":"Feature","properties":{"fid":47,"landuse":11},"geometry":{"type":"Polygon","coordinates":[[[124.83651841305786,8.369148333908637],[124.836517989383808,8.369057926779973],[124.836427208011415,8.369058348694702],[124.836426784363013,8.368967941560983],[124.836336003006807,8.368968363450263],[124.836335579384027,8.368877956311493],[124.836154016699211,8.368878800018326],[124.836153593123015,8.368788392869879],[124.83588124912302,8.368789658260065],[124.835880825614296,8.368699251097325],[124.835699262965747,8.368700094577409],[124.835698416046171,8.368519280232157],[124.835789197330982,8.368518858511768],[124.835788773857388,8.368428451343107],[124.836151898865609,8.36842676427176],[124.836151475313102,8.368336357121146],[124.836333037746954,8.368335513469754],[124.836332614157342,8.368245106327944],[124.8365141765304,8.368244262602486],[124.836513752903727,8.368153855469485],[124.836695315216033,8.368153011669964],[124.836694891552256,8.368062604545774],[124.836785672680378,8.368062182619395],[124.836785249000442,8.367971775499388],[124.836876030102914,8.367971353556808],[124.836875606406807,8.367880946440991],[124.837238730685641,8.367879258480897],[124.837243392523661,8.368873736527659],[124.837152611231019,8.368874158599768],[124.837153035042007,8.368964565696944],[124.836971472400691,8.368965409787922],[124.836971896174617,8.36905581689391],[124.83660877075144,8.369057504844417],[124.836609194446439,8.369147911968458],[124.83651841305786,8.369148333908637]],[[124.836426784363013,8.368967941560983],[124.836517565714459,8.368967519650875],[124.836517142049871,8.368877112521348],[124.836426360719315,8.368877534426835],[124.836426784363013,8.368967941560983]]]}},
{"type":"Feature","properties":{"fid":48,"landuse":7},"geometry":{"type":"Polygon","coordinates":[[[124.837329511743505,8.367878836438811],[124.837328664156402,8.3676980222521],[124.837601007176048,8.367696756028629],[124.837601854888618,8.367877570187606],[124.837329511743505,8.367878836438811]]]}},
{"type":"Feature","properties":{"fid":49,"landuse":5},"geometry":{"type":"Polygon","coordinates":[[[124.843319350391596,8.367489308464217],[124.843318925234612,8.367398901674939],[124.843500486500048,8.367398054825777],[124.843500911698868,8.367488461605776],[124.843319350391596,8.367489308464217]]]}},
{"type":"Feature","properties":{"fid":50,"landuse":5},"geometry":{"type":"Polygon","coordinates":[[[124.842508274335927,8.368758813884927],[124.842507849300546,8.368668407059996],[124.842417068325148,8.368668830330829],[124.842416643315431,8.368578423500828],[124.842325862356191,8.3685788467462],[124.842324162448563,8.368217219403316],[124.842414943324172,8.36821679617649],[124.842414093357092,8.368035982511715],[124.842504874186119,8.368035559273332],[124.842503599208385,8.367764338786824],[124.842594379969924,8.367763915541525],[124.842593954965963,8.367673508716456],[124.842684735701837,8.367673085454966],[124.842684310681719,8.367582678634101],[124.842775091391914,8.367582255356425],[124.842774666355638,8.36749184853976],[124.843319350391596,8.367489308464217],[124.84331977555334,8.367579715253056],[124.843410556230253,8.36757929182961],[124.843410981417676,8.36766969861338],[124.843320200719845,8.367670122041462],[124.843321051067107,8.367850935616971],[124.843411831806776,8.367850512179615],[124.843412257008438,8.367940918962081],[124.843503037764251,8.367940495499257],[124.843502612541656,8.367850088721427],[124.84368417399719,8.367849241742585],[124.843683748737533,8.367758834973602],[124.843774529437226,8.367758411457581],[124.843774104161412,8.367668004692799],[124.843683323482622,8.367668428204182],[124.843682472987112,8.367487614664039],[124.843591692345385,8.36748803814532],[124.843590841910711,8.367307224594168],[124.8438631836962,8.36730595411569],[124.843863608973862,8.367396360877565],[124.843954389580418,8.367395937338452],[124.843954814883787,8.367486344095258],[124.844045595506486,8.367485920530683],[124.844047722199178,8.367937954284995],[124.843956941471916,8.367938377872767],[124.843958642828085,8.368300004886965],[124.844049423638992,8.368299581280633],[124.8440506997688,8.368570801522804],[124.843778357133615,8.368572072321072],[124.843778782457008,8.368662479081513],[124.843597220634592,8.368663326185505],[124.843596795353037,8.368572919415788],[124.843687576245713,8.368572495878842],[124.843687150948,8.368482089113334],[124.843414808318443,8.368483359647767],[124.843415233553415,8.368573766427197],[124.84332445264647,8.368574189901658],[124.843324877865314,8.36866459668529],[124.84314331599532,8.368665443581014],[124.843143741177087,8.368755850373487],[124.842508274335927,8.368758813884927]]]}},
{"type":"Feature","properties":{"fid":51,"landuse":5},"geometry":{"type":"Polygon","coordinates":[[[124.838055336072429,8.36778505229627],[124.838053640267034,8.367423424067328],[124.83814442117766,8.367423001860939],[124.838143573261604,8.367242187753114],[124.838415915839562,8.367240921036759],[124.838417611941537,8.367602549195169],[124.838326831003329,8.36760297147328],[124.838327255019792,8.367693378516424],[124.838145693087299,8.367694223019424],[124.8381461170667,8.36778463007138],[124.838055336072429,8.36778505229627]]]}},
{"type":"Feature","properties":{"fid":52,"landuse":11},"geometry":{"type":"Polygon","coordinates":[[[124.844040491929434,8.366401039476068],[124.844040066662274,8.366310632718696],[124.844130847008415,8.366310209193612],[124.844131272296494,8.366400615946347],[124.844040491929434,8.366401039476068]]]}},
{"type":"Feature","properties":{"fid":53,"landuse":11},"geometry":{"type":"Polygon","coordinates":[[[124.843412257008438,8.367940918962081],[124.843411831806776,8.367850512179615],[124.843321051067107,8.367850935616971],[124.843320200719845,8.367670122041462],[124.843410981417676,8.36766969861338],[124.843410556230253,8.36757929182961],[124.84331977555334,8.367579715253056],[124.843319350391596,8.367489308464217],[124.842774666355638,8.36749184853976],[124.842775091391914,8.367582255356425],[124.842684310681719,8.367582678634101],[124.842684735701837,8.367673085454966],[124.842593954965963,8.367673508716456],[124.842593104972266,8.367492695065019],[124.842320762861547,8.367493964696724],[124.842320337934581,8.367403557856445],[124.842138776545482,8.367404404164192],[124.842138351665085,8.367313997314216],[124.841956790298781,8.367314843529396],[124.841956365464938,8.36722443666971],[124.841865584795585,8.367224859741436],[124.841864735183975,8.367044046011493],[124.84177395455167,8.367044469053122],[124.841772680232637,8.36677324844106],[124.84186346080223,8.366772825413332],[124.841863885591394,8.366863232279819],[124.841954666177145,8.366862809226637],[124.841953816561755,8.366681995502493],[124.842226158164976,8.366680726245811],[124.842225733301703,8.366590319396993],[124.841953391761166,8.366591588639769],[124.841952966965366,8.366501181776615],[124.842225308443162,8.366499912547743],[124.842224883589395,8.366409505698059],[124.841952542174326,8.366410774913025],[124.841951267829671,8.366139554319652],[124.842132828652353,8.366138708224966],[124.842133253470976,8.366229115080589],[124.842314814316452,8.366228268893355],[124.842315664051569,8.366409082584759],[124.842406444508995,8.36640865945064],[124.842406869404584,8.366499066291054],[124.842497649878155,8.366498643131479],[124.842498074799423,8.366589049966823],[124.842588855289137,8.366588626781789],[124.842589280236055,8.366679033612062],[124.842861621739445,8.366677763918123],[124.842862046753837,8.366768170734058],[124.843043607774149,8.366767324158049],[124.843044032835095,8.366857730964274],[124.843134813359015,8.366857307640396],[124.843135238445655,8.366947714441549],[124.843226018985732,8.366947291092215],[124.843226444098036,8.367037697888298],[124.843317224654243,8.367037274513502],[124.843317649792183,8.367127681304513],[124.843589991495065,8.367126411041276],[124.843590416700494,8.367216817817937],[124.843681197279523,8.367216394350573],[124.84368162251063,8.367306801122163],[124.843590841910711,8.367307224594168],[124.843591692345385,8.36748803814532],[124.843682472987112,8.367487614664039],[124.843683323482622,8.367668428204182],[124.843774104161412,8.367668004692799],[124.843774529437226,8.367758411457581],[124.843683748737533,8.367758834973602],[124.84368417399719,8.367849241742585],[124.843502612541656,8.367850088721427],[124.843503037764251,8.367940495499257],[124.843412257008438,8.367940918962081]],[[124.843319350391596,8.367489308464217],[124.843500911698868,8.367488461605776],[124.843500486500048,8.367398054825777],[124.843318925234612,8.367398901674939],[124.843319350391596,8.367489308464217]]]}},
{"type":"Feature","properties":{"fid":54,"landuse":11},"geometry":{"type":"Polygon","coordinates":[[[124.841405311321964,8.365870871423322],[124.841404886689588,8.365780464528891],[124.841495667048221,8.365780041635418],[124.841496091701487,8.365870448525211],[124.841405311321964,8.365870871423322]]]}},
{"type":"Feature","properties":{"fid":55,"landuse":5},"geometry":{"type":"Polygon","coordinates":[[[124.83541379577791,8.365898736665399],[124.835412949277483,8.36571792226554],[124.83550372992832,8.365717500750792],[124.835504576470555,8.365898315141415],[124.83541379577791,8.365898736665399]]]}},
{"type":"Feature","properties":{"fid":56,"landuse":11},"geometry":{"type":"Polygon","coordinates":[[[124.84403708992545,8.365677785404941],[124.844036664696361,8.365587378644097],[124.844127444875255,8.365586955156132],[124.844127870125234,8.365677361912336],[124.84403708992545,8.365677785404941]]]}},
{"type":"Feature","properties":{"fid":57,"landuse":11},"geometry":{"type":"Polygon","coordinates":[[[124.841131696460224,8.365600919266443],[124.841131271904842,8.365510512356813],[124.841222052214974,8.365510089539697],[124.841222476791273,8.365600496444692],[124.841131696460224,8.365600919266443]]]}},
{"type":"Feature","properties":{"fid":58,"landuse":2},"geometry":{"type":"Polygon","coordinates":[[[124.841494817755944,8.365599227854522],[124.84149439311696,8.365508820963425],[124.84158517340812,8.365508398063032],[124.841585598068022,8.365598804949496],[124.841494817755944,8.365599227854522]]]}},
{"type":"Feature","properties":{"fid":59,"landuse":11},"geometry":{"type":"Polygon","coordinates":[[[124.841495667048221,8.365780041635418],[124.841494817755944,8.365599227854522],[124.841404037439148,8.36559965073873],[124.841403188207721,8.365418836946835],[124.84167552901846,8.365417568259554],[124.841674255018802,8.365146347610157],[124.841946595598642,8.365145078777211],[124.841947020323147,8.365235485646874],[124.842219360922925,8.365234216612661],[124.842221060119329,8.365595844031363],[124.842130279840532,8.365596267082125],[124.842130704630634,8.365686673940349],[124.841858363703025,8.365687942981623],[124.841858788435175,8.36577834985332],[124.841495667048221,8.365780041635418]],[[124.841494817755944,8.365599227854522],[124.841585598068022,8.365598804949496],[124.84158517340812,8.365508398063032],[124.84149439311696,8.365508820963425],[124.841494817755944,8.365599227854522]]]}},
{"type":"Feature","properties":{"fid":60,"landuse":5},"geometry":{"type":"Polygon","coordinates":[[[124.843545371399216,8.357633697077643],[124.84354452200165,8.357452883431936],[124.843635300323896,8.357452460465534],[124.843636149763213,8.357633274101964],[124.843545371399216,8.357633697077643]]]}},
{"type":"Feature","properties":{"fid":61,"landuse":5},"geometry":{"type":"Polygon","coordinates":[[[124.844090041511791,8.357631158911584],[124.844089191863631,8.357450345321547],[124.844179970157299,8.357449922230352],[124.844179545319491,8.357359515439324],[124.844270323587509,8.357359092331972],[124.844271173309679,8.35753990590432],[124.844180394999896,8.357540329020948],[124.844180819847239,8.357630735811112],[124.844090041511791,8.357631158911584]]]}},
{"type":"Feature","properties":{"fid":62,"landuse":11},"geometry":{"type":"Polygon","coordinates":[[[124.834844577974707,8.360657645465196],[124.83484204093061,8.360115201943318],[124.834569702751466,8.360116465129273],[124.834558289854201,8.357675468713847],[124.835102962786053,8.357672942902555],[124.835100849038753,8.357220906633152],[124.835191627739732,8.357220485614892],[124.835194587165276,8.357853336356698],[124.835103808318124,8.357853757407279],[124.835107190635796,8.358577015408855],[124.835016411616778,8.358577436475571],[124.835019794070433,8.35930069448635],[124.834929014879592,8.359301115569197],[124.834929860498576,8.359481930076795],[124.835020639731198,8.359481508984711],[124.835021908257843,8.359752730729001],[124.835112687548403,8.359752309602262],[124.835116493572087,8.360565974770175],[124.835025714093518,8.360566395938468],[124.835026136987835,8.360656803181799],[124.834844577974707,8.360657645465196]]]}},
{"type":"Feature","properties":{"fid":63,"landuse":2},"geometry":{"type":"Polygon","coordinates":[[[124.843906360950768,8.357179971025388],[124.843905936189856,8.357089564219145],[124.843996714409514,8.357089141188103],[124.843997139191302,8.357179547989711],[124.843906360950768,8.357179971025388]]]}},
{"type":"Feature","properties":{"fid":64,"landuse":5},"geometry":{"type":"Polygon","coordinates":[[[124.844455279446393,8.358081500259608],[124.844454854512605,8.357991093485532],[124.844273297698408,8.357991939827597],[124.844272447928645,8.357811126259586],[124.844181669556207,8.357811549390137],[124.844181244699342,8.357721142600838],[124.84427202305092,8.35772071947493],[124.844271173309679,8.35753990590432],[124.844361951614744,8.357539482766887],[124.844360676975953,8.357268262421636],[124.844451455213587,8.357267839277329],[124.844449755678326,8.356906212162826],[124.844540533827669,8.356905789016281],[124.844541808534615,8.357177009338887],[124.844723364944315,8.357176162955565],[124.844723789897927,8.357266569719616],[124.844814568116533,8.357266146492117],[124.84481669306038,8.357718180282674],[124.844453579739778,8.357719873160709],[124.84445442958355,8.357900686711027],[124.844545207962625,8.357900263513432],[124.84454605786722,8.358081077052734],[124.844455279446393,8.358081500259608]]]}},
{"type":"Feature","properties":{"fid":65,"landuse":5},"geometry":{"type":"Polygon","coordinates":[[[124.843360417515029,8.356911288299166],[124.843359992893696,8.356820881463781],[124.843450771079247,8.356820458571443],[124.843451195721471,8.356910865402188],[124.843360417515029,8.356911288299166]]]}},
{"type":"Feature","properties":{"fid":66,"landuse":5},"geometry":{"type":"Polygon","coordinates":[[[124.843635300323896,8.357452460465534],[124.843634450903593,8.357271646827371],[124.843725229179284,8.357271223849448],[124.843724379736258,8.357090410218827],[124.843633601502319,8.357090833187474],[124.84363402620059,8.357181240007636],[124.843543247940985,8.357181662960123],[124.843542823263633,8.357091256135323],[124.843452045020172,8.357091679062373],[124.843451620368441,8.357001272232495],[124.843542398591012,8.357000849310085],[124.843541973923152,8.356910442484413],[124.843814308499674,8.356909173606306],[124.843813883773919,8.356818766794117],[124.844086218244954,8.356817497742755],[124.844085793461332,8.356727090944052],[124.844176571587937,8.356726667889978],[124.844177846015768,8.356997888270868],[124.844087067826493,8.356998311338863],[124.844087917427075,8.357179124933234],[124.843997139191302,8.357179547989711],[124.843997563977837,8.35726995479089],[124.843816007450229,8.357270800850726],[124.843816432199773,8.357361207660746],[124.843725653907939,8.357361630664107],[124.843726078641353,8.357452037478334],[124.843635300323896,8.357452460465534]],[[124.843906360950768,8.357179971025388],[124.843997139191302,8.357179547989711],[124.843996714409514,8.357089141188103],[124.843905936189856,8.357089564219145],[124.843906360950768,8.357179971025388]]]}},
{"type":"Feature","properties":{"fid":67,"landuse":5},"geometry":{"type":"Polygon","coordinates":[[[124.846015952896764,8.361780977041823],[124.846009571134786,8.360424876835708],[124.845918792247048,8.360425300496134],[124.845916665335679,8.359973267049192],[124.84582588654763,8.359973690665592],[124.845822058595303,8.359160030391974],[124.845912837195343,8.35915960681737],[124.845909860019574,8.358526759946114],[124.846000638468652,8.358526336383219],[124.846000213156003,8.358435929690236],[124.845909434727801,8.358436353248486],[124.845907308340415,8.357984319753843],[124.845816530011902,8.357984743268071],[124.845812703002608,8.357171082908602],[124.845903481143168,8.357170659436173],[124.845903055922861,8.35708025273204],[124.845812277803176,8.357080676199828],[124.845811852608492,8.35699026949062],[124.8459026307073,8.356989846027478],[124.845900929892707,8.356628219204884],[124.845991707903224,8.35662779573952],[124.845990432279635,8.356356575631956],[124.84589965433176,8.356356999083387],[124.845897103338487,8.355814558828689],[124.845987881161108,8.355814135405124],[124.845990007081312,8.356266168928569],[124.846262340833704,8.356264898463435],[124.846263616630907,8.356536118530496],[124.846808284382931,8.35653357695513],[124.846812113159459,8.357347236882029],[124.847084447534954,8.357345965688134],[124.847087000643015,8.357888405536251],[124.847359335351513,8.357887134071515],[124.84736188900709,8.358429573820363],[124.847089553922643,8.358430845368753],[124.847092532965746,8.35906369182028],[124.846820197399794,8.359064963279046],[124.846822750675202,8.359607403161375],[124.846278078662664,8.359609945684495],[124.846279354988695,8.359881165703429],[124.846551691204425,8.359879894493675],[124.84655296776134,8.3601511144669],[124.846825304122206,8.36014984302809],[124.846829134614353,8.360963502798889],[124.846556797689445,8.360964774363147],[124.846559351189271,8.361507214274463],[124.846287013845384,8.361508485735072],[124.846288290471563,8.361779705726684],[124.846015952896764,8.361780977041823]]]}},
{"type":"Feature","properties":{"fid":68,"landuse":5},"geometry":{"type":"Polygon","coordinates":[[[124.843440156569756,8.354560287662025],[124.843438883028412,8.354289067134694],[124.843529660624625,8.354288644351426],[124.843529236099471,8.354198237512753],[124.843983123904707,8.35419612330775],[124.843983548534254,8.354286530123227],[124.844255881222935,8.354285261336821],[124.844256305919856,8.354375668137946],[124.844437861063582,8.354374822167109],[124.844438285807001,8.354465228958521],[124.843802842574476,8.354468189525091],[124.84380326717654,8.354558596348548],[124.843712489531981,8.354559019208104],[124.843712064950807,8.354468612380005],[124.843621287322364,8.354469035214134],[124.843621711882648,8.354559442046869],[124.843440156569756,8.354560287662025]]]}},
{"type":"Feature","properties":{"fid":69,"landuse":11},"geometry":{"type":"Polygon","coordinates":[[[124.834822595921807,8.355956467757302],[124.834820060354915,8.355414024100233],[124.834547725433794,8.355415286566078],[124.834541388201728,8.354059177147462],[124.834904500167767,8.354057494095045],[124.834899007676086,8.352882199426793],[124.835171340786829,8.352880937099242],[124.835184018853823,8.355593155038481],[124.835093240528721,8.355593575973632],[124.835093663183471,8.355683983236178],[124.835184441529449,8.355683562296409],[124.835184864209822,8.355773969553901],[124.835094085842954,8.355774390498288],[124.835094931176116,8.355955205021212],[124.834822595921807,8.355956467757302]]]}},
{"type":"Feature","properties":{"fid":70,"landuse":5},"geometry":{"type":"Polygon","coordinates":[[[124.845896678189618,8.355724152118055],[124.845895402771575,8.355452931983557],[124.845804625027739,8.35545335536775],[124.845804199918803,8.35536294865074],[124.845622644458587,8.35536379534746],[124.845622219396148,8.355273388620731],[124.845440663958655,8.355274235224989],[124.845440238942743,8.355183828488537],[124.845349461237731,8.355184251754833],[124.845349036247455,8.355093845013307],[124.845167480864902,8.355094691474239],[124.845167055921138,8.355004284722995],[124.845076278243596,8.35500470791763],[124.845075853325483,8.354914301161308],[124.844985075664027,8.354914724330508],[124.844984650771565,8.354824317569109],[124.844893873126253,8.354824740712875],[124.844893448259413,8.354734333946405],[124.844711892996244,8.354735180162281],[124.844711468175944,8.354644773386092],[124.844620690558088,8.3546451964582],[124.844620265763396,8.354554789676937],[124.844438710555195,8.354555635749499],[124.844438285807001,8.354465228958521],[124.844710618549556,8.35446395983241],[124.844711043360377,8.354554366609468],[124.844892598540014,8.354553520412159],[124.844893023397333,8.354643927179497],[124.845165356193746,8.354642657713672],[124.845165781118439,8.354733064466654],[124.845347336334001,8.35473221804286],[124.84534776130522,8.35482262478612],[124.845529316543477,8.354821778269876],[124.84552889153052,8.354731371535902],[124.845438113934634,8.354731794799777],[124.8454376889473,8.354641388060724],[124.84552846652231,8.354640964801492],[124.845526766537077,8.354279337859523],[124.845617544023796,8.354278914598071],[124.845616694018005,8.354098101133774],[124.845525916573024,8.354098524385934],[124.845525066628056,8.353917710910618],[124.845615844031258,8.353917287667741],[124.845614994063567,8.353736474199975],[124.845705771420285,8.353736050945596],[124.845705346422719,8.353645644215707],[124.845614569086891,8.353646067465444],[124.845614144114933,8.353555660730478],[124.845704921429899,8.353555237485386],[124.84570449644184,8.353464830754628],[124.845613719147764,8.353465253995079],[124.845612869227679,8.353284440522978],[124.845703646480032,8.353284017291818],[124.845702796537267,8.353103203827272],[124.845612019326651,8.353103627049149],[124.84561074451085,8.352832406835148],[124.845519967358086,8.352832830022304],[124.845518267753832,8.35247120304567],[124.845609044823078,8.352470779877088],[124.845607345211533,8.352109152912092],[124.845698122192573,8.352108729741296],[124.845700671763694,8.35265117015833],[124.845973003053871,8.352649900437644],[124.845974278091575,8.352921120598513],[124.84624660952673,8.352919850648947],[124.846247884795133,8.353191070764115],[124.845975553172153,8.353192340755482],[124.845983204555779,8.354819661615407],[124.846255537306007,8.354818391373223],[124.846258513699311,8.355451238238844],[124.84598618051065,8.355452508578567],[124.845987455991349,8.355723728699136],[124.845896678189618,8.355724152118055]]]}},
{"type":"Feature","properties":{"fid":71,"landuse":11},"geometry":{"type":"Polygon","coordinates":[[[124.834621605991927,8.351798573950035],[124.834616538142782,8.350713686270463],[124.834344206449416,8.350714947891525],[124.834342939781436,8.350443725920352],[124.834887602750001,8.350441202574274],[124.834886758077957,8.350260387980052],[124.835068312279489,8.350259546716908],[124.835068734654854,8.350349954005003],[124.835159511769376,8.350349533337642],[124.835166270753334,8.351796049814409],[124.834621605991927,8.351798573950035]]]}},
{"type":"Feature","properties":{"fid":72,"landuse":5},"geometry":{"type":"Polygon","coordinates":[[[124.845332890145613,8.351658388514126],[124.845332465341059,8.351567981755698],[124.845241688466174,8.351568404815499],[124.845241263687257,8.351477998051996],[124.845059709965,8.351478844099958],[124.845059285232551,8.351388437326735],[124.844968508385122,8.3513888603149],[124.844967658976273,8.351208046757876],[124.844513774876475,8.351210161340536],[124.844512925695355,8.351029347735366],[124.844422148902837,8.351029770580269],[124.844421299782468,8.350848956964086],[124.844239746266638,8.350849802572981],[124.844238472746966,8.350578582117613],[124.84414769604453,8.350579004876971],[124.844147271568332,8.35048859805301],[124.84423804824992,8.350488175298295],[124.844237623757635,8.350397768478537],[124.844146847096923,8.350398191228612],[124.844145573711231,8.350126970752831],[124.844054797108342,8.350127393468211],[124.844054372676808,8.350036986637441],[124.843963596090035,8.350037409327397],[124.843962322886611,8.349766188818581],[124.844143875930214,8.349765343445721],[124.844145149258821,8.350036563926702],[124.844235925836088,8.350036141195186],[124.844235501367606,8.349945734373264],[124.844507831008201,8.349944466067955],[124.844508255539282,8.350034872875955],[124.844780585199658,8.350033604369708],[124.844781009798112,8.35012401116335],[124.844871786362901,8.350123588281734],[124.844870937129073,8.349942774703296],[124.844961713647379,8.349942351810181],[124.844961289016737,8.349851945024955],[124.845052065509421,8.349851522115708],[124.845053339478241,8.350122742456159],[124.845144116028777,8.350122319512202],[124.845143691346863,8.350031912737125],[124.845234467871762,8.350031489777031],[124.845233618480535,8.349850676234864],[124.845415171432592,8.349849830270905],[124.845423667036599,8.351657965428901],[124.845332890145613,8.351658388514126]]]}},
{"type":"Feature","properties":{"fid":73,"landuse":11},"geometry":{"type":"Polygon","coordinates":[[[124.841510083465423,8.349506372328857],[124.841509659651379,8.349415965365244],[124.841600436220489,8.349415543268774],[124.841600860055408,8.349505950227758],[124.841510083465423,8.349506372328857]]]}},
{"type":"Feature","properties":{"fid":74,"landuse":11},"geometry":{"type":"Polygon","coordinates":[[[124.841600436220489,8.349415543268774],[124.841600012390302,8.349325136309361],[124.841690788933803,8.349324714196747],[124.841691212784824,8.349415121151528],[124.841600436220489,8.349415543268774]]]}},
{"type":"Feature","properties":{"fid":75,"landuse":5},"geometry":{"type":"Polygon","coordinates":[[[124.845320148079793,8.348946185572876],[124.845319298761112,8.348765372029598],[124.845410074984414,8.348764949092944],[124.845410924344819,8.348945762626936],[124.845320148079793,8.348946185572876]]]}},
{"type":"Feature","properties":{"fid":76,"landuse":2},"geometry":{"type":"Polygon","coordinates":[[[124.840778787122346,8.348424864352983],[124.840778363532181,8.348334457347113],[124.840869139888966,8.348334035472451],[124.840869563499965,8.348424442473689],[124.840778787122346,8.348424864352983]]]}},
{"type":"Feature","properties":{"fid":77,"landuse":5},"geometry":{"type":"Polygon","coordinates":[[[124.844587995293665,8.347683873033237],[124.844587570865457,8.347593466218617],[124.844678346855659,8.347593043508503],[124.844678771304729,8.347683450318485],[124.844587995293665,8.347683873033237]]]}},
{"type":"Feature","properties":{"fid":78,"landuse":11},"geometry":{"type":"Polygon","coordinates":[[[124.840421187583729,8.349601842940096],[124.840420340451558,8.349421028902135],[124.840329563820717,8.349421450728485],[124.840327869696864,8.349059822628849],[124.840418646244274,8.349059400821023],[124.840415681564295,8.348426551662403],[124.840506457960927,8.348426129866214],[124.840504340370543,8.347974094763076],[124.840413564078219,8.347974516536114],[124.840413140595246,8.347884109509561],[124.840503916866723,8.347883687741149],[124.840502222898891,8.347522059649117],[124.840683775260715,8.347521216087021],[124.840683351738917,8.347430809072197],[124.840955680183484,8.347429543587147],[124.840956103767851,8.347519950588079],[124.841046879927376,8.34751952871355],[124.841047303537366,8.347609935709421],[124.841138079713005,8.347609513809488],[124.841138503348617,8.347699920800293],[124.841229279540372,8.347699498874952],[124.841230126867515,8.347880312845996],[124.841320903096232,8.347879890890619],[124.841322174185166,8.348151111830045],[124.841231397893878,8.348151533799323],[124.84123182157883,8.348241940782898],[124.841141045261921,8.34824236273603],[124.841141468930758,8.348332769723802],[124.841050692588254,8.348333191660796],[124.841051116240976,8.348423598652772],[124.840869563499965,8.348424442473689],[124.840869987115724,8.348514849474492],[124.841051539898473,8.348514005644311],[124.841051963560702,8.348604412635419],[124.841142739965804,8.348603990684532],[124.841143163653641,8.348694397670574],[124.841233940074858,8.34869397569428],[124.841234363788317,8.348784382675259],[124.841325140225635,8.348783960673552],[124.841327258968519,8.349235995548783],[124.841236482426893,8.34923641757365],[124.841236906168859,8.349326824552032],[124.841146129601597,8.349327246560751],[124.841146553327462,8.349417653543329],[124.841055776734578,8.349418075535903],[124.841056200444328,8.349508482522683],[124.840602317304459,8.349510592197042],[124.840602740914619,8.349600999206542],[124.840421187583729,8.349601842940096]],[[124.840778787122346,8.348424864352983],[124.840869563499965,8.348424442473689],[124.840869139888966,8.348334035472451],[124.840778363532181,8.348334457347113],[124.840778787122346,8.348424864352983]]]}},
{"type":"Feature","properties":{"fid":79,"landuse":5},"geometry":{"type":"Polygon","coordinates":[[[124.844226588628473,8.34804719101289],[124.844226164264668,8.347956784181443],[124.844135388167217,8.347957206806244],[124.844134963829035,8.347866799969724],[124.844044187747713,8.347867222569111],[124.844043763435138,8.347776815727519],[124.844134539495613,8.347776393132769],[124.844133690843023,8.347595579457561],[124.844315242866273,8.347594734224305],[124.844314394149279,8.347413920565927],[124.844405170112054,8.34741349792742],[124.844406443257256,8.347684718400416],[124.844587995293665,8.347683873033237],[124.84458841972662,8.347774279847423],[124.844406867648487,8.347775125223883],[124.844407716445275,8.347955938869516],[124.844316940357345,8.347956361535868],[124.844317364742011,8.348046768362675],[124.844226588628473,8.34804719101289]]]}},
{"type":"Feature","properties":{"fid":80,"landuse":5},"geometry":{"type":"Polygon","coordinates":[[[124.845318449461459,8.348584558484589],[124.845318024818795,8.348494151711433],[124.845227248653302,8.348494574613385],[124.84522639942395,8.348313761056492],[124.845135623295434,8.348314183928384],[124.845135198708761,8.348223777144645],[124.845316750919309,8.348222931389374],[124.845315901676784,8.348042117839167],[124.845225125615613,8.348042540717907],[124.84522470102236,8.347952133937511],[124.845043148927445,8.347952979623377],[124.845042299838639,8.347772166042722],[124.844951523825756,8.34777258884521],[124.84495025029085,8.347501368457047],[124.845041026241162,8.347500945668484],[124.845040601718168,8.347410538876209],[124.845131377642886,8.347410116071515],[124.845131802186714,8.34750052285915],[124.845313354063535,8.347499677178156],[124.845312929477984,8.347409270399808],[124.84549448129404,8.347408424645005],[124.845494056671541,8.347318017875507],[124.845675608426845,8.347317172046903],[124.845678581176344,8.347950019359287],[124.845406253098233,8.347951288168545],[124.845409225643039,8.348584135557219],[124.845318449461459,8.348584558484589]]]}},
{"type":"Feature","properties":{"fid":81,"landuse":5},"geometry":{"type":"Polygon","coordinates":[[[124.845852913365718,8.346412258602152],[124.845852064063394,8.346231445090345],[124.845942839674123,8.346231022159065],[124.845943689018142,8.346411835661584],[124.845852913365718,8.346412258602152]]]}},
{"type":"Feature","properties":{"fid":82,"landuse":11},"geometry":{"type":"Polygon","coordinates":[[[124.84576383628692,8.346774308558942],[124.845760014592742,8.345960647715966],[124.845941565693792,8.345959801902042],[124.845942839674123,8.346231022159065],[124.845852064063394,8.346231445090345],[124.845852913365718,8.346412258602152],[124.845943689018142,8.346411835661584],[124.845945387763351,8.346773462661425],[124.84576383628692,8.346774308558942]]]}},
{"type":"Feature","properties":{"fid":83,"landuse":11},"geometry":{"type":"Polygon","coordinates":[[[124.840408906026724,8.346980039220186],[124.840408482595976,8.346889632188867],[124.840136154441367,8.346890897216657],[124.840135731077964,8.346800490171017],[124.840044955037797,8.34680091180077],[124.840044531699988,8.346710504750067],[124.839953755675907,8.346710926354421],[124.839953332363706,8.346620519298657],[124.83986255635574,8.346620940877612],[124.839861286510143,8.34634971969383],[124.839952062455538,8.346349298128761],[124.839951639162308,8.346258891071265],[124.84004241508211,8.346258469490056],[124.840041991772779,8.346168062436758],[124.840132767666958,8.346167640839408],[124.840132344341541,8.346077233790306],[124.840223120210126,8.346076812176815],[124.840222696868565,8.345986405131907],[124.840313472711557,8.345985983502278],[124.840313049353895,8.345895576461569],[124.840494600983916,8.345894733149258],[124.840494177589306,8.345804326117378],[124.840948056476961,8.345802217496294],[124.840948479975836,8.345892624505021],[124.841039255759966,8.345892202713863],[124.841039679284449,8.345982609717526],[124.841130455084695,8.345982187900969],[124.841132149313523,8.346343815892757],[124.841041373429888,8.346344237727845],[124.841042644088802,8.346615458731039],[124.840861092182109,8.346616302366689],[124.840862362758671,8.346887523393777],[124.840771586735642,8.346887945194339],[124.840772010249808,8.346978352207135],[124.840408906026724,8.346980039220186]]]}},
{"type":"Feature","properties":{"fid":84,"landuse":11},"geometry":{"type":"Polygon","coordinates":[[[124.845028717007665,8.344879148516654],[124.845028292622743,8.34478874171182],[124.845119067942662,8.344788319041745],[124.845119492348417,8.344878725841937],[124.845028717007665,8.344879148516654]]]}},
{"type":"Feature","properties":{"fid":85,"landuse":2},"geometry":{"type":"Polygon","coordinates":[[[124.845571246478372,8.344424578267638],[124.845570821992155,8.344334171488494],[124.845661597179259,8.344333748717036],[124.845662021686309,8.344424155491534],[124.845571246478372,8.344424578267638]]]}},
{"type":"Feature","properties":{"fid":86,"landuse":11},"geometry":{"type":"Polygon","coordinates":[[[124.845484291668242,8.345238662057556],[124.845483867160013,8.345148255277666],[124.845393091775719,8.34514867804938],[124.845392667293112,8.345058271264412],[124.845301891924919,8.345058694010715],[124.84530146746792,8.344968287220674],[124.845210692115828,8.34496870994157],[124.845208145598932,8.344426269164385],[124.845298920825925,8.344425846471342],[124.845298496402251,8.344335439678273],[124.845389271603651,8.344335016969112],[124.845388422728902,8.344154203390957],[124.845479197883819,8.344153780670316],[124.845478773432731,8.344063373885234],[124.845569548562054,8.344062951148473],[124.845568699632466,8.343882137586291],[124.84575024979344,8.343881292069048],[124.845751098806417,8.344062105612654],[124.845660323686616,8.344062528390944],[124.845661597179259,8.344333748717036],[124.845570821992155,8.344334171488494],[124.845571246478372,8.344424578267638],[124.845662021686309,8.344424155491534],[124.845665417914304,8.345147409671938],[124.845574642539518,8.345147832485184],[124.845575067068609,8.34523823926043],[124.845484291668242,8.345238662057556]]]}},
{"type":"Feature","properties":{"fid":87,"landuse":11},"geometry":{"type":"Polygon","coordinates":[[[124.846023424137215,8.34406083715319],[124.846022150437278,8.343789616878928],[124.846112925475481,8.34378919403151],[124.846113350058204,8.343879600785383],[124.846204125112479,8.343879177912559],[124.846203275910085,8.343698364413669],[124.846294050917905,8.343697941529371],[124.846295324791228,8.343969161763123],[124.846204549720838,8.343969584661359],[124.846204974333972,8.344059991409726],[124.846023424137215,8.34406083715319]]]}},
{"type":"Feature","properties":{"fid":88,"landuse":11},"geometry":{"type":"Polygon","coordinates":[[[124.846020876780187,8.343518396600773],[124.846020452237354,8.343427989840521],[124.846111227192154,8.343427567011682],[124.846111651755848,8.343517973767291],[124.846020876780187,8.343518396600773]]]}},
{"type":"Feature","properties":{"fid":89,"landuse":2},"geometry":{"type":"Polygon","coordinates":[[[124.845661597179259,8.344333748717036],[124.845660323686616,8.344062528390944],[124.845751098806417,8.344062105612654],[124.84575024979344,8.343881292069048],[124.845659474715347,8.343881714838053],[124.845659050236847,8.343791308060954],[124.845749825294106,8.343790885296595],[124.845747702868792,8.343338851427847],[124.845929252760541,8.34333800588327],[124.84592967727778,8.343428412648599],[124.846020452237354,8.343427989840521],[124.846020876780187,8.343518396600773],[124.846111651755848,8.343517973767291],[124.846111227192154,8.343427567011682],[124.846202002142206,8.343427144162082],[124.846202426726748,8.343517550913043],[124.846293201692859,8.34351712803803],[124.846294050917905,8.343697941529371],[124.846203275910085,8.343698364413669],[124.846204125112479,8.343879177912559],[124.846113350058204,8.343879600785383],[124.846112925475481,8.34378919403151],[124.846022150437278,8.343789616878928],[124.846023424137215,8.34406083715319],[124.84593264903171,8.344061259993774],[124.845933922711978,8.344332480278073],[124.845661597179259,8.344333748717036]]]}},
{"type":"Feature","properties":{"fid":90,"landuse":11},"geometry":{"type":"Polygon","coordinates":[[[124.845656927915783,8.343339274168988],[124.845656079020699,8.343158460609169],[124.845565304104625,8.343158883320264],[124.845562757658712,8.342616442602562],[124.845653532449717,8.34261601991933],[124.845654805713778,8.342887240266197],[124.845927130245855,8.342885972050139],[124.845929252760541,8.34333800588327],[124.845656927915783,8.343339274168988]]]}},
{"type":"Feature","properties":{"fid":91,"landuse":5},"geometry":{"type":"Polygon","coordinates":[[[124.846192238012605,8.341347788770509],[124.846191813542404,8.341257382009161],[124.846282587987417,8.341256959250272],[124.846283012478466,8.341347366006977],[124.846192238012605,8.341347788770509]]]}},
{"type":"Feature","properties":{"fid":92,"landuse":11},"geometry":{"type":"Polygon","coordinates":[[[124.845653532449717,8.34261601991933],[124.845650137288402,8.341892765641978],[124.845559362664162,8.341893188288065],[124.845558513963127,8.341712374705111],[124.845467739375792,8.341712797321154],[124.845466042114268,8.341351170131484],[124.845556816618227,8.341350747534014],[124.845555119349498,8.34098912035599],[124.845645893765337,8.340988697756337],[124.845646318096215,8.341079104546848],[124.845737092528125,8.341078681921795],[124.8457366681764,8.340988275135926],[124.846008991381041,8.340987007150156],[124.84600941579528,8.341077413922088],[124.846100190208162,8.341076991214004],[124.84610061464798,8.341167397980866],[124.846282163501115,8.341166552493137],[124.846282587987417,8.341256959250272],[124.846191813542404,8.341257382009161],[124.846192238012605,8.341347788770509],[124.846283012478466,8.341347366006977],[124.846283861474873,8.341528179519086],[124.846011537937954,8.341529447775276],[124.846016631566116,8.342614328978785],[124.845653532449717,8.34261601991933]]]}},
{"type":"Feature","properties":{"fid":93,"landuse":5},"geometry":{"type":"Polygon","coordinates":[[[124.84610061464798,8.341167397980866],[124.846100190208162,8.341076991214004],[124.84600941579528,8.341077413922088],[124.846008991381041,8.340987007150156],[124.846281314542807,8.340985738977567],[124.846282163501115,8.341166552493137],[124.84610061464798,8.341167397980866]]]}},
{"type":"Feature","properties":{"fid":94,"landuse":11},"geometry":{"type":"Polygon","coordinates":[[[124.845461799293702,8.340447102127017],[124.845461375037843,8.340356695324191],[124.845552149312553,8.340356272777798],[124.845552573589259,8.340446679575981],[124.845461799293702,8.340447102127017]]]}},
{"type":"Feature","properties":{"fid":95,"landuse":11},"geometry":{"type":"Polygon","coordinates":[[[124.845827018214919,8.340897445713104],[124.845826593851882,8.340807038931015],[124.845645045117848,8.340807884174017],[124.845644620801266,8.340717477382206],[124.845735395149802,8.340717054775727],[124.84573454648924,8.340536241200097],[124.845825320791334,8.340535818582149],[124.845824047773661,8.340264598229393],[124.845733273534051,8.340265020833412],[124.845732849225215,8.340174614043645],[124.845823623443948,8.340174191444273],[124.845823199119025,8.340083784658722],[124.845913973312165,8.34008336204324],[124.845913548971154,8.3399929552619],[124.8460043231387,8.339992532630305],[124.846003898781618,8.339902125853175],[124.845731576327182,8.339903393671769],[124.84573200062178,8.339993800462826],[124.845641226439938,8.339994223032159],[124.845640377897197,8.339813409440319],[124.845731152037374,8.339812986880272],[124.845729879196483,8.339541766503203],[124.845820653269371,8.339541343936336],[124.845819380408841,8.3392701235693],[124.845910154414454,8.339269700995612],[124.845909730116304,8.33917929421038],[124.846182052042053,8.339178026378729],[124.846185871459511,8.339991687304851],[124.846095097301486,8.339992109977954],[124.846095946071642,8.340172923521621],[124.846005171867176,8.34017334618326],[124.846008142566845,8.340806193604983],[124.84591736821173,8.340806616278376],[124.845917792595614,8.34089702305582],[124.845827018214919,8.340897445713104]]]}},
{"type":"Feature","properties":{"fid":96,"landuse":11},"geometry":{"type":"Polygon","coordinates":[[[124.845997533996723,8.338546024144346],[124.845997109715853,8.338455617360298],[124.846269431127268,8.338454349577859],[124.846269855470666,8.338544756347975],[124.845997533996723,8.338546024144346]]]}},
{"type":"Feature","properties":{"fid":97,"landuse":5},"geometry":{"type":"Polygon","coordinates":[[[124.834014925268733,8.338511214898324],[124.83401323919324,8.338149585313579],[124.834104013545101,8.338149165497754],[124.834104435077734,8.338239572889973],[124.834195209445696,8.338239153048784],[124.834196474134416,8.33851037520901],[124.834014925268733,8.338511214898324]]]}},
{"type":"Feature","properties":{"fid":98,"landuse":5},"geometry":{"type":"Polygon","coordinates":[[[124.845298496402251,8.344335439678273],[124.845297223159832,8.344064219296467],[124.845387998298662,8.344063796601233],[124.845382056775293,8.342798101499618],[124.845291281928311,8.342798524129854],[124.845287463057957,8.341984862906527],[124.845196688393813,8.34198528547422],[124.845187779633648,8.340086742385992],[124.845278553860112,8.340086319915786],[124.845276857108075,8.339724692657823],[124.845367631246461,8.339724270185435],[124.845366358669921,8.339453049751347],[124.845457132741004,8.339452627272136],[124.845455860144824,8.339181406848081],[124.845546634148633,8.339180984362045],[124.845542392262416,8.338276916300181],[124.845451618466953,8.338277338739788],[124.845451194325349,8.338186931926575],[124.84554196809998,8.338186509491614],[124.845540271497839,8.337824882253027],[124.845631045184405,8.337824459815886],[124.845631469348618,8.337914866621539],[124.845813016749091,8.337914021675729],[124.845813865175145,8.33809483526716],[124.845904638909914,8.33809441275384],[124.845905911647208,8.338365633123814],[124.845996685439729,8.338365210575814],[124.845997533996723,8.338546024144346],[124.846269855470666,8.338544756347975],[124.846277494466264,8.340172078136082],[124.846095946071642,8.340172923521621],[124.846095097301486,8.339992109977954],[124.846185871459511,8.339991687304851],[124.846182052042053,8.339178026378729],[124.845909730116304,8.33917929421038],[124.845910154414454,8.339269700995612],[124.845819380408841,8.3392701235693],[124.845820653269371,8.339541343936336],[124.845729879196483,8.339541766503203],[124.845731152037374,8.339812986880272],[124.845640377897197,8.339813409440319],[124.845641226439938,8.339994223032159],[124.84573200062178,8.339993800462826],[124.845731576327182,8.339903393671769],[124.846003898781618,8.339902125853175],[124.8460043231387,8.339992532630305],[124.845913548971154,8.3399929552619],[124.845913973312165,8.34008336204324],[124.845823199119025,8.340083784658722],[124.845823623443948,8.340174191444273],[124.845732849225215,8.340174614043645],[124.845733273534051,8.340265020833412],[124.845824047773661,8.340264598229393],[124.845825320791334,8.340535818582149],[124.84573454648924,8.340536241200097],[124.845735395149802,8.340717054775727],[124.845644620801266,8.340717477382206],[124.845645045117848,8.340807884174017],[124.845826593851882,8.340807038931015],[124.845827018214919,8.340897445713104],[124.845917792595614,8.34089702305582],[124.84591736821173,8.340806616278376],[124.846008142566845,8.340806193604983],[124.846008991381041,8.340987007150156],[124.8457366681764,8.340988275135926],[124.845737092528125,8.341078681921795],[124.845646318096215,8.341079104546848],[124.845645893765337,8.340988697756337],[124.845555119349498,8.34098912035599],[124.845556816618227,8.341350747534014],[124.845466042114268,8.341351170131484],[124.845467739375792,8.341712797321154],[124.845558513963127,8.341712374705111],[124.845559362664162,8.341893188288065],[124.845650137288402,8.341892765641978],[124.845653532449717,8.34261601991933],[124.845562757658712,8.342616442602562],[124.845565304104625,8.343158883320264],[124.845656079020699,8.343158460609169],[124.845656927915783,8.343339274168988],[124.845747702868792,8.343338851427847],[124.845749825294106,8.343790885296595],[124.845659050236847,8.343791308060954],[124.845659474715347,8.343881714838053],[124.845568699632466,8.343882137586291],[124.845569548562054,8.344062951148473],[124.845478773432731,8.344063373885234],[124.845479197883819,8.344153780670316],[124.845388422728902,8.344154203390957],[124.845389271603651,8.344335016969112],[124.845298496402251,8.344335439678273]],[[124.845461799293702,8.340447102127017],[124.845552573589259,8.340446679575981],[124.845552149312553,8.340356272777798],[124.845461375037843,8.340356695324191],[124.845461799293702,8.340447102127017]]]}},
{"type":"Feature","properties":{"fid":99,"landuse":11},"geometry":{"type":"Polygon","coordinates":[[[124.845905911647208,8.338365633123814],[124.845904638909914,8.33809441275384],[124.845813865175145,8.33809483526716],[124.845813016749091,8.337914021675729],[124.845631469348618,8.337914866621539],[124.845630196870246,8.337643646203285],[124.845720970510357,8.337643223754684],[124.845720122173574,8.337462410149639],[124.845810895767258,8.337461987689574],[124.845810471585182,8.337371580891046],[124.846445886461893,8.337368623122172],[124.846446310789773,8.337459029888187],[124.84680940498356,8.337457339259513],[124.846810253820294,8.337638152753081],[124.846265612251059,8.337640688627355],[124.846268158125667,8.338183129264918],[124.84599583690175,8.338184397005554],[124.845996685439729,8.338365210575814],[124.845905911647208,8.338365633123814]]]}},
{"type":"Feature","properties":{"fid":100,"landuse":2},"geometry":{"type":"Polygon","coordinates":[[[124.846717358285375,8.33718654169027],[124.846716509537956,8.337005728183083],[124.84662573609603,8.337006150827399],[124.84662488740932,8.336825337309191],[124.846806434205035,8.336824492018401],[124.846808131764192,8.337186119015918],[124.846717358285375,8.33718654169027]]]}},
{"type":"Feature","properties":{"fid":101,"landuse":5},"geometry":{"type":"Polygon","coordinates":[[[124.84644206772515,8.336554962208567],[124.846441643444905,8.336464555438226],[124.846532416771353,8.336464132863279],[124.846532841072445,8.336554539628976],[124.84644206772515,8.336554962208567]]]}},
{"type":"Feature","properties":{"fid":102,"landuse":5},"geometry":{"type":"Polygon","coordinates":[[[124.83500332297865,8.336336819186167],[124.83500290133712,8.336246411831025],[124.835093675199445,8.336245991883901],[124.835094096861823,8.336336399234424],[124.83500332297865,8.336336819186167]]]}},
{"type":"Feature","properties":{"fid":103,"landuse":2},"geometry":{"type":"Polygon","coordinates":[[[124.846441643444905,8.336464555438226],[124.84643994637149,8.336102928352535],[124.846530719614634,8.33610250579617],[124.846532416771353,8.336464132863279],[124.846441643444905,8.336464555438226]]]}},
{"type":"Feature","properties":{"fid":104,"landuse":11},"geometry":{"type":"Polygon","coordinates":[[[124.845442288451537,8.336288388749285],[124.845441440382587,8.336107575103403],[124.845622986968877,8.336106730426312],[124.845623835121131,8.336287544053622],[124.845442288451537,8.336288388749285]]]}},
{"type":"Feature","properties":{"fid":105,"landuse":5},"geometry":{"type":"Polygon","coordinates":[[[124.834820932003097,8.336156844298229],[124.834820510412683,8.336066436932988],[124.834911284242835,8.33606601703659],[124.834911705854068,8.336156424397211],[124.834820932003097,8.336156844298229]]]}},
{"type":"Feature","properties":{"fid":106,"landuse":11},"geometry":{"type":"Polygon","coordinates":[[[124.845350667082286,8.336107997410837],[124.845349395077051,8.335836776924843],[124.845530941547906,8.335835932317098],[124.845531365586524,8.335926339136909],[124.845440592332665,8.335926761455799],[124.845441440382587,8.336107575103403],[124.845350667082286,8.336107997410837]]]}},
{"type":"Feature","properties":{"fid":107,"landuse":11},"geometry":{"type":"Polygon","coordinates":[[[124.845804109425472,8.336015478861228],[124.845803261218464,8.335834665249898],[124.845894034432447,8.335834242852677],[124.845894882681122,8.336015056454718],[124.845804109425472,8.336015478861228]]]}},
{"type":"Feature","properties":{"fid":108,"landuse":5},"geometry":{"type":"Polygon","coordinates":[[[124.834729315012964,8.335976449438355],[124.834728893452834,8.335886042067633],[124.834819667246066,8.335885622201213],[124.834820088827016,8.335976029567316],[124.834729315012964,8.335976449438355]]]}},
{"type":"Feature","properties":{"fid":109,"landuse":5},"geometry":{"type":"Polygon","coordinates":[[[124.845630196870246,8.337643646203285],[124.84562892443472,8.337372425781137],[124.845719698012331,8.337372003346465],[124.845719273855849,8.337281596542862],[124.845810047407895,8.337281174092087],[124.845809623235326,8.337190767292691],[124.845900396761778,8.337190344825814],[124.84589997257315,8.337099938030633],[124.845990746073994,8.337099515547649],[124.845989897669355,8.336918701965274],[124.846080671123801,8.336918279470835],[124.846080246907803,8.336827872683644],[124.845717153144861,8.336829562518352],[124.845716304893799,8.336648748905521],[124.845625531482824,8.336649171303046],[124.845624259204413,8.336377950866625],[124.845533485851163,8.336378373229474],[124.8455330617887,8.336287966411826],[124.845623835121131,8.336287544053622],[124.845622986968877,8.336106730426312],[124.845713760254867,8.336106308056648],[124.845713336165048,8.336015901246993],[124.845894882681122,8.336015056454718],[124.845894034432447,8.335834242852677],[124.845984807641699,8.335833820434711],[124.845984383503662,8.335743413637685],[124.84607515668732,8.335742991203624],[124.846078974288389,8.336556652319478],[124.846169747654727,8.336556229822868],[124.846170596104557,8.336737043390123],[124.846261369507801,8.336736620863478],[124.846260945259672,8.336646214084713],[124.846351718637322,8.336645791541965],[124.846352142906269,8.336736198316089],[124.846442916299964,8.336735775747949],[124.846442492010183,8.336645368978475],[124.846533265378312,8.336644946394237],[124.846534114004285,8.336825759923466],[124.84662488740932,8.336825337309191],[124.84662573609603,8.337006150827399],[124.846716509537956,8.337005728183083],[124.846717358285375,8.33718654169027],[124.846808131764192,8.337186119015918],[124.84680940498356,8.337457339259513],[124.846446310789773,8.337459029888187],[124.846445886461893,8.337368623122172],[124.845810471585182,8.337371580891046],[124.845810895767258,8.337461987689574],[124.845720122173574,8.337462410149639],[124.845720970510357,8.337643223754684],[124.845630196870246,8.337643646203285]]]}},
{"type":"Feature","properties":{"fid":110,"landuse":11},"geometry":{"type":"Polygon","coordinates":[[[124.845530941547906,8.335835932317098],[124.845530517514007,8.335745525496852],[124.845621290721482,8.335745103166509],[124.845621714776186,8.335835509982108],[124.845530941547906,8.335835932317098]]]}},
{"type":"Feature","properties":{"fid":111,"landuse":5},"geometry":{"type":"Polygon","coordinates":[[[124.834638119654898,8.335886461913313],[124.834637698120332,8.335796054537546],[124.834546924338483,8.335796474357863],[124.834546502829497,8.33570606697705],[124.834728050346826,8.335705227324899],[124.834728893452834,8.335886042067633],[124.834638119654898,8.335886461913313]]]}},
{"type":"Feature","properties":{"fid":112,"landuse":5},"geometry":{"type":"Polygon","coordinates":[[[124.845983959370415,8.335653006840232],[124.845983111118215,8.335472193244019],[124.846073884239374,8.335471770823887],[124.846074732533239,8.335652584410811],[124.845983959370415,8.335653006840232]]]}},
{"type":"Feature","properties":{"fid":113,"landuse":5},"geometry":{"type":"Polygon","coordinates":[[[124.835542905321077,8.335249411206741],[124.835542483611377,8.335159003874113],[124.835633257195383,8.335158583857933],[124.835633678925888,8.335248991185942],[124.835542905321077,8.335249411206741]]]}},
{"type":"Feature","properties":{"fid":114,"landuse":5},"geometry":{"type":"Polygon","coordinates":[[[124.845981838775586,8.335200972846462],[124.845980990570979,8.335020159245925],[124.846071763588029,8.335019736849016],[124.846072611834288,8.335200550440261],[124.845981838775586,8.335200972846462]]]}},
{"type":"Feature","properties":{"fid":115,"landuse":2},"geometry":{"type":"Polygon","coordinates":[[[124.845441440382587,8.336107575103403],[124.845440592332665,8.335926761455799],[124.845531365586524,8.335926339136909],[124.845530941547906,8.335835932317098],[124.845621714776186,8.335835509982108],[124.845621290721482,8.335745103166509],[124.845530517514007,8.335745525496852],[124.845529669460532,8.335564711855074],[124.845438896289977,8.33556513415539],[124.84543720032346,8.335203506848066],[124.84570951957096,8.335202239940601],[124.845709095528747,8.335111833126618],[124.845527549410178,8.335112677743048],[124.845526701423367,8.334931864095212],[124.845889793474853,8.334930174816531],[124.845888945340491,8.334749361204112],[124.845979718299802,8.334748938841877],[124.845980566475831,8.334929752445007],[124.846071339472033,8.334929330052741],[124.846071763588029,8.335019736849016],[124.845980990570979,8.335020159245925],[124.845981838775586,8.335200972846462],[124.846072611834288,8.335200550440261],[124.846073035964537,8.335290957235234],[124.845982262885016,8.335291379646078],[124.845982686999236,8.335381786445264],[124.846073460099561,8.335381364029777],[124.846073884239374,8.335471770823887],[124.845983111118215,8.335472193244019],[124.845983959370415,8.335653006840232],[124.846074732533239,8.335652584410811],[124.84607515668732,8.335742991203624],[124.845984383503662,8.335743413637685],[124.845984807641699,8.335833820434711],[124.845803261218464,8.335834665249898],[124.845804109425472,8.336015478861228],[124.845713336165048,8.336015901246993],[124.845713760254867,8.336106308056648],[124.845441440382587,8.336107575103403]]]}},
{"type":"Feature","properties":{"fid":116,"landuse":5},"geometry":{"type":"Polygon","coordinates":[[[124.835450866659158,8.334978609193769],[124.835450023314579,8.334797794516259],[124.835540796820013,8.33479737453929],[124.835541640206245,8.334978189207568],[124.835450866659158,8.334978609193769]]]}},
{"type":"Feature","properties":{"fid":117,"landuse":5},"geometry":{"type":"Polygon","coordinates":[[[124.844709744028947,8.334935663758856],[124.844709320230123,8.334845256892509],[124.844527774131748,8.334846101024768],[124.844527350379323,8.33475569414871],[124.844436577343828,8.334756116179086],[124.844435729894883,8.334575302416388],[124.844526502888726,8.334574880395293],[124.844526926631659,8.334665287272218],[124.844708472646701,8.334664443158523],[124.844708896436018,8.334754850025734],[124.844890442473698,8.334754005819791],[124.844891290149917,8.334934819534348],[124.844709744028947,8.334935663758856]]]}},
{"type":"Feature","properties":{"fid":118,"landuse":11},"geometry":{"type":"Polygon","coordinates":[[[124.846170596104557,8.336737043390123],[124.846169747654727,8.336556229822868],[124.846078974288389,8.336556652319478],[124.846073460099561,8.335381364029777],[124.845982686999236,8.335381786445264],[124.845982262885016,8.335291379646078],[124.846073035964537,8.335290957235234],[124.846070067152681,8.334658109661332],[124.846342385925311,8.334656842401888],[124.846341961765901,8.334566435617818],[124.846432734659771,8.334566013161167],[124.846432310484303,8.334475606381311],[124.846523083352579,8.334475183908566],[124.846523507548852,8.334565590683775],[124.846795826187574,8.334564323127154],[124.846799644730808,8.335377983959139],[124.84652732552982,8.3353792516412],[124.846530719614634,8.33610250579617],[124.84643994637149,8.336102928352535],[124.84644206772515,8.336554962208567],[124.846532841072445,8.336554539628976],[124.846533265378312,8.336644946394237],[124.846442492010183,8.336645368978475],[124.846442916299964,8.336735775747949],[124.846352142906269,8.336736198316089],[124.846351718637322,8.336645791541965],[124.846260945259672,8.336646214084713],[124.846261369507801,8.336736620863478],[124.846170596104557,8.336737043390123]]]}},
{"type":"Feature","properties":{"fid":119,"landuse":5},"geometry":{"type":"Polygon","coordinates":[[[124.835267633047209,8.334617819710253],[124.835267211433134,8.33452741236075],[124.835357984885562,8.334526992439118],[124.835358406520442,8.334617399784008],[124.835267633047209,8.334617819710253]]]}},
{"type":"Feature","properties":{"fid":120,"landuse":5},"geometry":{"type":"Polygon","coordinates":[[[124.835176437975974,8.334527832261635],[124.835176016387464,8.334437424907087],[124.83526678982382,8.334437005010813],[124.835267211433134,8.33452741236075],[124.835176437975974,8.334527832261635]]]}},
{"type":"Feature","properties":{"fid":121,"landuse":2},"geometry":{"type":"Polygon","coordinates":[[[124.845706127366654,8.334478985416629],[124.845705703362526,8.33438857859919],[124.845796476248083,8.334388156297008],[124.845796900273015,8.334478563109805],[124.845706127366654,8.334478985416629]]]}},
{"type":"Feature","properties":{"fid":122,"landuse":5},"geometry":{"type":"Polygon","coordinates":[[[124.84525904581065,8.335927606031341],[124.845258621834489,8.335837199197602],[124.84507707533507,8.335838043680885],[124.845076651405321,8.33574763683743],[124.844985878169297,8.335748059043315],[124.844985030365763,8.335567245345823],[124.844894257166629,8.335567667521682],[124.844893833292815,8.335477260667643],[124.845075379644655,8.335476416304468],[124.845074107926834,8.335205195767621],[124.845164881033114,8.335204773568845],[124.845164457115885,8.335114366727003],[124.845255230196599,8.335113944512129],[124.845254382334716,8.334933130836435],[124.845163609295653,8.334933553042026],[124.845162337601039,8.334662332511318],[124.84525311057763,8.334661910319653],[124.845252262763353,8.334481096639635],[124.845343035693531,8.334480674436513],[124.845342611772722,8.334390267600503],[124.845614930472223,8.334389000880625],[124.845614506493689,8.33429859405811],[124.845796052227925,8.334297749483778],[124.845795628212514,8.334207342670114],[124.845886401051644,8.334206920356483],[124.845886825087874,8.334297327165503],[124.846159143639184,8.334296060086233],[124.846158719540497,8.334205653291148],[124.846249492360599,8.334205230894558],[124.846249916480105,8.334295637684997],[124.846431462147649,8.334294792820307],[124.846431886313596,8.334385199601027],[124.846522659161039,8.334384777132925],[124.846523083352579,8.334475183908566],[124.846432310484303,8.334475606381311],[124.846432734659771,8.334566013161167],[124.846341961765901,8.334566435617818],[124.846342385925311,8.334656842401888],[124.846070067152681,8.334658109661332],[124.846071339472033,8.334929330052741],[124.845980566475831,8.334929752445007],[124.845979718299802,8.334748938841877],[124.845888945340491,8.334749361204112],[124.845889793474853,8.334930174816531],[124.845526701423367,8.334931864095212],[124.845527549410178,8.335112677743048],[124.845709095528747,8.335111833126618],[124.84570951957096,8.335202239940601],[124.84543720032346,8.335203506848066],[124.845438896289977,8.33556513415539],[124.845529669460532,8.335564711855074],[124.845530941547906,8.335835932317098],[124.845349395077051,8.335836776924843],[124.845349819074031,8.335927183753942],[124.84525904581065,8.335927606031341]],[[124.845706127366654,8.334478985416629],[124.845796900273015,8.334478563109805],[124.845796476248083,8.334388156297008],[124.845705703362526,8.33438857859919],[124.845706127366654,8.334478985416629]]]}},
{"type":"Feature","properties":{"fid":123,"landuse":5},"geometry":{"type":"Polygon","coordinates":[[[124.84606794671565,8.334206075666998],[124.846067522642528,8.334115668866835],[124.846158295446557,8.33411524649563],[124.846158719540497,8.334205653291148],[124.84606794671565,8.334206075666998]]]}},
{"type":"Feature","properties":{"fid":124,"landuse":5},"geometry":{"type":"Polygon","coordinates":[[[124.834720884710066,8.334168301941833],[124.834720463244622,8.334077894562473],[124.83481123662132,8.334077474788369],[124.834811658107583,8.334167882163113],[124.834720884710066,8.334168301941833]]]}},
{"type":"Feature","properties":{"fid":125,"landuse":5},"geometry":{"type":"Polygon","coordinates":[[[124.834538495057942,8.333988326659432],[124.834538073643614,8.333897919269972],[124.834628846988124,8.33389749954658],[124.83462842555771,8.333807092161303],[124.834719198876684,8.333806672421789],[124.834719620327931,8.333897079802448],[124.834810393662991,8.333896660037578],[124.834810815139789,8.333987067413192],[124.834538495057942,8.333988326659432]]]}},
{"type":"Feature","properties":{"fid":126,"landuse":5},"geometry":{"type":"Polygon","coordinates":[[[124.845340068347824,8.333847826575337],[124.84533964446031,8.333757419736294],[124.845430417219148,8.333756997549576],[124.845430841127467,8.333847404383974],[124.845340068347824,8.333847826575337]]]}},
{"type":"Feature","properties":{"fid":127,"landuse":5},"geometry":{"type":"Polygon","coordinates":[[[124.834537652234005,8.33380751188008],[124.834537230829142,8.333717104489757],[124.834628004132028,8.333716684775595],[124.83462842555771,8.333807092161303],[124.834537652234005,8.33380751188008]]]}},
{"type":"Feature","properties":{"fid":128,"landuse":11},"geometry":{"type":"Polygon","coordinates":[[[124.835094096861823,8.336336399234424],[124.835093675199445,8.336245991883901],[124.83500290133712,8.336246411831025],[124.835002479700321,8.336156004475448],[124.834911705854068,8.336156424397211],[124.834911284242835,8.33606601703659],[124.834820510412683,8.336066436932988],[124.834819667246066,8.335885622201213],[124.834728893452834,8.335886042067633],[124.834728050346826,8.335705227324899],[124.834546502829497,8.33570606697705],[124.834546081325243,8.335615659595803],[124.834455307580299,8.335616079386146],[124.834454043158402,8.335344857225959],[124.834363269471226,8.335345276981716],[124.834357369690451,8.334079573451485],[124.834448143086107,8.33407915376034],[124.834446036142211,8.33362711678781],[124.834536809428997,8.333626697099003],[124.834537652234005,8.33380751188008],[124.83462842555771,8.333807092161303],[124.834628846988124,8.33389749954658],[124.834538073643614,8.333897919269972],[124.834538495057942,8.333988326659432],[124.834810815139789,8.333987067413192],[124.83481123662132,8.334077474788369],[124.834902009993286,8.334077054993525],[124.834902431500396,8.334167462363656],[124.834993204888448,8.334167042543456],[124.83499362642111,8.334257449908538],[124.835084399825263,8.334257030062982],[124.835084821383461,8.334347437423016],[124.835175594803729,8.3343470175521],[124.835176437975974,8.334527832261635],[124.835267211433134,8.33452741236075],[124.835267633047209,8.334617819710253],[124.835358406520442,8.334617399784008],[124.835358828160068,8.334707807128458],[124.835449601649415,8.334707387176852],[124.835450866659158,8.334978609193769],[124.835541640206245,8.334978189207568],[124.835545857421451,8.335882262523016],[124.835636631172065,8.33588184246989],[124.835637052940456,8.335972249794445],[124.835546279169009,8.335972669852186],[124.835547544440118,8.336243891837096],[124.835456770601439,8.336244311887947],[124.83545719234715,8.336334719220005],[124.835094096861823,8.336336399234424]],[[124.834720884710066,8.334168301941833],[124.834811658107583,8.334167882163113],[124.83481123662132,8.334077474788369],[124.834720463244622,8.334077894562473],[124.834720884710066,8.334168301941833]]]}},
{"type":"Feature","properties":{"fid":129,"landuse":5},"geometry":{"type":"Polygon","coordinates":[[[124.833979112452838,8.330826584734735],[124.833978691329037,8.330736177302466],[124.834069463973293,8.330735757865005],[124.834069885117913,8.330826165292661],[124.833979112452838,8.330826584734735]]]}},
{"type":"Feature","properties":{"fid":130,"landuse":2},"geometry":{"type":"Polygon","coordinates":[[[124.84559755125693,8.330682320802913],[124.845594584873723,8.330049472912151],[124.845685356764761,8.330049050853592],[124.845688323293686,8.33068189871185],[124.84559755125693,8.330682320802913]]]}},
{"type":"Feature","properties":{"fid":131,"landuse":5},"geometry":{"type":"Polygon","coordinates":[[[124.834065252787397,8.329831683564722],[124.834064831694832,8.329741276132317],[124.834155604105405,8.329740856724882],[124.834156025218789,8.329831264152672],[124.834065252787397,8.329831683564722]]]}},
{"type":"Feature","properties":{"fid":132,"landuse":11},"geometry":{"type":"Polygon","coordinates":[[[124.843687527441375,8.329877517471537],[124.8436862575454,8.329606296645485],[124.843595485653736,8.329606718224804],[124.843595062385418,8.329516311277285],[124.843413518629447,8.329517154364469],[124.843412672190283,8.329336340449576],[124.843503444029025,8.329335918925626],[124.843502174343527,8.329064698063965],[124.843592946115095,8.329064276533199],[124.843592522875298,8.328973869583089],[124.843774066362542,8.328973026468654],[124.843775336221057,8.329244247289868],[124.843866108019952,8.329243825687644],[124.84386653133646,8.329334232622545],[124.843957303151413,8.329333810994955],[124.843959419909297,8.329785845639785],[124.843777876066497,8.329786688920624],[124.843778299390721,8.329877095857572],[124.843687527441375,8.329877517471537]]]}},
{"type":"Feature","properties":{"fid":133,"landuse":2},"geometry":{"type":"Polygon","coordinates":[[[124.845594161123742,8.329959066068886],[124.845592466171396,8.329597438691504],[124.845501694379649,8.329597860706118],[124.845500423277841,8.329326640154614],[124.845318879804935,8.329327484093801],[124.845318456155482,8.329237077233151],[124.8452276844327,8.329237499167011],[124.845226837189671,8.329056685435129],[124.845136065503752,8.329057107338976],[124.845136489102089,8.329147514209778],[124.84504571739059,8.329147936097543],[124.845044870240315,8.328967122346228],[124.84495409856568,8.32896754420398],[124.844953251476085,8.328786730441653],[124.844862479838312,8.328787152269399],[124.844863326886298,8.328967966041006],[124.844772555202169,8.328968387857307],[124.844772978712484,8.329058794747104],[124.844954522117632,8.329057951084494],[124.844954945674345,8.329148357964581],[124.844864173953326,8.329148779810888],[124.844864597493981,8.329239186695181],[124.844683053996093,8.329240030334903],[124.8446809365485,8.328787995862708],[124.844590164896474,8.328788417628274],[124.844589317992359,8.328607603827091],[124.84477086120846,8.328606760293797],[124.844771284699746,8.328697167185322],[124.844862056321446,8.328696745382945],[124.844861209302024,8.328515931608742],[124.845042752447952,8.328515087960378],[124.845042328903745,8.328424681081911],[124.845133100448749,8.328424259231284],[124.845134794737319,8.328785886723988],[124.845407109593523,8.328784620992041],[124.845408380547212,8.32905584156525],[124.845680695547856,8.32905457560498],[124.845684932993962,8.329958644014972],[124.845594161123742,8.329959066068886]]]}},
{"type":"Feature","properties":{"fid":134,"landuse":5},"geometry":{"type":"Polygon","coordinates":[[[124.83287763667623,8.328209799106276],[124.832876795207156,8.328028984105561],[124.832967567283831,8.32802856505522],[124.8329684087945,8.328209380046712],[124.83287763667623,8.328209799106276]]]}},
{"type":"Feature","properties":{"fid":135,"landuse":5},"geometry":{"type":"Polygon","coordinates":[[[124.843950953591275,8.327977706995656],[124.843950530325316,8.327887300058913],[124.844222844742859,8.327886035274469],[124.844223268071246,8.327976442197293],[124.843950953591275,8.327977706995656]]]}},
{"type":"Feature","properties":{"fid":136,"landuse":11},"geometry":{"type":"Polygon","coordinates":[[[124.844691101381883,8.330957761230724],[124.8446898306278,8.330686540573332],[124.84478060271212,8.330686118689579],[124.844779755524925,8.330505304925108],[124.844688983482214,8.330505726799577],[124.844689407052613,8.330596133686672],[124.844507862911314,8.330596977382703],[124.844507439382511,8.330506570486332],[124.844416667325532,8.330506992298607],[124.844415396830172,8.330235771592971],[124.844506168824708,8.330235349794613],[124.844505745314976,8.33014494289651],[124.844414973341244,8.330145364690226],[124.844413702902955,8.329874143979405],[124.844504474814258,8.329873722199608],[124.844503627837568,8.329692908399512],[124.844412855967903,8.329693330170027],[124.844412432507511,8.329602923264694],[124.844321660653904,8.329603345009842],[124.844320390363706,8.32933212427732],[124.844411162154884,8.329331702546094],[124.844408621578083,8.328789261097226],[124.844317849911789,8.328789682800616],[124.84431742651978,8.328699275886319],[124.844226654869502,8.328699697564337],[124.844225808141402,8.328518883725168],[124.844135036527987,8.328519305373186],[124.844133343212079,8.328157677671102],[124.844224114742261,8.328157256041646],[124.844223268071246,8.327976442197293],[124.84431403955503,8.32797602055639],[124.844313192861435,8.327795206719589],[124.844403964298863,8.327794785067242],[124.844403540938387,8.327704378152831],[124.84449431235025,8.327703956484401],[124.84449388897373,8.327613549574203],[124.844856974490369,8.327611862711811],[124.844858244883895,8.327883083385428],[124.845130559158662,8.327881817979266],[124.845133100448749,8.328424259231284],[124.845042328903745,8.328424681081911],[124.845042752447952,8.328515087960378],[124.844861209302024,8.328515931608742],[124.844862056321446,8.328696745382945],[124.844771284699746,8.328697167185322],[124.84477086120846,8.328606760293797],[124.844589317992359,8.328607603827091],[124.844590164896474,8.328788417628274],[124.8446809365485,8.328787995862708],[124.844683053996093,8.329240030334903],[124.844864597493981,8.329239186695181],[124.844864173953326,8.329148779810888],[124.844954945674345,8.329148357964581],[124.844954522117632,8.329057951084494],[124.844772978712484,8.329058794747104],[124.844772555202169,8.328968387857307],[124.844863326886298,8.328967966041006],[124.844862479838312,8.328787152269399],[124.844953251476085,8.328786730441653],[124.84495409856568,8.32896754420398],[124.845044870240315,8.328967122346228],[124.84504571739059,8.329147936097543],[124.845136489102089,8.329147514209778],[124.845136065503752,8.329057107338976],[124.845226837189671,8.329056685435129],[124.8452276844327,8.329237499167011],[124.845318456155482,8.329237077233151],[124.845318879804935,8.329327484093801],[124.845500423277841,8.329326640154614],[124.845501694379649,8.329597860706118],[124.845592466171396,8.329597438691504],[124.845594161123742,8.329959066068886],[124.845684932993962,8.329958644014972],[124.845685356764761,8.330049050853592],[124.845594584873723,8.330049472912151],[124.84559755125693,8.330682320802913],[124.845143691001866,8.330684430947258],[124.845144962068147,8.330955651535026],[124.844691101381883,8.330957761230724]]]}},
{"type":"Feature","properties":{"fid":137,"landuse":2},"geometry":{"type":"Polygon","coordinates":[[[124.827603617162012,8.326245098121561],[124.827602778314159,8.326064282567723],[124.827693550206959,8.32606386482059],[124.827694389096422,8.326244680365228],[124.827603617162012,8.326245098121561]]]}},
{"type":"Feature","properties":{"fid":138,"landuse":2},"geometry":{"type":"Polygon","coordinates":[[[124.827693130769305,8.325973457047624],[124.827692291908136,8.325792641500396],[124.827783063733818,8.325792223746335],[124.827783902636597,8.325973039284365],[124.827693130769305,8.325973457047624]]]}},
{"type":"Feature","properties":{"fid":139,"landuse":2},"geometry":{"type":"Polygon","coordinates":[[[124.827783063733818,8.325792223746335],[124.827782644289499,8.32570181597667],[124.827873416089659,8.32570139820649],[124.827873835554769,8.325791805971555],[124.827783063733818,8.325792223746335]]]}},
{"type":"Feature","properties":{"fid":140,"landuse":2},"geometry":{"type":"Polygon","coordinates":[[[124.827873416089659,8.32570139820649],[124.827872577173551,8.325520582675066],[124.828054120676512,8.325519747090942],[124.82805454017381,8.325610154847674],[124.827963768403876,8.325610572654691],[124.827964187885101,8.325700980415588],[124.827873416089659,8.32570139820649]]]}},
{"type":"Feature","properties":{"fid":141,"landuse":7},"geometry":{"type":"Polygon","coordinates":[[[124.828243216582308,8.327146250813485],[124.828242796963238,8.327055843073289],[124.827970480669023,8.327057096777267],[124.827970061117085,8.326966689022843],[124.827879289030392,8.326967106878127],[124.827878869503991,8.326876699118671],[124.82778809743337,8.326877116948634],[124.827787677932477,8.32678670918415],[124.827696905877943,8.326787126988791],[124.827696066931921,8.32660631144933],[124.827605294914306,8.32660672922405],[124.827603617162012,8.326245098121561],[124.827694389096422,8.326244680365228],[124.827693130769305,8.325973457047624],[124.827783902636597,8.325973039284365],[124.827783063733818,8.325792223746335],[124.827873835554769,8.325791805971555],[124.827873416089659,8.32570139820649],[124.827964187885101,8.325700980415588],[124.827963768403876,8.325610572654691],[124.82805454017381,8.325610154847674],[124.828054120676512,8.325519747090942],[124.828235664160616,8.325518911423943],[124.828235244626455,8.32542850367598],[124.828326016340611,8.325428085816004],[124.82832643589559,8.325518493559365],[124.828598751072235,8.325517239841318],[124.828599170694346,8.325607647570452],[124.828780714163429,8.325606811645626],[124.828781133831853,8.325697219365123],[124.828871905580129,8.325696801367034],[124.828872325274062,8.325787209081499],[124.828963097038439,8.325786791058087],[124.82896519568294,8.326238829600941],[124.828874423814554,8.326239247647358],[124.828875682995474,8.326510470781695],[124.828784911059955,8.326510888821195],[124.828786589950667,8.326872519679339],[124.828695817927212,8.326872937716521],[124.828696657359259,8.327053753152205],[124.828515113215005,8.327054589182806],[124.828515532896489,8.327144996909203],[124.828243216582308,8.327146250813485]]]}},
{"type":"Feature","properties":{"fid":142,"landuse":2},"geometry":{"type":"Polygon","coordinates":[[[124.828054120676512,8.325519747090942],[124.828053701183947,8.325429339333782],[124.828235244626455,8.32542850367598],[124.828235664160616,8.325518911423943],[124.828054120676512,8.325519747090942]]]}},
{"type":"Feature","properties":{"fid":143,"landuse":11},"geometry":{"type":"Polygon","coordinates":[[[124.834948970303799,8.324674266805992],[124.834948128246779,8.324493451983839],[124.835038899403301,8.324493032636873],[124.835039741501916,8.324673847449795],[124.834948970303799,8.324674266805992]]]}},
{"type":"Feature","properties":{"fid":144,"landuse":11},"geometry":{"type":"Polygon","coordinates":[[[124.836484917136488,8.323130210224557],[124.836484495832579,8.323039802884871],[124.836393725084562,8.323040222489368],[124.836392882532508,8.322859407799458],[124.836483653238943,8.322858988204203],[124.836483231949202,8.322768580863221],[124.836664773306282,8.322767741619813],[124.836665194637575,8.322858148951553],[124.836755965329786,8.322857729294162],[124.836756386686645,8.322948136620852],[124.836665615973615,8.322948556282864],[124.83666645865992,8.323129370944187],[124.836484917136488,8.323130210224557]]]}},
{"type":"Feature","properties":{"fid":145,"landuse":11},"geometry":{"type":"Polygon","coordinates":[[[124.836660560253833,8.32186366827867],[124.836660138974636,8.321773260942182],[124.836750909417347,8.321772841340239],[124.836751330717306,8.321863248672106],[124.836660560253833,8.32186366827867]]]}},
{"type":"Feature","properties":{"fid":146,"landuse":5},"geometry":{"type":"Polygon","coordinates":[[[124.835825944079929,8.318070333555665],[124.835825523186742,8.317979926159483],[124.835916292799013,8.317979506937903],[124.83591671371299,8.318069914329469],[124.835825944079929,8.318070333555665]]]}},
{"type":"Feature","properties":{"fid":147,"landuse":2},"geometry":{"type":"Polygon","coordinates":[[[124.835644825655919,8.318161579350951],[124.835643142258959,8.317799949728411],[124.835915450985325,8.317798692153481],[124.835916292799013,8.317979506937903],[124.835825523186742,8.317979926159483],[124.835825944079929,8.318070333555665],[124.835735174442107,8.318070752761162],[124.835735595319235,8.318161160161536],[124.835644825655919,8.318161579350951]]]}},
{"type":"Feature","properties":{"fid":148,"landuse":11},"geometry":{"type":"Polygon","coordinates":[[[124.828743801815662,8.317650930640355],[124.828743382567083,8.317560522882465],[124.828834152444102,8.317560105298455],[124.828834571713472,8.317650513051744],[124.828743801815662,8.317650930640355]]]}},
{"type":"Feature","properties":{"fid":149,"landuse":2},"geometry":{"type":"Polygon","coordinates":[[[124.835461182288512,8.317710380592253],[124.835459919929392,8.317439158341818],[124.835550689435948,8.317438739230743],[124.835551951857411,8.317709961467326],[124.835461182288512,8.317710380592253]]]}},
{"type":"Feature","properties":{"fid":150,"landuse":2},"geometry":{"type":"Polygon","coordinates":[[[124.828743382567083,8.317560522882465],[124.828742963323208,8.317470115124149],[124.828833733179465,8.317469697544739],[124.828834152444102,8.317560105298455],[124.828743382567083,8.317560522882465]]]}},
{"type":"Feature","properties":{"fid":151,"landuse":11},"geometry":{"type":"Polygon","coordinates":[[[124.829014853576339,8.317378454578874],[124.829014014987507,8.317197639087686],[124.829104784767281,8.317197221459985],[124.829105623397666,8.317378036941969],[124.829014853576339,8.317378454578874]]]}},
{"type":"Feature","properties":{"fid":152,"landuse":2},"geometry":{"type":"Polygon","coordinates":[[[124.831558086350881,8.317728383383178],[124.83155598691053,8.317276345305238],[124.831646756578891,8.3172759270934],[124.831645916794258,8.317095111868422],[124.831736686416306,8.317094693645096],[124.831739625890677,8.317727546892717],[124.831558086350881,8.317728383383178]]]}},
{"type":"Feature","properties":{"fid":153,"landuse":2},"geometry":{"type":"Polygon","coordinates":[[[124.835093055782252,8.316627167638334],[124.835092214484632,8.316446352757852],[124.83518298378155,8.316445933780351],[124.835183825120723,8.316626748651597],[124.835093055782252,8.316627167638334]]]}},
{"type":"Feature","properties":{"fid":154,"landuse":2},"geometry":{"type":"Polygon","coordinates":[[[124.835274594454461,8.316626329644169],[124.835274173761732,8.316535922213378],[124.835364943069948,8.316535503189868],[124.835364522361161,8.316445095763267],[124.835455291643854,8.316444676723679],[124.835455712373431,8.316535084145668],[124.835546481672168,8.316534665080766],[124.83554690242724,8.316625072497706],[124.835274594454461,8.316626329644169]]]}},
{"type":"Feature","properties":{"fid":155,"landuse":5},"geometry":{"type":"Polygon","coordinates":[[[124.843158835397276,8.313877585739471],[124.843158413039461,8.313787178698291],[124.843249181311734,8.313786758013388],[124.843249603690282,8.313877165049929],[124.843158835397276,8.313877585739471]]]}},
{"type":"Feature","properties":{"fid":156,"landuse":5},"geometry":{"type":"Polygon","coordinates":[[[124.843346708539215,8.315232849766534],[124.843346286068552,8.315142442741099],[124.843164748905636,8.315143284270713],[124.843163904061683,8.314962470199996],[124.843073135514643,8.314962890924491],[124.843071023591804,8.314510855716971],[124.843161792034991,8.314510435015659],[124.843160947257573,8.314329620938903],[124.843251715654446,8.314329200226176],[124.843249603690282,8.313877165049929],[124.843431140262084,8.313876323608779],[124.843430717841954,8.31378591658151],[124.843703022601659,8.313784654278534],[124.843702600123976,8.313694247264749],[124.843884136565137,8.313693405635263],[124.843885404137012,8.313964626647499],[124.844157708950007,8.31396336400636],[124.844158131545811,8.314053770995661],[124.844067363258802,8.314054191901366],[124.844067785838575,8.314144598894876],[124.844158554146333,8.314144177984527],[124.844158976751643,8.314234584972962],[124.844249745075444,8.314234164037288],[124.844250590341872,8.314414978003587],[124.844159821976518,8.31441539894854],[124.844160667220436,8.314596212922392],[124.843979130392384,8.31459705476879],[124.843979552979945,8.314687461764347],[124.843888784538009,8.314687882661147],[124.843889207109527,8.314778289660911],[124.843798438642082,8.31477871054166],[124.843799706322855,8.315049931552283],[124.843708937788335,8.315050352426253],[124.843709360337328,8.315140759433573],[124.843618591777258,8.315141180291491],[124.843619014310235,8.315231587303016],[124.843346708539215,8.315232849766534]]]}},
{"type":"Feature","properties":{"fid":157,"landuse":7},"geometry":{"type":"Polygon","coordinates":[[[124.837620697283796,8.313631986706993],[124.837619855135429,8.313451172056762],[124.837710623614186,8.313450752652352],[124.837711044706751,8.31354115997306],[124.837801813201523,8.313540740543342],[124.837802234319611,8.313631147858995],[124.837620697283796,8.313631986706993]]]}},
{"type":"Feature","properties":{"fid":158,"landuse":2},"geometry":{"type":"Polygon","coordinates":[[[124.845607463093984,8.313414185276306],[124.845607040199155,8.313323778358251],[124.845697808239123,8.313323357137977],[124.845698231154685,8.31341376405139],[124.845607463093984,8.313414185276306]]]}},
{"type":"Feature","properties":{"fid":159,"landuse":2},"geometry":{"type":"Polygon","coordinates":[[[124.83516616097404,8.312829635993268],[124.835165740500898,8.312739228539751],[124.835256508941356,8.312738809730851],[124.835256929435289,8.31282921717975],[124.83516616097404,8.312829635993268]]]}},
{"type":"Feature","properties":{"fid":160,"landuse":2},"geometry":{"type":"Polygon","coordinates":[[[124.835168683912357,8.313372080705301],[124.835168263410793,8.313281673254373],[124.835077494840974,8.313282092070288],[124.835075392508074,8.312830054786097],[124.83516616097404,8.312829635993268],[124.835166581451929,8.312920043446349],[124.835438886883779,8.312918786929888],[124.8354372047514,8.312557157170371],[124.835618741516143,8.312556319426237],[124.835619162083688,8.312646726857528],[124.835709930479723,8.312646307949814],[124.835712874730334,8.313279159924448],[124.835531337642763,8.313279997783841],[124.835531758227376,8.3133704052163],[124.835168683912357,8.313372080705301]]]}},
{"type":"Feature","properties":{"fid":161,"landuse":2},"geometry":{"type":"Polygon","coordinates":[[[124.844876668683412,8.312423077800041],[124.844876246007118,8.312332670840103],[124.844967013856674,8.312332249836379],[124.844967436553773,8.312422656791677],[124.844876668683412,8.312423077800041]]]}},
{"type":"Feature","properties":{"fid":162,"landuse":2},"geometry":{"type":"Polygon","coordinates":[[[124.837250466910731,8.312096739258498],[124.837250045997834,8.312006331907785],[124.837340814163227,8.31200591266008],[124.837341235096929,8.312096320006171],[124.837250466910731,8.312096739258498]]]}},
{"type":"Feature","properties":{"fid":163,"landuse":5},"geometry":{"type":"Polygon","coordinates":[[[124.843059621262157,8.312069865410047],[124.843059199020217,8.311979458355605],[124.843149966881853,8.311979037784125],[124.843150389144569,8.312069444833929],[124.843059621262157,8.312069865410047]]]}},
{"type":"Feature","properties":{"fid":164,"landuse":7},"geometry":{"type":"Polygon","coordinates":[[[124.843249603690282,8.313877165049929],[124.843249181311734,8.313786758013388],[124.842976876480705,8.313788020006038],[124.84297645416919,8.313697612955149],[124.842794917632972,8.31369845417087],[124.842794495367755,8.313608047110282],[124.842703727113289,8.313608467682473],[124.842703304873595,8.313518060616818],[124.842612536635144,8.313518481163685],[124.842609581235791,8.312885631659572],[124.842700349328879,8.312885211145154],[124.842699504930309,8.312704397006513],[124.842790272977098,8.312703976480678],[124.842789428555989,8.312523162349585],[124.842880196556479,8.312522741812341],[124.842879774332303,8.312432334750778],[124.842970542307285,8.312431914197484],[124.842969697831634,8.312251100082344],[124.843060465760331,8.312250679517637],[124.843059621262157,8.312069865410047],[124.843150389144569,8.312069444833929],[124.843149544623884,8.311888630733888],[124.843240312459983,8.311888210146359],[124.843239890186013,8.31179780310033],[124.843784496978301,8.311795279168624],[124.843784919376859,8.311885686186828],[124.844147990559662,8.31188400313347],[124.844148413046057,8.311974410132688],[124.84432994865044,8.311973568472629],[124.844330793720573,8.31215438245121],[124.844421561557155,8.312153961580876],[124.844421984120132,8.312244368564878],[124.844331216262759,8.312244789439854],[124.844332061361399,8.312425603415846],[124.84424129345777,8.312426024279418],[124.8442421385339,8.312606838262967],[124.844151370583958,8.312607259115131],[124.844151793108409,8.312697666110902],[124.844061025132945,8.312698086947016],[124.844061870154547,8.31287890094654],[124.843971102132798,8.312879321771248],[124.843972792150012,8.313240949783671],[124.84388202404044,8.313241370606249],[124.84388329154099,8.313512591624953],[124.843792523364314,8.313513012440758],[124.843793368346937,8.31369382646035],[124.843702600123976,8.313694247264749],[124.843703022601659,8.313784654278534],[124.843430717841954,8.31378591658151],[124.843431140262084,8.313876323608779],[124.843249603690282,8.313877165049929]]]}},
{"type":"Feature","properties":{"fid":165,"landuse":2},"geometry":{"type":"Polygon","coordinates":[[[124.839970981289241,8.311541709412824],[124.839970559781833,8.311451302198282],[124.840061327680374,8.311450882357832],[124.840061749208544,8.311541289567742],[124.839970981289241,8.311541709412824]]]}},
{"type":"Feature","properties":{"fid":166,"landuse":2},"geometry":{"type":"Polygon","coordinates":[[[124.835432158808814,8.311472267850451],[124.835431738344369,8.311381860404321],[124.835250202100625,8.311382697945666],[124.83524978168245,8.311292290489872],[124.835522085978681,8.311291034160687],[124.835522926944364,8.311471849044137],[124.835432158808814,8.311472267850451]]]}},
{"type":"Feature","properties":{"fid":167,"landuse":2},"geometry":{"type":"Polygon","coordinates":[[[124.835521665502952,8.311200626718314],[124.835521245031941,8.311110219275507],[124.835612013079682,8.311109800466983],[124.835612433571455,8.31120020790517],[124.835521665502952,8.311200626718314]]]}},
{"type":"Feature","properties":{"fid":168,"landuse":2},"geometry":{"type":"Polygon","coordinates":[[[124.83533970892222,8.311111056830512],[124.835339288497494,8.311020649378042],[124.835430056533937,8.311020230615499],[124.835430476979454,8.311110638063351],[124.83533970892222,8.311111056830512]]]}},
{"type":"Feature","properties":{"fid":169,"landuse":2},"geometry":{"type":"Polygon","coordinates":[[[124.837258886164122,8.313904886182311],[124.837258465156452,8.313814478840214],[124.836713853572277,8.313816994446631],[124.836713432693955,8.313726587076376],[124.836622664100787,8.313727006267081],[124.836620559884068,8.31327496938624],[124.836529791390006,8.313275388533151],[124.836528949778014,8.313094573768559],[124.836619718230551,8.313094154630884],[124.836619297410877,8.31300374725256],[124.83652852897913,8.313004166385618],[124.836528108184993,8.312913759002241],[124.836618876595963,8.312913339873807],[124.836617614179644,8.312642117734955],[124.83652684583096,8.312642536849529],[124.836526425055766,8.312552129464429],[124.83661719338366,8.312551710354478],[124.83661593102417,8.312280488210453],[124.836525162758576,8.312280907306546],[124.836524742002311,8.312190499919721],[124.836615510247142,8.31219008082825],[124.836615089474876,8.312099673445617],[124.836524321250792,8.312100092532466],[124.836523479761979,8.311919277756664],[124.836432711574687,8.311919696813591],[124.836432290858141,8.311829289420421],[124.836523059024671,8.311828870368119],[124.836522638292095,8.311738462979136],[124.83634110199587,8.311739301053823],[124.836340681309551,8.311648893655175],[124.836431449439274,8.311648474632793],[124.836431028736953,8.311558067238334],[124.836340260627992,8.311558486256097],[124.836339839951151,8.311468078856587],[124.836249071858248,8.311468497849043],[124.836248651206915,8.311378090444485],[124.836157883129999,8.311378509411641],[124.83615746250419,8.311288102002028],[124.836066694443318,8.311288520943883],[124.836066273843002,8.311198113529219],[124.835975505798146,8.311198532445776],[124.835974664653236,8.311017717605917],[124.835793128632389,8.311018555358507],[124.835792708108571,8.310928147928696],[124.835701940111832,8.310928566769348],[124.835702360614903,8.311018974203774],[124.835430056533937,8.311020230615499],[124.835429636093167,8.310929823167218],[124.835611172110347,8.310928985589319],[124.835610751632771,8.310838578149841],[124.835792287589499,8.310837740498453],[124.83579186707513,8.310747333067777],[124.835973402971362,8.310746495342903],[124.835972982420216,8.310656087921036],[124.836063750340486,8.310655669032194],[124.83606417091238,8.310746076449442],[124.836154938848679,8.310745657535302],[124.836154518255995,8.310655250122672],[124.836245286166772,8.310654831192469],[124.836245706780218,8.310745238600481],[124.836336474707039,8.310744819644977],[124.836337315989653,8.310925634450465],[124.836428083953251,8.310925215465042],[124.836428925296346,8.311106030259566],[124.836519693296722,8.311105611244219],[124.836520534700298,8.311286426027781],[124.836611302737495,8.311286006982515],[124.836611723467144,8.311376414369027],[124.836702491520327,8.311375995298457],[124.836703333035388,8.311556810060948],[124.83688486921065,8.311555971839274],[124.836885710827701,8.311736786581559],[124.836976478949779,8.311736367430457],[124.836977320627312,8.311917182161775],[124.837068088786154,8.311916762980747],[124.837068509652795,8.312007170341138],[124.837159277827695,8.312006751134803],[124.837160119616698,8.312187565845049],[124.837341656035321,8.31218672735184],[124.837341235096929,8.312096320006171],[124.837432003278352,8.312095900733166],[124.837432845201462,8.312276715414814],[124.837523613419691,8.312276296111875],[124.837524455403269,8.312457110782557],[124.837615223658318,8.312456691449686],[124.837615644677982,8.312547098779758],[124.837706412949032,8.312546679421581],[124.837706833994218,8.312637086746596],[124.837797602281299,8.312636667363108],[124.837798865507594,8.312907889321705],[124.837617328804072,8.312908728095731],[124.837616907765451,8.312818320767386],[124.837435371084524,8.312819159449425],[124.837436213083464,8.312999974124178],[124.837254676300503,8.313000812741961],[124.83725509726554,8.313091220087932],[124.837164328846171,8.313091639370416],[124.837165591707418,8.313362861419622],[124.837256360189102,8.313362442123273],[124.837256781173096,8.313452849467522],[124.837347549670781,8.313452430145865],[124.837349654765703,8.313904466837542],[124.837258886164122,8.313904886182311]]]}},
{"type":"Feature","properties":{"fid":170,"landuse":7},"geometry":{"type":"Polygon","coordinates":[[[124.851403036572435,8.310494173108035],[124.851402188434747,8.310313359839119],[124.851311421380402,8.310313782208976],[124.851310573303365,8.310132968929022],[124.851219806285755,8.310133391268886],[124.851218534268256,8.309862171331751],[124.851490835119847,8.309860904292035],[124.851493803663516,8.310493750708181],[124.851403036572435,8.310494173108035]]]}},
{"type":"Feature","properties":{"fid":171,"landuse":2},"geometry":{"type":"Polygon","coordinates":[[[124.843322213100222,8.309989241578355],[124.843321368715166,8.309808427477034],[124.843230601361341,8.309808847978591],[124.843230179196723,8.309718440922646],[124.8431394118589,8.309718861398887],[124.843138567585413,8.30953804727643],[124.843320102173251,8.309537206321815],[124.843320524349139,8.309627613373983],[124.843502058959473,8.309626772327382],[124.843503747876625,8.309988400494653],[124.843322213100222,8.309989241578355]]]}},
{"type":"Feature","properties":{"fid":172,"landuse":5},"geometry":{"type":"Polygon","coordinates":[[[124.833245323712845,8.309674161777592],[124.833244903841305,8.309583754212094],[124.833335671654382,8.309583335999024],[124.83333609154667,8.309673743559909],[124.833245323712845,8.309674161777592]]]}},
{"type":"Feature","properties":{"fid":173,"landuse":2},"geometry":{"type":"Polygon","coordinates":[[[124.841777057570766,8.309544351799641],[124.841776635752552,8.30945394466824],[124.841867403099357,8.309453524516071],[124.841867824938333,8.309543931642839],[124.841777057570766,8.309544351799641]]]}},
{"type":"Feature","properties":{"fid":174,"landuse":7},"geometry":{"type":"Polygon","coordinates":[[[124.839694463265047,8.310638896520318],[124.839693199086241,8.310367674820814],[124.839602431417859,8.310368094523003],[124.839602010055188,8.310277687284342],[124.839692777702794,8.310277267586788],[124.839691934950125,8.310096453117437],[124.839601167344043,8.310096872805738],[124.839600745995583,8.310006465565786],[124.83950997840553,8.310006885228782],[124.839509135764388,8.309826070738332],[124.839418368211099,8.309826490371394],[124.839417946918388,8.309736083120896],[124.839327179381129,8.309736502728652],[124.839326758113941,8.309646095473093],[124.839235990592684,8.309646515055546],[124.839234726881855,8.309375293272405],[124.839325494340812,8.309374873703838],[124.839324651849125,8.309194059188844],[124.839596954073031,8.309192800386839],[124.839597375378787,8.309283207630669],[124.839778910212502,8.309282368316687],[124.839779331564515,8.309372775550829],[124.839960866420768,8.309371936144885],[124.839961287819051,8.30946234336934],[124.840052055260841,8.309461923630725],[124.840052898113143,8.30964273806908],[124.840143665591697,8.309642318300526],[124.840145772909324,8.310094354365734],[124.840055005326974,8.310094774157431],[124.840057534140186,8.31063721744923],[124.839694463265047,8.310638896520318]]]}},
{"type":"Feature","properties":{"fid":175,"landuse":2},"geometry":{"type":"Polygon","coordinates":[[[124.835601502324096,8.30884961437229],[124.835601081955417,8.308759206922902],[124.835691849458655,8.308758788213762],[124.835692269848096,8.308849195658532],[124.835601502324096,8.30884961437229]]]}},
{"type":"Feature","properties":{"fid":176,"landuse":5},"geometry":{"type":"Polygon","coordinates":[[[124.841410614304536,8.308822775008544],[124.841410192607341,8.308732367855162],[124.841500959807107,8.308731947822764],[124.841501381525035,8.308822354971511],[124.841410614304536,8.308822775008544]]]}},
{"type":"Feature","properties":{"fid":177,"landuse":2},"geometry":{"type":"Polygon","coordinates":[[[124.84014535143632,8.310003947153552],[124.840143665591697,8.309642318300526],[124.840052898113143,8.30964273806908],[124.840052055260841,8.309461923630725],[124.839961287819051,8.30946234336934],[124.839960866420768,8.309371936144885],[124.839779331564515,8.309372775550829],[124.839778910212502,8.309282368316687],[124.839597375378787,8.309283207630669],[124.839596532772021,8.309102393142577],[124.839687300149734,8.309101973505182],[124.839686878832723,8.309011566265118],[124.839596111475771,8.309011985897888],[124.839595268897469,8.308831171407212],[124.839504501577281,8.308831591010046],[124.839503237807719,8.308560369256917],[124.83968477231879,8.308559530058337],[124.839685193612084,8.308649937300558],[124.839957495405415,8.308648678333737],[124.839957916765712,8.308739085561641],[124.840230218578597,8.308737826394857],[124.840231482874827,8.30900904803431],[124.840322250198554,8.309008628256809],[124.840323093127964,8.3091894426717],[124.840413860488482,8.309189022864263],[124.840414281981055,8.309279430066431],[124.840595816729348,8.309278590380265],[124.840596238268205,8.309368997572738],[124.840687005656008,8.309368577694009],[124.840687427220331,8.309458984881427],[124.840778194624136,8.309458564977387],[124.84077861621401,8.309548972159741],[124.840869383633816,8.309548552230396],[124.840870226869299,8.30972936658455],[124.841051761777734,8.309728526645298],[124.841051340116081,8.309638119477695],[124.841142107542424,8.309637699481684],[124.841143372603852,8.309908920969294],[124.841052605115237,8.3099093409792],[124.84105218344412,8.309818933812464],[124.84096141597152,8.309819353797062],[124.840961837621876,8.309909760968431],[124.840689535113341,8.309911020812041],[124.840689956706157,8.310001427996873],[124.840508421635207,8.310002267798481],[124.840508000083886,8.309911860604391],[124.840326465035446,8.309912700314026],[124.840326043530411,8.309822293110242],[124.840235276019811,8.30982271292941],[124.840236118993133,8.310003527345801],[124.84014535143632,8.310003947153552]]]}},
{"type":"Feature","properties":{"fid":178,"landuse":2},"geometry":{"type":"Polygon","coordinates":[[[124.839593162534783,8.308379135172983],[124.839592741276476,8.308288727924843],[124.839683508467374,8.3082883083291],[124.839683929746457,8.30837871557261],[124.839593162534783,8.308379135172983]]]}},
{"type":"Feature","properties":{"fid":179,"landuse":2},"geometry":{"type":"Polygon","coordinates":[[[124.846218733728122,8.308258043102768],[124.846218310959344,8.308167636192639],[124.846309077782507,8.3081672150923],[124.846309500572033,8.308257621997784],[124.846218733728122,8.308258043102768]]]}},
{"type":"Feature","properties":{"fid":180,"landuse":5},"geometry":{"type":"Polygon","coordinates":[[[124.833510488968713,8.308135978625678],[124.83351006911532,8.308045571066689],[124.833600836561303,8.308045152870003],[124.833601256435458,8.308135560424377],[124.833510488968713,8.308135978625678]]]}},
{"type":"Feature","properties":{"fid":181,"landuse":2},"geometry":{"type":"Polygon","coordinates":[[[124.845764054111939,8.308079334450445],[124.845763631456478,8.307988927516233],[124.84585439826192,8.307988506528552],[124.845854820938143,8.30807891345812],[124.845764054111939,8.308079334450445]]]}},
{"type":"Feature","properties":{"fid":182,"landuse":2},"geometry":{"type":"Polygon","coordinates":[[[124.84585439826192,8.307988506528552],[124.845853975590458,8.307898099598553],[124.845944742370378,8.307897678594841],[124.845945165062616,8.307988085520195],[124.84585439826192,8.307988506528552]]]}},
{"type":"Feature","properties":{"fid":183,"landuse":2},"geometry":{"type":"Polygon","coordinates":[[[124.846130503467492,8.308800905666667],[124.846130080690912,8.308710498754481],[124.846039313733712,8.308710919841335],[124.846038890982655,8.308620512924071],[124.846129657919121,8.308620091841858],[124.846129235152048,8.308529684928812],[124.846038468236358,8.308530106006378],[124.846038045494808,8.308439699088256],[124.845947278595091,8.308440120140505],[124.845946010461319,8.30816889936961],[124.846127544131434,8.308168057272304],[124.846128389632227,8.308348871101421],[124.846400690226233,8.308347607772536],[124.84640026741117,8.308257200872127],[124.846491034245574,8.308256779725793],[124.846490611414524,8.308166372829602],[124.846581378223405,8.308165951667238],[124.846580532534091,8.307985137882847],[124.846671299296702,8.307984716709102],[124.846670453584935,8.30780390293228],[124.846761220301261,8.30780348174715],[124.846761643175526,8.307893888631133],[124.846852409907839,8.307893467420689],[124.846854101535484,8.308255094933722],[124.846763334720137,8.308255516162751],[124.84676375761822,8.30834592304458],[124.84667299077735,8.308346344257577],[124.846673413659431,8.308436751143622],[124.846582646793067,8.308437172340597],[124.846583915405589,8.308708393010068],[124.84640238153402,8.308709235369859],[124.846402804372858,8.308799642268113],[124.846130503467492,8.308800905666667]]]}},
{"type":"Feature","properties":{"fid":184,"landuse":2},"geometry":{"type":"Polygon","coordinates":[[[124.846579686863862,8.307804324096731],[124.846579264035896,8.307713917203028],[124.846670030736206,8.30771349604322],[124.846670453584935,8.30780390293228],[124.846579686863862,8.307804324096731]]]}},
{"type":"Feature","properties":{"fid":185,"landuse":5},"geometry":{"type":"Polygon","coordinates":[[[124.833146999284011,8.308047243646698],[124.833146159757419,8.307866428490538],[124.8330553923293,8.30786684657463],[124.833054552863132,8.307686031407524],[124.833326855008806,8.307684777120897],[124.833327694599532,8.307865592260333],[124.833236927180835,8.307866010385773],[124.833237766748937,8.308046825532704],[124.833146999284011,8.308047243646698]]]}},
{"type":"Feature","properties":{"fid":186,"landuse":2},"geometry":{"type":"Polygon","coordinates":[[[124.836050294539646,8.307762631452736],[124.836049874124001,8.307672224021267],[124.836140641354476,8.307671805264176],[124.836141061790855,8.307762212691026],[124.836050294539646,8.307762631452736]]]}},
{"type":"Feature","properties":{"fid":187,"landuse":2},"geometry":{"type":"Polygon","coordinates":[[[124.845491753604747,8.308080597303377],[124.84549090842313,8.307899783406665],[124.845400141619393,8.307900204307009],[124.845397606313242,8.307357762578679],[124.845760673001507,8.307356078964691],[124.845762786159824,8.307808113646519],[124.845672019391117,8.30780853460424],[124.845672442016323,8.307898941543955],[124.845763208805764,8.30789852058159],[124.845763631456478,8.307988927516233],[124.845672864646261,8.30798934848324],[124.84567328728096,8.308079755422096],[124.845491753604747,8.308080597303377]]]}},
{"type":"Feature","properties":{"fid":188,"landuse":11},"geometry":{"type":"Polygon","coordinates":[[[124.828970434372238,8.30779523117053],[124.828970015575521,8.307704823379479],[124.829060783174668,8.307704406234922],[124.82905994555388,8.307523590660729],[124.829150713106785,8.307523173504704],[124.829150294282726,8.307432765721565],[124.829331829332887,8.307431931356694],[124.829333085943787,8.307703154677212],[124.829151550769097,8.307703989069694],[124.82915196960731,8.30779439685154],[124.828970434372238,8.30779523117053]]]}},
{"type":"Feature","properties":{"fid":189,"landuse":11},"geometry":{"type":"Polygon","coordinates":[[[124.830421877471437,8.307607738867897],[124.830421039237436,8.30742692343094],[124.830511806698794,8.307426505969417],[124.830512225834198,8.307516913683507],[124.830602993311587,8.30751649619671],[124.830603412472456,8.307606903905764],[124.830421877471437,8.307607738867897]]]}},
{"type":"Feature","properties":{"fid":190,"landuse":11},"geometry":{"type":"Polygon","coordinates":[[[124.830511806698794,8.307426505969417],[124.830511387568123,8.307336098254897],[124.830602155004016,8.30733568077731],[124.830602574155449,8.307426088487224],[124.830511806698794,8.307426505969417]]]}},
{"type":"Feature","properties":{"fid":191,"landuse":11},"geometry":{"type":"Polygon","coordinates":[[[124.830602155004016,8.30733568077731],[124.830601735857314,8.307245273066963],[124.830692503267727,8.307244855573307],[124.830692922435162,8.307335263279047],[124.830602155004016,8.30733568077731]]]}},
{"type":"Feature","properties":{"fid":192,"landuse":11},"geometry":{"type":"Polygon","coordinates":[[[124.830600897578051,8.307064457644977],[124.830600478445504,8.30697404993334],[124.830691245793659,8.306973632453502],[124.83069166494694,8.30706404016053],[124.830600897578051,8.307064457644977]]]}},
{"type":"Feature","properties":{"fid":193,"landuse":5},"geometry":{"type":"Polygon","coordinates":[[[124.833051614880532,8.307053178309086],[124.833051195187636,8.306962770721874],[124.833141962408206,8.3069623526839],[124.833142382121864,8.307052760266497],[124.833051614880532,8.307053178309086]]]}},
{"type":"Feature","properties":{"fid":194,"landuse":11},"geometry":{"type":"Polygon","coordinates":[[[124.83032775730716,8.306884894522943],[124.830327338246335,8.306794486796628],[124.830418105567134,8.306794069388012],[124.830418524648721,8.306884477109724],[124.83032775730716,8.306884894522943]]]}},
{"type":"Feature","properties":{"fid":195,"landuse":11},"geometry":{"type":"Polygon","coordinates":[[[124.830508872883229,8.30679365195873],[124.830508453785583,8.306703244241193],[124.830599221076213,8.306702826795838],[124.830598801962552,8.306612419082477],[124.830689569227687,8.306612001621058],[124.830690407501237,8.306792817038142],[124.830508872883229,8.30679365195873]]]}},
{"type":"Feature","properties":{"fid":196,"landuse":11},"geometry":{"type":"Polygon","coordinates":[[[124.830414753084341,8.306070807598834],[124.830414334045216,8.305980399873247],[124.830595868299142,8.305979565076894],[124.830596287379748,8.306069972793271],[124.830414753084341,8.306070807598834]]]}},
{"type":"Feature","properties":{"fid":197,"landuse":11},"geometry":{"type":"Polygon","coordinates":[[[124.828328781624691,8.306442033241746],[124.828327944468029,8.306261217581891],[124.828237177163231,8.306261634487466],[124.828235921525831,8.305990410980653],[124.828508223239368,8.305989160243316],[124.828507386046837,8.305808344597555],[124.828688920415928,8.305807510687712],[124.82869101364011,8.306259549752887],[124.828600246354171,8.306259966741143],[124.828600664992393,8.306350374557486],[124.828419130364864,8.306351208481187],[124.828419548966281,8.306441616306302],[124.828328781624691,8.306442033241746]]]}},
{"type":"Feature","properties":{"fid":198,"landuse":7},"geometry":{"type":"Polygon","coordinates":[[[124.836885290016809,8.311646379210636],[124.83688486921065,8.311555971839274],[124.836703333035388,8.311556810060948],[124.836702491520327,8.311375995298457],[124.836611723467144,8.311376414369027],[124.836611302737495,8.311286006982515],[124.836520534700298,8.311286426027781],[124.836519693296722,8.311105611244219],[124.836428925296346,8.311106030259566],[124.836428083953251,8.310925215465042],[124.836337315989653,8.310925634450465],[124.836336474707039,8.310744819644977],[124.836245706780218,8.310745238600481],[124.836242762585613,8.310112386735364],[124.83615199479938,8.31011280563785],[124.836144425452517,8.3084854720903],[124.836235192865061,8.308485053270962],[124.836231829037359,8.307761793908639],[124.836141061790855,8.307762212691026],[124.836136437250957,8.306767730972007],[124.836045670228046,8.306768149682906],[124.83604398880226,8.3064065199355],[124.835953221857579,8.306406938607257],[124.835951540590571,8.306045308834481],[124.835860773724193,8.306045727467094],[124.835859512885904,8.305774505119132],[124.835768746077022,8.30577492371722],[124.835767485343581,8.305503701351528],[124.835858252090205,8.305503282767297],[124.83585783183446,8.305412875315826],[124.836039365272001,8.305412038094596],[124.836038944979492,8.305321630651932],[124.83622047835658,8.30532079335727],[124.836220898690598,8.305411200790697],[124.836583965470979,8.305409525934888],[124.836584385892735,8.305499933349404],[124.836765919295999,8.305499095788257],[124.836766339763983,8.305589503193101],[124.836857106479258,8.305589084376903],[124.836857526972736,8.305679491776694],[124.836948293704012,8.305679072935211],[124.836948714222984,8.305769480329952],[124.83703948097029,8.305769061463174],[124.837039901514729,8.305859468852866],[124.837221435036625,8.305858631048062],[124.837221855627291,8.30594903842808],[124.83731262240191,8.305948619490053],[124.837315146170042,8.306491063733379],[124.837133612367111,8.306491901644225],[124.837134032970226,8.306582309025849],[124.836952499106843,8.306583146863256],[124.836954601985909,8.307035183811125],[124.837045369023741,8.307034764879651],[124.837049154691343,8.307848431317087],[124.837139921911202,8.307848012323348],[124.837142025329499,8.308300049194843],[124.837232792648422,8.308299630157324],[124.837234475551369,8.308661259628277],[124.837143708149426,8.308661678684288],[124.837147074016684,8.309384937642498],[124.837237841584709,8.309384518549511],[124.837239103925384,8.309655740637863],[124.837329871550949,8.309655321510334],[124.837331133996571,8.309926543580943],[124.837421901679676,8.309926124418869],[124.837424847697292,8.310558975869515],[124.837334079868882,8.310559395063947],[124.83733618420554,8.311011431824589],[124.837245416268544,8.311011851021449],[124.837246678865114,8.311283073086532],[124.837155910861114,8.311283492276576],[124.837156752574316,8.311464306993717],[124.837065984524031,8.311464726172325],[124.837066405366983,8.311555133534872],[124.836975637291189,8.311555552697415],[124.836976058118125,8.311645960064149],[124.836885290016809,8.311646379210636]]]}},
{"type":"Feature","properties":{"fid":199,"landuse":2},"geometry":{"type":"Polygon","coordinates":[[[124.836049033306921,8.307491409157041],[124.836048192508784,8.307310594291092],[124.835957425356582,8.307311013009034],[124.835956164257183,8.307039790693024],[124.835865397162507,8.307040209376437],[124.83586413616797,8.306768987042695],[124.835682602088951,8.306769824319801],[124.835681761532612,8.306589009410008],[124.835590994527507,8.306589428008319],[124.835590574277177,8.306499020548163],[124.83540904029428,8.306499857673534],[124.83540777969624,8.306228635262769],[124.83531701275993,8.306229053780596],[124.835316592590814,8.306138646304866],[124.835225825670534,8.306139064797406],[124.83522246465391,8.305415804939095],[124.835313231408193,8.305415386483489],[124.835312811281668,8.305324979003879],[124.835494344734542,8.305324142039895],[124.835493924571225,8.305233734569091],[124.835584691269815,8.305233316060715],[124.835585531642636,8.305414130992665],[124.83567629837799,8.305413712454385],[124.83567545796366,8.305232897531676],[124.835856991337138,8.305232060411589],[124.835857411583447,8.305322467863922],[124.836038944979492,8.305321630651932],[124.836039365272001,8.305412038094596],[124.83585783183446,8.305412875315826],[124.835858252090205,8.305503282767297],[124.835767485343581,8.305503701351528],[124.835768746077022,8.30577492371722],[124.835859512885904,8.305774505119132],[124.835860773724193,8.306045727467094],[124.835951540590571,8.306045308834481],[124.835953221857579,8.306406938607257],[124.83604398880226,8.3064065199355],[124.836045670228046,8.306768149682906],[124.836136437250957,8.306767730972007],[124.836139800495886,8.307490990409191],[124.836049033306921,8.307491409157041]]]}},
{"type":"Feature","properties":{"fid":200,"landuse":7},"geometry":{"type":"Polygon","coordinates":[[[124.851112083393474,8.306517547254206],[124.851111659594579,8.306427140587022],[124.85102089341845,8.306427562694603],[124.851020045876538,8.306246749349626],[124.850929279737116,8.306247171427227],[124.85092843225577,8.306066358071217],[124.850837666153097,8.306066780118835],[124.850836818732375,8.305885966751784],[124.850746052666409,8.305886388769419],[124.850742663340412,8.305163135246731],[124.851014961025953,8.305161869243561],[124.851016232174146,8.305433089275898],[124.851288530003487,8.305431823044815],[124.851293615772917,8.306516702967718],[124.851112083393474,8.306517547254206]]]}},
{"type":"Feature","properties":{"fid":201,"landuse":2},"geometry":{"type":"Polygon","coordinates":[[[124.835493084258857,8.305052919626187],[124.835492664109779,8.304962512154088],[124.835583430746098,8.304962093659567],[124.835583010581004,8.304871686191657],[124.835673777191857,8.304871267681087],[124.835674617568287,8.30505208260724],[124.835493084258857,8.305052919626187]]]}},
{"type":"Feature","properties":{"fid":202,"landuse":11},"geometry":{"type":"Polygon","coordinates":[[[124.830495045154279,8.303810197052716],[124.830494626212456,8.303719789320972],[124.83040385960183,8.303720206593693],[124.830402602866897,8.303448983382065],[124.830311836313811,8.303449400620307],[124.830311417432341,8.303358992877634],[124.830220650895271,8.303359410090609],[124.830219813188009,8.30317859459476],[124.830129046687688,8.303179011777866],[124.830128627861868,8.303088604024691],[124.830310160816296,8.303087769647025],[124.830309741953712,8.302997361902628],[124.830400508403088,8.302996944687409],[124.830400927286419,8.3030873524272],[124.830491693751824,8.303086935186716],[124.830492112660622,8.303177342921472],[124.830582879142042,8.303176925655714],[124.830583298076277,8.303267333385438],[124.830674064573742,8.303266916094413],[124.830674483533457,8.303357323819103],[124.830765250046937,8.30335690650281],[124.830765669032118,8.30344731422246],[124.830856435561614,8.303446896880901],[124.830856854572247,8.303537304595515],[124.830947621117772,8.303536887228688],[124.83094845919473,8.303717702647415],[124.830676159419525,8.30371895471354],[124.830676578402844,8.30380936243607],[124.830495045154279,8.303810197052716]]]}},
{"type":"Feature","properties":{"fid":203,"landuse":5},"geometry":{"type":"Polygon","coordinates":[[[124.830400927286419,8.3030873524272],[124.830400508403088,8.302996944687409],[124.830491274847759,8.302996527451524],[124.830491693751824,8.303086935186716],[124.830400927286419,8.3030873524272]]]}},
{"type":"Feature","properties":{"fid":204,"landuse":5},"geometry":{"type":"Polygon","coordinates":[[[124.833458059850798,8.33589191801939],[124.833454689872966,8.33516865852126],[124.833182368766032,8.335169917014095],[124.833181105289825,8.33489869465366],[124.832364142275964,8.334902468887549],[124.832362458456927,8.334540838901582],[124.832090137617115,8.334542096550869],[124.832086349863104,8.333728428932718],[124.832358670140664,8.333727171407887],[124.832352357131114,8.332371058840634],[124.83208003779049,8.332372316158033],[124.832081300119938,8.332643538720745],[124.831808980549383,8.332644795893],[124.831807718407319,8.332373573288807],[124.831535398981615,8.332374830232959],[124.831536660936294,8.332646052878625],[124.831264341280701,8.332647309677624],[124.831263079513391,8.332376086990491],[124.830990760002649,8.332377343561397],[124.830986975517902,8.331563675352287],[124.831259294466548,8.331562418905765],[124.831256350805788,8.330929565926789],[124.830984032294282,8.330930822276569],[124.830980248489723,8.330117154005269],[124.829890976266597,8.330122177041133],[124.829887195092383,8.32930850823751],[124.829342559849749,8.32931101838745],[124.829341299917914,8.329039795362281],[124.829068982420182,8.329041050116002],[124.829067722718122,8.328769827045532],[124.828432315495306,8.328772753982129],[124.828429797092568,8.328230307636298],[124.828157480015179,8.328231561643999],[124.828156221064745,8.327960338423861],[124.827883904132179,8.327961592203641],[124.827880967183205,8.327328737911627],[124.827608650645161,8.327329991408321],[124.827605294914306,8.32660672922405],[124.827696066931921,8.32660631144933],[124.827696905877943,8.326787126988791],[124.827787677932477,8.32678670918415],[124.82778809743337,8.326877116948634],[124.827878869503991,8.326876699118671],[124.827879289030392,8.326967106878127],[124.827970061117085,8.326966689022843],[124.827970480669023,8.327057096777267],[124.828242796963238,8.327055843073289],[124.828243216582308,8.327146250813485],[124.828515532896489,8.327144996909203],[124.828515113215005,8.327054589182806],[124.828696657359259,8.327053753152205],[124.828695817927212,8.326872937716521],[124.828786589950667,8.326872519679339],[124.828784911059955,8.326510888821195],[124.828875682995474,8.326510470781695],[124.828874423814554,8.326239247647358],[124.82896519568294,8.326238829600941],[124.828963097038439,8.325786791058087],[124.828872325274062,8.325787209081499],[124.828871905580129,8.325696801367034],[124.828781133831853,8.325697219365123],[124.828780714163429,8.325606811645626],[124.828599170694346,8.325607647570452],[124.828598751072235,8.325517239841318],[124.82832643589559,8.325518493559365],[124.828326016340611,8.325428085816004],[124.828053701183947,8.325429339333782],[124.828054120676512,8.325519747090942],[124.827872577173551,8.325520582675066],[124.827873416089659,8.32570139820649],[124.827782644289499,8.32570181597667],[124.827783063733818,8.325792223746335],[124.827692291908136,8.325792641500396],[124.827693550206959,8.32606386482059],[124.827602778314159,8.326064282567723],[124.827604875469163,8.326516321449077],[124.827332559450412,8.326517574635124],[124.827330043253028,8.325975127893452],[124.827057727566356,8.325976380810264],[124.827053954150088,8.325162710544509],[124.826781638982638,8.325163963150748],[124.82677618997765,8.32398866141482],[124.827048504333945,8.323987408987838],[124.827045989302817,8.323444962090932],[124.82731830324235,8.323443709560259],[124.827315788006587,8.322901262730566],[124.827406559185576,8.322900845206497],[124.827405301568945,8.322629621799623],[124.827042217074293,8.322631291716458],[124.827038445227487,8.321817621307048],[124.827401528973567,8.321815951555699],[124.82739775676005,8.32100228127684],[124.827670068958767,8.321001028870018],[124.827667553987652,8.320458582080796],[124.827939865769721,8.320457329570377],[124.827936931414726,8.319824475059896],[124.828209242717833,8.319823222459705],[124.828207985020768,8.319551999132994],[124.828480296094341,8.31955074638786],[124.828476522696604,8.318737076508631],[124.828204212184232,8.318738329129573],[124.828202954656931,8.318467105787336],[124.828475264982259,8.31846585320779],[124.828470234549343,8.317380959965638],[124.828742544084065,8.317379707365399],[124.828738771144018,8.31656603751725],[124.829011080075247,8.316564784854952],[124.829009822326483,8.316293561605889],[124.829282131028222,8.316292308798744],[124.829280453846579,8.315930677849172],[124.829552762256554,8.315929424910998],[124.829541441572403,8.313488416193806],[124.829904517142751,8.313486745816991],[124.829903259252063,8.313215522662039],[124.830175565693324,8.31321426970363],[124.830170114514601,8.312038969500227],[124.828717817323565,8.312045648836238],[124.828716560469346,8.31177442548112],[124.828988866097774,8.311773173550378],[124.828985095229086,8.31095950358598],[124.829348168586762,8.310957834221075],[124.829344397352756,8.310144164387445],[124.829616701760841,8.310142912270873],[124.829611673295958,8.309058019270774],[124.829339369635207,8.309059271221658],[124.82933518038962,8.308155193536129],[124.829062877309198,8.308156445162867],[124.829061620814329,8.307885221807389],[124.828789317878218,8.307886473206645],[124.828786805389456,8.307344026401251],[124.8285145027845,8.307345277531635],[124.828510734930092,8.306531607170268],[124.828238432843037,8.306532857990403],[124.828237177163231,8.306261634487466],[124.828327944468029,8.306261217581891],[124.828328781624691,8.306442033241746],[124.828419548966281,8.306441616306302],[124.828419130364864,8.306351208481187],[124.828600664992393,8.306350374557486],[124.828600246354171,8.306259966741143],[124.82869101364011,8.306259549752887],[124.828688920415928,8.305807510687712],[124.828507386046837,8.305808344597555],[124.828503200367237,8.304904266342913],[124.828775501291332,8.304903015585161],[124.828772571160499,8.304270160877904],[124.829044871606442,8.304268910030771],[124.829042359876254,8.303726463204871],[124.829314659906302,8.303725212254578],[124.829310892069316,8.302911542110914],[124.829583191496823,8.302910291098913],[124.829581935449411,8.302639067751365],[124.829672701853582,8.302638650719848],[124.829672283159795,8.302548242941073],[124.829763049538514,8.302547825893502],[124.829764305696216,8.302819049214728],[124.829855072132446,8.302818632132682],[124.829855909635995,8.302999447668803],[124.83003744257725,8.30299861342432],[124.830037861377605,8.303089021182529],[124.830128627861868,8.303088604024691],[124.830129046687688,8.303179011777866],[124.830219813188009,8.30317859459476],[124.830220650895271,8.303359410090609],[124.830311417432341,8.303358992877634],[124.830311836313811,8.303449400620307],[124.830402602866897,8.303448983382065],[124.83040385960183,8.303720206593693],[124.830494626212456,8.303719789320972],[124.830495045154279,8.303810197052716],[124.830676578402844,8.30380936243607],[124.83067699739091,8.303899770158173],[124.830586230748224,8.303900187481434],[124.830586649720246,8.303990595207708],[124.830495883052123,8.303991012514912],[124.830496302008115,8.304081420245362],[124.830405535314526,8.304081837536504],[124.830405954254488,8.304172245271129],[124.830315187535419,8.304172662546208],[124.830315606459351,8.304263070285009],[124.830224839714816,8.304263487544029],[124.830225677535367,8.304444303029548],[124.830134910744619,8.304444720277111],[124.830139099923144,8.305348797724914],[124.830229866921357,8.305348380431308],[124.830230704855211,8.305529195906496],[124.830321471890215,8.305528778583014],[124.830322728888632,8.305800001778751],[124.830413495981162,8.305799584420786],[124.830413915010851,8.305889992147231],[124.830595449223253,8.305889157360088],[124.830595868299142,8.305979565076894],[124.830777402534167,8.305978730197864],[124.830777821656298,8.30606913790503],[124.830868588787453,8.306068720429904],[124.83086900793505,8.306159128132032],[124.830959775082263,8.30615871063163],[124.830960194255326,8.30624911832872],[124.831050961418583,8.306248700803042],[124.831052219028322,8.306519923877916],[124.831142986249105,8.306519506317748],[124.831144663211234,8.30688113705979],[124.831053895907459,8.306881554638382],[124.831055572862141,8.307243185391959],[124.830964805470629,8.307243602968304],[124.83096606317396,8.307514826042784],[124.831056830627759,8.307514408452619],[124.831060604179612,8.308328077611341],[124.831151371815466,8.308327659959046],[124.831153049155446,8.308689290666631],[124.831243816869616,8.308688872975234],[124.831245494368204,8.309050503657501],[124.831336262160661,8.309050085926998],[124.831337100979823,8.309230901256333],[124.831427868809115,8.30923048349594],[124.831430804970225,8.309863337102792],[124.831340036995599,8.309863754895437],[124.83134087589977,8.310044570217018],[124.831250107878915,8.310044987998198],[124.831251785660882,8.310406618654618],[124.831161017552262,8.310407036433546],[124.831163534242307,8.310949482432894],[124.831254302475529,8.310949064626325],[124.831255980446414,8.311310695265512],[124.831346748757937,8.311310277419834],[124.831347587813255,8.311491092727627],[124.831438356161598,8.311490674852054],[124.831439195277341,8.311671490148907],[124.83152996366249,8.311671072243435],[124.831530383248207,8.311761479886608],[124.831621151649401,8.311761061955842],[124.831622410497218,8.312032284868955],[124.831713178955965,8.312031866903684],[124.831714437908602,8.312303089799096],[124.83180520642496,8.312302671799312],[124.831807724582376,8.312845117550854],[124.831898493218588,8.312844699502737],[124.831899752423382,8.313115922358861],[124.831990521117191,8.313115504276233],[124.831991780426861,8.313386727114652],[124.832082549178239,8.31338630899751],[124.832085068049722,8.313928754635061],[124.831994299173701,8.31392917277986],[124.831998077612951,8.314742841248576],[124.83208884667593,8.314742423062295],[124.832090106303056,8.315013645863614],[124.832180875423617,8.315013227642821],[124.832181295329562,8.315103635237783],[124.832272064466153,8.315103216991686],[124.832272904333749,8.31528403217111],[124.832363673507189,8.315283613895099],[124.832364093468854,8.315374021479558],[124.832454862658338,8.315373603178244],[124.832455702637418,8.315554418336644],[124.832546471863722,8.315554000005417],[124.832548571997947,8.316006037870821],[124.832457802667747,8.316006456225097],[124.832460322860143,8.316548901677013],[124.832551092315015,8.316548483295072],[124.832551932458514,8.316729298433046],[124.832642701950206,8.31672888002119],[124.832643122049831,8.316819287584915],[124.832733891557552,8.316818869147754],[124.8327343116827,8.316909276706443],[124.832825081206479,8.316908858243973],[124.832825501357121,8.316999265797618],[124.832916270896945,8.316998847309842],[124.832916691073109,8.317089254858441],[124.833007460629005,8.317088836345357],[124.83300788083065,8.317179243888914],[124.833098650402604,8.317178825350521],[124.833099070629743,8.317269232889039],[124.833189840217756,8.317268814325336],[124.833190260470417,8.31735922185881],[124.833281030074446,8.317358803269796],[124.833282711215531,8.317720433380932],[124.83337348089799,8.317720014752771],[124.833378945399161,8.318895312506344],[124.83328817544654,8.318895731194461],[124.833289016168393,8.31907654623623],[124.833198246169488,8.319076964912869],[124.833199086868689,8.319257779962134],[124.83310831682347,8.319258198627294],[124.833110838909846,8.31980064379241],[124.833201609079794,8.319800225099577],[124.833202449854639,8.319981040141942],[124.833293220061421,8.31998062141918],[124.833293640476739,8.320071028935104],[124.83338441069958,8.320070610187026],[124.833384831140407,8.320161017697906],[124.833475601379277,8.32016059892451],[124.833476021845627,8.320251006430347],[124.833566792100584,8.320250587631632],[124.833567212592456,8.320340995132426],[124.833657982863457,8.320340576308395],[124.833663029384184,8.321425466228886],[124.833753799899938,8.321425047328791],[124.833754641094544,8.321605862300276],[124.833845411647147,8.321605443370244],[124.833846252902219,8.321786258330775],[124.834027794076405,8.321785420390135],[124.834028214752649,8.321875827860525],[124.834118985353442,8.321875408854531],[124.83411940605518,8.321965816319871],[124.83421017667203,8.321965397288551],[124.834210597399306,8.322055804748851],[124.834301368032214,8.322055385692206],[124.834301788785027,8.322145793147458],[124.834392559433979,8.32214537406549],[124.834393400995367,8.322326188965473],[124.834484171681197,8.322325769853562],[124.834485434121106,8.322596992186449],[124.834576204864589,8.322596573039984],[124.834577888267248,8.322958202792668],[124.834668659089175,8.322957783607032],[124.834669500860485,8.323138598471553],[124.834760271719247,8.323138179255972],[124.834761955401873,8.323499808961374],[124.834852726339093,8.323499389706617],[124.834853568250395,8.323680204547497],[124.834944339224478,8.32367978526279],[124.834945181196304,8.32386060009271],[124.835035952207235,8.323860180778061],[124.835036794239599,8.324040995597024],[124.835127565287408,8.324040576252424],[124.835128407380267,8.324221391060426],[124.835219178464939,8.324220971685877],[124.835220020618365,8.324401786482921],[124.835310791739872,8.324401367078424],[124.835312476186729,8.324762996648863],[124.83522170498199,8.324763416071825],[124.835223810543056,8.325215453048243],[124.835133039229589,8.325215872473576],[124.8351334603352,8.325306279872184],[124.835224231669457,8.325305860442231],[124.835226337372546,8.325757897405701],[124.835317108806066,8.325757477931948],[124.835319214731527,8.326209514861539],[124.835228443193969,8.326209934358376],[124.835228864372453,8.326300341747617],[124.835138092809387,8.326300761228353],[124.835138935138957,8.326481576014773],[124.835048163529521,8.326481995484023],[124.835048584680607,8.326572402881201],[124.834957813045648,8.326572822334349],[124.834958234180661,8.326663229735711],[124.834504375830818,8.326665326713703],[124.834503954799828,8.326574919289261],[124.833687009659258,8.326578692502673],[124.833687430503005,8.326669099968646],[124.833415115308583,8.326670357347309],[124.833415536094662,8.326760764826687],[124.833233992566448,8.326761602984746],[124.833234413315637,8.326852010472914],[124.832962097925446,8.326853267568428],[124.832962518616952,8.326943675070003],[124.8326902031218,8.326944931992852],[124.832690623755596,8.327035339507827],[124.832599851893619,8.327035758445277],[124.832600272511371,8.327126165964433],[124.832509500623857,8.32712658488577],[124.832509921225522,8.327216992409102],[124.832419149312457,8.327217411314328],[124.832420411083376,8.327488633895568],[124.832329639103193,8.327489052793899],[124.832330900854245,8.327760275385083],[124.832421672896871,8.327759856472921],[124.83242251412949,8.327940671522333],[124.832513286208993,8.327940252580227],[124.832514548155785,8.328211475137273],[124.832605320292998,8.328211056160612],[124.832606582344781,8.328482278699944],[124.832697354539661,8.328481859688726],[124.832698195972782,8.328662674703565],[124.832788968204554,8.328662255662399],[124.832789809698212,8.328843070666291],[124.832699037424803,8.328843489716677],[124.83269945815789,8.328933897222587],[124.832790230452119,8.328933478167587],[124.832791913515038,8.329295108168463],[124.832882685887782,8.329294689074292],[124.832884369109607,8.329656319049816],[124.832975141560837,8.329655899916471],[124.832976404089308,8.329927122379742],[124.833067176598277,8.329926703211836],[124.83306843923171,8.330197925657387],[124.833159211798403,8.330197506454912],[124.833159632706483,8.330287913931288],[124.83325040528922,8.330287494703475],[124.833252510004698,8.33073953205581],[124.833343282686798,8.330739112784201],[124.833344545635242,8.331010335176586],[124.833435318375066,8.331009915870409],[124.833436160405981,8.331190730787281],[124.833526933182696,8.331190311451145],[124.833527775274177,8.331371126357061],[124.833618548087784,8.331370706990967],[124.833618969161449,8.331461114438666],[124.833528196327023,8.331461533809373],[124.833528617384573,8.331551941261251],[124.833619390239846,8.331551521885935],[124.833621495702687,8.332003559115785],[124.833712268657294,8.332003139696665],[124.833713110917188,8.332183954576356],[124.833803883908715,8.332183535127275],[124.833804726229147,8.332364349996013],[124.833895499257579,8.332363930516966],[124.833897184038534,8.332725560230797],[124.833987957145496,8.332725140712563],[124.833988799606018,8.332905955557658],[124.834079572749872,8.332905536009459],[124.834079994008064,8.332995943426747],[124.834170767168033,8.332995523853194],[124.834171609740196,8.333176338677244],[124.834262382937084,8.333175919073726],[124.834262804251097,8.333266326480487],[124.834353577464057,8.333265906851617],[124.834354420147903,8.333446721654612],[124.834445193397784,8.333446301995773],[124.834448143086107,8.33407915376034],[124.834357369690451,8.334079573451485],[124.834363269471226,8.335345276981716],[124.834454043158402,8.335344857225959],[124.834455307580299,8.335616079386146],[124.834546081325243,8.335615659595803],[124.834546502829497,8.33570606697705],[124.833911086369739,8.335709005106141],[124.833911507732921,8.335799412519256],[124.833639186259575,8.335800671420117],[124.833639607565004,8.335891078846645],[124.833458059850798,8.33589191801939]],[[124.834948970303799,8.324674266805992],[124.835039741501916,8.324673847449795],[124.835038899403301,8.324493032636873],[124.834948128246779,8.324493451983839],[124.834948970303799,8.324674266805992]],[[124.831558086350881,8.317728383383178],[124.831739625890677,8.317727546892717],[124.831736686416306,8.317094693645096],[124.831645916794258,8.317095111868422],[124.831646756578891,8.3172759270934],[124.83155598691053,8.317276345305238],[124.831558086350881,8.317728383383178]],[[124.828743801815662,8.317650930640355],[124.828834571713472,8.317650513051744],[124.828833733179465,8.317469697544739],[124.828742963323208,8.317470115124149],[124.828743801815662,8.317650930640355]],[[124.829014853576339,8.317378454578874],[124.829105623397666,8.317378036941969],[124.829104784767281,8.317197221459985],[124.829014014987507,8.317197639087686],[124.829014853576339,8.317378454578874]],[[124.828970434372238,8.30779523117053],[124.82915196960731,8.30779439685154],[124.829151550769097,8.307703989069694],[124.829333085943787,8.307703154677212],[124.829331829332887,8.307431931356694],[124.829150294282726,8.307432765721565],[124.829150713106785,8.307523173504704],[124.82905994555388,8.307523590660729],[124.829060783174668,8.307704406234922],[124.828970015575521,8.307704823379479],[124.828970434372238,8.30779523117053]],[[124.830421877471437,8.307607738867897],[124.830603412472456,8.307606903905764],[124.830602993311587,8.30751649619671],[124.830512225834198,8.307516913683507],[124.830511806698794,8.307426505969417],[124.830421039237436,8.30742692343094],[124.830421877471437,8.307607738867897]],[[124.830511806698794,8.307426505969417],[124.830602574155449,8.307426088487224],[124.830602155004016,8.30733568077731],[124.830511387568123,8.307336098254897],[124.830511806698794,8.307426505969417]],[[124.830602155004016,8.30733568077731],[124.830692922435162,8.307335263279047],[124.830692503267727,8.307244855573307],[124.830601735857314,8.307245273066963],[124.830602155004016,8.30733568077731]],[[124.830600897578051,8.307064457644977],[124.83069166494694,8.30706404016053],[124.830691245793659,8.306973632453502],[124.830600478445504,8.30697404993334],[124.830600897578051,8.307064457644977]],[[124.83032775730716,8.306884894522943],[124.830418524648721,8.306884477109724],[124.830418105567134,8.306794069388012],[124.830327338246335,8.306794486796628],[124.83032775730716,8.306884894522943]],[[124.830508872883229,8.30679365195873],[124.830690407501237,8.306792817038142],[124.830689569227687,8.306612001621058],[124.830598801962552,8.306612419082477],[124.830599221076213,8.306702826795838],[124.830508453785583,8.306703244241193],[124.830508872883229,8.30679365195873]],[[124.830414753084341,8.306070807598834],[124.830596287379748,8.306069972793271],[124.830595868299142,8.305979565076894],[124.830414334045216,8.305980399873247],[124.830414753084341,8.306070807598834]]]}},
{"type":"Feature","properties":{"fid":205,"landuse":11},"geometry":{"type":"Polygon","coordinates":[[[124.829581935449411,8.302639067751365],[124.829581516776372,8.302548659967988],[124.829672283159795,8.302548242941073],[124.829672701853582,8.302638650719848],[124.829581935449411,8.302639067751365]]]}},
{"type":"Feature","properties":{"fid":206,"landuse":5},"geometry":{"type":"Polygon","coordinates":[[[124.829581516776372,8.302548659967988],[124.829581098108051,8.302458252184179],[124.82967186447074,8.302457835161869],[124.829672283159795,8.302548242941073],[124.829581516776372,8.302548659967988]]]}},
{"type":"Feature","properties":{"fid":207,"landuse":11},"geometry":{"type":"Polygon","coordinates":[[[124.830037861377605,8.303089021182529],[124.83003744257725,8.30299861342432],[124.829855909635995,8.302999447668803],[124.829855072132446,8.302818632132682],[124.829764305696216,8.302819049214728],[124.829763049538514,8.302547825893502],[124.829672283159795,8.302548242941073],[124.82967186447074,8.302457835161869],[124.829581098108051,8.302458252184179],[124.829578586197229,8.301915805472298],[124.829669352435474,8.301915388477603],[124.829669771096235,8.302005796259394],[124.829942069844847,8.302004545137549],[124.829942488572527,8.302094952905096],[124.830033254833367,8.302094535818558],[124.830034092344377,8.302275351343154],[124.83012485864198,8.30227493422675],[124.830127371412772,8.302817380762583],[124.830218137830116,8.302816963597897],[124.830218556662501,8.302907371347755],[124.830127790224424,8.30290778851705],[124.830128627861868,8.303088604024691],[124.830037861377605,8.303089021182529]]]}},
{"type":"Feature","properties":{"fid":208,"landuse":2},"geometry":{"type":"Polygon","coordinates":[[[124.833300837078525,8.302079506944031],[124.833299998093054,8.301898691749477],[124.833390764137647,8.301898273907769],[124.833391603164586,8.302079089093096],[124.833300837078525,8.302079506944031]]]}},
{"type":"Feature","properties":{"fid":209,"landuse":11},"geometry":{"type":"Polygon","coordinates":[[[124.82985088489778,8.30191455442624],[124.82985046620027,8.30182414665323],[124.829941232403627,8.301823729601164],[124.829941651121871,8.301914137369572],[124.82985088489778,8.30191455442624]]]}},
{"type":"Feature","properties":{"fid":210,"landuse":2},"geometry":{"type":"Polygon","coordinates":[[[124.833390764137647,8.301898273907769],[124.833390344631255,8.301807866314459],[124.833481110650354,8.301807448456698],[124.833481530177465,8.301897856045395],[124.833390764137647,8.301898273907769]]]}},
{"type":"Feature","properties":{"fid":211,"landuse":2},"geometry":{"type":"Polygon","coordinates":[[[124.834206818944651,8.301713697298702],[124.834206399261078,8.301623289746052],[124.834387931126457,8.301622453656478],[124.83438835085154,8.301712861199901],[124.834206818944651,8.301713697298702]]]}},
{"type":"Feature","properties":{"fid":212,"landuse":2},"geometry":{"type":"Polygon","coordinates":[[[124.834024867376755,8.301624125752991],[124.834024447739381,8.301533718190681],[124.834115213663154,8.301533300202154],[124.834115633321261,8.301623707759852],[124.834024867376755,8.301624125752991]]]}},
{"type":"Feature","properties":{"fid":213,"landuse":5},"geometry":{"type":"Polygon","coordinates":[[[124.830128627861868,8.303088604024691],[124.830127790224424,8.30290778851705],[124.830218556662501,8.302907371347755],[124.830218137830116,8.302816963597897],[124.830127371412772,8.302817380762583],[124.83012485864198,8.30227493422675],[124.830034092344377,8.302275351343154],[124.830033254833367,8.302094535818558],[124.829942488572527,8.302094952905096],[124.829942069844847,8.302004545137549],[124.829669771096235,8.302005796259394],[124.829669352435474,8.301915388477603],[124.829578586197229,8.301915805472298],[124.829576911684399,8.301554174322435],[124.829849210136075,8.301552923331615],[124.829847954114328,8.301281700006127],[124.830120252336869,8.301280448870815],[124.830118996170953,8.301009225582884],[124.830209762173496,8.301008808510279],[124.830211437153778,8.301370439541573],[124.830302203234538,8.301370022429895],[124.830305134776921,8.302002876685862],[124.830395900998141,8.30200245952129],[124.830399670650607,8.302816129206533],[124.830490437053811,8.302815711979861],[124.830490855948412,8.30290611971591],[124.830400089524503,8.302906536947187],[124.830400508403088,8.302996944687409],[124.830309741953712,8.302997361902628],[124.830310160816296,8.303087769647025],[124.830128627861868,8.303088604024691]],[[124.82985088489778,8.30191455442624],[124.829941651121871,8.301914137369572],[124.829941232403627,8.301823729601164],[124.82985046620027,8.30182414665323],[124.82985088489778,8.30191455442624]]]}},
{"type":"Feature","properties":{"fid":214,"landuse":2},"geometry":{"type":"Polygon","coordinates":[[[124.846670030736206,8.30771349604322],[124.846669607892238,8.307623089153729],[124.846578841212676,8.307623510308893],[124.846578418394202,8.307533103414327],[124.846487651730641,8.307533524544169],[124.84648722893769,8.307443117644528],[124.846305695637753,8.307443959832909],[124.846306118389165,8.307534366741841],[124.846215351711322,8.307534787809669],[124.846214928980643,8.307444380896092],[124.845942628980723,8.307445643961605],[124.845940938354687,8.307084016247256],[124.846031704943073,8.307083595264666],[124.846031282277721,8.306993188339646],[124.84612204884057,8.306992767341029],[124.846121626159231,8.306902360420219],[124.8462123926966,8.306901939405579],[124.84621196999926,8.306811532488982],[124.846302736511106,8.306811111458314],[124.84630231379775,8.306720704545933],[124.846483846765651,8.306719862431871],[124.846484269520488,8.306810269334962],[124.846575036018038,8.306809848242279],[124.846574613242453,8.306719441343834],[124.846665379714509,8.306719020235127],[124.84666453413611,8.306538206446231],[124.846755300561867,8.306537785326144],[124.846754877759054,8.306447378435701],[124.846664111354059,8.306447799551142],[124.846663688576768,8.306357392655617],[124.84675445496103,8.306356971544822],[124.846753609379221,8.306176157761772],[124.846662843036455,8.306176578863274],[124.846659461065798,8.305453323676677],[124.846568694884269,8.305453744720346],[124.846568272180107,8.305363337815436],[124.846477506014551,8.305363758833794],[124.846475392668964,8.304911724279556],[124.846384626602401,8.304912145254022],[124.846384203968327,8.304821738337241],[124.846293437917737,8.304822159286392],[124.846292592705367,8.30464134544224],[124.846383358714448,8.304640924502374],[124.846382513479597,8.304460110665786],[124.846473279442463,8.304459689714548],[124.846469475934697,8.303646027470386],[124.846378710158575,8.303646448379821],[124.84637532975259,8.302923192985217],[124.846466095362771,8.302922772112941],[124.846464827726848,8.302651551346793],[124.84655559327004,8.302651130467792],[124.846553058002357,8.302108688951735],[124.846462292583624,8.302109109802865],[124.846461870076396,8.302018702877371],[124.846371104673651,8.302019123703198],[124.846370682191946,8.301928716772627],[124.846279916805159,8.301929137573152],[124.846279494348948,8.301838730637504],[124.846188728978134,8.301839151412723],[124.846185349665859,8.301115895874894],[124.846276114870747,8.301115475136825],[124.846275692457411,8.301025068197301],[124.846366457636805,8.301024647443224],[124.846366035207467,8.300934240507916],[124.846638330654898,8.30093297813568],[124.846637908168134,8.300842571213874],[124.846819438401127,8.3008417295384],[124.846818593358918,8.300660915712083],[124.846909358426799,8.300660494852654],[124.846908513362166,8.300479681033904],[124.846999278383805,8.300479260163112],[124.84699885583791,8.300388853257738],[124.847089620834055,8.300388432370935],[124.847089198272172,8.300298025469779],[124.847361493169828,8.300296762699393],[124.847361915793925,8.300387169586608],[124.847452680771013,8.300386748617191],[124.847453103420591,8.30047715549933],[124.847543868413638,8.300476734504608],[124.847544291088738,8.300567141381672],[124.847635056097772,8.300566720361649],[124.847635478798338,8.300657127233631],[124.847544713768585,8.3006575482583],[124.847548518101661,8.301471210128593],[124.847457752880487,8.301471631174437],[124.847460711927852,8.302104479304186],[124.847369946556739,8.302104900361906],[124.847371214729151,8.302376120996424],[124.847280449291063,8.302376542047426],[124.847283831127825,8.303099797091026],[124.847193065519036,8.303100218158546],[124.847194333724204,8.303371438806726],[124.847103568048411,8.303371859867527],[124.847106949972527,8.304095114947563],[124.847016184126034,8.304095536024873],[124.847017452363943,8.304366756686719],[124.84710821827268,8.30436633559547],[124.847109486615693,8.304637556239499],[124.847200252581942,8.304637135113646],[124.847203212360938,8.305269983235435],[124.847293978467633,8.305269562056386],[124.847294824203146,8.305450375792297],[124.847385590346576,8.305449954583288],[124.84738685904783,8.30572117516998],[124.847477625248743,8.305720753926362],[124.847478471114925,8.305901567639374],[124.847387704872517,8.305901988892286],[124.847388550716218,8.30608280261287],[124.847297784427553,8.30608322385441],[124.847298630248844,8.30626403758256],[124.847207863913908,8.306264458812723],[124.847209132619284,8.306535679415665],[124.84711836621733,8.306536100639098],[124.847119212003264,8.306716914381532],[124.847028445555026,8.306717335593593],[124.847029291318506,8.306898149343592],[124.846938524824012,8.306898570544273],[124.846939370565025,8.307079384301844],[124.84684860402426,8.307079805491146],[124.846849872609255,8.307351026138207],[124.846759106001457,8.307351447320778],[124.846760797431784,8.307713074862738],[124.846670030736206,8.30771349604322]]]}},
{"type":"Feature","properties":{"fid":215,"landuse":7},"geometry":{"type":"Polygon","coordinates":[[[124.850646390702138,8.303988270112734],[124.85064596714065,8.303897863410198],[124.850555201521601,8.303898285284079],[124.850554354454445,8.30371747186841],[124.850463588872117,8.303717893712319],[124.850462741865542,8.30353708028561],[124.85037197631992,8.303537502099546],[124.850371129373912,8.303356688661806],[124.850280363865011,8.303357110445772],[124.850279940419924,8.303266703721601],[124.850189174926982,8.303267125480247],[124.850188328092585,8.303086312021305],[124.85009756263635,8.303086733749982],[124.850095445737608,8.302634700071813],[124.850186211090119,8.302634278366407],[124.850183247487081,8.302001431231455],[124.850092482279749,8.302001852904279],[124.850090788980239,8.301640225941924],[124.850000023851095,8.301640647575475],[124.849997907437725,8.301188613839567],[124.849907142407517,8.301189035429191],[124.849904179774356,8.300556188148253],[124.849994944659443,8.300555766591208],[124.849994098194273,8.300374953087797],[124.850084863033103,8.300374531519404],[124.850084016545566,8.300193718023579],[124.850174781338168,8.30019329644384],[124.850179860798491,8.301278177337085],[124.850452155894132,8.301276912306374],[124.850458507119043,8.302633013126231],[124.850730803105023,8.302631747700117],[124.85073588560482,8.303716628118604],[124.851008182294578,8.303715362338931],[124.851009453213607,8.303986582391953],[124.850646390702138,8.303988270112734]]]}},
{"type":"Feature","properties":{"fid":216,"landuse":5},"geometry":{"type":"Polygon","coordinates":[[[124.830115227928104,8.300195555695863],[124.830114809258035,8.300105147928484],[124.830205575053213,8.30010473090192],[124.830205993744002,8.300195138664691],[124.830115227928104,8.300195555695863]]]}},
{"type":"Feature","properties":{"fid":217,"landuse":2},"geometry":{"type":"Polygon","coordinates":[[[124.834648896421001,8.299180195905921],[124.834648476766191,8.299089788364293],[124.834830007423037,8.299088952326612],[124.834830427119314,8.299179359859007],[124.834648896421001,8.299180195905921]]]}},
{"type":"Feature","properties":{"fid":218,"landuse":2},"geometry":{"type":"Polygon","coordinates":[[[124.834920772744368,8.299088534276791],[124.834920353032118,8.298998126748584],[124.834648057116127,8.298999380822236],[124.834647637470795,8.298908973279746],[124.834556872176734,8.29890939125838],[124.834556452556868,8.298818983710847],[124.834647217830181,8.298818565736829],[124.834646378563178,8.2986377506497],[124.834827909012702,8.298636914658175],[124.834827489344818,8.298546507123197],[124.835009019733974,8.298545671058299],[124.835009439443297,8.298636078584046],[124.835190969854963,8.298635242427318],[124.8351913896105,8.298725649943398],[124.835282154829983,8.298725231829442],[124.835282574610957,8.298815639340477],[124.83519180937077,8.298816057459051],[124.835192229135771,8.298906464974277],[124.835101463870103,8.298906883076814],[124.835101883619089,8.298997290596223],[124.835011118327969,8.298997708682728],[124.835011538060968,8.299088116206324],[124.834920772744368,8.299088534276791]]]}},
{"type":"Feature","properties":{"fid":219,"landuse":2},"geometry":{"type":"Polygon","coordinates":[[[124.830001025013772,8.295133136812993],[124.830000606628744,8.295042729016926],[124.83009137126777,8.295042312268828],[124.830091789673531,8.295132720060291],[124.830001025013772,8.295133136812993]]]}},
{"type":"Feature","properties":{"fid":220,"landuse":7},"geometry":{"type":"Polygon","coordinates":[[[124.84352532863123,8.295161220171803],[124.843524907153792,8.295070813064635],[124.843434143195068,8.295071232872294],[124.843433300295914,8.294890418647389],[124.843524064213199,8.294889998849007],[124.843523642750014,8.294799591740546],[124.843705170528864,8.294798752091134],[124.843706856575864,8.295160380485287],[124.84352532863123,8.295161220171803]]]}},
{"type":"Feature","properties":{"fid":221,"landuse":5},"geometry":{"type":"Polygon","coordinates":[[[124.83598980344118,8.294743956888274],[124.835989383707371,8.29465354939482],[124.836080147951535,8.29465313130285],[124.836080567706048,8.294743538791685],[124.83598980344118,8.294743956888274]]]}},
{"type":"Feature","properties":{"fid":222,"landuse":2},"geometry":{"type":"Polygon","coordinates":[[[124.843745656653553,8.303477831649911],[124.843745234697224,8.30338742459163],[124.843563702979182,8.303388265122241],[124.843563281069095,8.303297858054252],[124.843472515223681,8.303298278283931],[124.843472093339088,8.303207871210871],[124.84338132750969,8.303208291415247],[124.843380483796267,8.303027477258563],[124.843471249584184,8.303027057063462],[124.843470405848294,8.302846242914331],[124.843561171590011,8.302845822707839],[124.843560327831653,8.30266500856626],[124.843651093527114,8.302664588348387],[124.843650671634322,8.302574181281585],[124.843741437304288,8.302573761047691],[124.843741015395523,8.3024833539851],[124.843831781039981,8.302482933735183],[124.843831359115242,8.302392526676803],[124.843922124734192,8.302392106410863],[124.843921280857458,8.302211292302079],[124.844012046430208,8.30221087202476],[124.844011202531007,8.302030057923535],[124.843920436999738,8.302030478191577],[124.843917905540749,8.301488035849728],[124.843827140129164,8.301488456069283],[124.84382587452609,8.30121723487863],[124.843735109171959,8.301217655063612],[124.843733843673888,8.300946433855163],[124.843643078377241,8.300946854005577],[124.843642656574801,8.300856446930592],[124.843551891294112,8.300856867055712],[124.843551469517166,8.300766459975662],[124.843460704252479,8.300766880075486],[124.843459860754308,8.300586065904822],[124.843369095526342,8.300586485974714],[124.843366986967794,8.300134450517325],[124.843457752092078,8.300134030470621],[124.843456908660443,8.299953216293929],[124.84336614357764,8.299953636331361],[124.843365300206514,8.299772822143666],[124.84345606524785,8.299772402115511],[124.843454800164622,8.299501180844658],[124.843364035185473,8.299501600858902],[124.843361926912152,8.299049565375682],[124.843634221524354,8.299048305340555],[124.84363379982176,8.298957898256532],[124.843724564662224,8.298957478208159],[124.843723721229836,8.298776664048097],[124.843814486024115,8.29877624398835],[124.843814064294293,8.298685836912313],[124.843904829063092,8.29868541683655],[124.843904407317311,8.298595009764721],[124.843995172060588,8.29859458967295],[124.843994328541839,8.29841377553727],[124.844085093238945,8.29841335543413],[124.844084671465964,8.298322948370286],[124.843993906789606,8.298323368468793],[124.843993485042134,8.298232961399878],[124.843902720381777,8.298233381473095],[124.843902298659756,8.298142974399109],[124.84363000471231,8.298144234480953],[124.843629583057265,8.298053827392623],[124.843357289129202,8.298055087274717],[124.843356867541104,8.297964680172045],[124.843266102909624,8.297965100086806],[124.843265681347006,8.297874692979066],[124.843174916731499,8.297875112868544],[124.843174495194376,8.297784705755735],[124.843083730594856,8.29778512561993],[124.843082887576301,8.297604311383752],[124.842992123013488,8.297604731218023],[124.842991280055386,8.297423916970851],[124.842809750998427,8.297424756558906],[124.84280932956797,8.297334349425403],[124.842718565053104,8.297334769183825],[124.842718143648099,8.297244362045255],[124.842536614645553,8.297245201490886],[124.842535771932745,8.297064387193915],[124.842445007465798,8.297064806876488],[124.842444164813458,8.296883992568526],[124.842534929238965,8.29688357289522],[124.842534507899202,8.296793165745225],[124.842806801085004,8.296791906615345],[124.842806379687801,8.296701499478829],[124.843260201465455,8.296699400539298],[124.843259358478036,8.296518586311338],[124.843440887072916,8.296517746609556],[124.843440044021634,8.296336932398424],[124.843621572514607,8.296336092632613],[124.843618200168009,8.295612835845066],[124.843708964241557,8.295612415968298],[124.843705170528864,8.294798752091134],[124.843886698288713,8.29479791235916],[124.843886276747412,8.29470750526882],[124.843977040599469,8.294707085376508],[124.843976619042195,8.29461667829038],[124.844067382868786,8.294616258382069],[124.844066961295539,8.294525851300147],[124.844157725096665,8.294525431375833],[124.844157303507458,8.294435024298123],[124.844248067283104,8.294434604357809],[124.844247645677939,8.294344197284305],[124.84433840942809,8.294343777327992],[124.844337566190589,8.294162963188974],[124.844246802481877,8.294163383136009],[124.844245959304843,8.293982568985989],[124.844336722972102,8.293982149048233],[124.844336301370021,8.29389174197722],[124.844608592281162,8.293890482054044],[124.844609013945416,8.293980889111138],[124.84479054123716,8.29398004904988],[124.844790962947613,8.294070456097264],[124.844881726607085,8.294070036031037],[124.844882148343018,8.294160443073354],[124.844972912018449,8.294160022981849],[124.844974177316942,8.294431244092282],[124.84506494104977,8.294430823966211],[124.845065784647346,8.294611638028401],[124.845156548416838,8.294611217872408],[124.845157392074896,8.294792031923594],[124.84506662826395,8.294792452088869],[124.845067893724519,8.295063673176342],[124.844977129846654,8.295064093334902],[124.844978817111169,8.295425721464072],[124.844888053145652,8.295426141620551],[124.844888474952953,8.295516548656414],[124.844797710961942,8.295516968796891],[124.844798132753283,8.29560737583696],[124.844707368736806,8.295607795961438],[124.84470779051216,8.295698203005715],[124.844798554549357,8.295697782876598],[124.844799398155814,8.295878596954584],[124.844708634077179,8.295879017092982],[124.844709055866815,8.29596942413597],[124.844799819966198,8.295969003992928],[124.844801507255212,8.296330632142013],[124.844710743072937,8.296331052303618],[124.844712852187641,8.29678308750349],[124.844803616473541,8.296782667318682],[124.844805303933839,8.297144295452272],[124.844896068297899,8.297143875228254],[124.844897755917231,8.297505503336392],[124.84480699147025,8.297505923578974],[124.844807413366254,8.297596330609572],[124.844716648893808,8.297596750836146],[124.844717070773825,8.297687157870955],[124.844626306275885,8.297687578081524],[124.844626728139929,8.297777985120542],[124.844535963616508,8.297778405315102],[124.844538072904498,8.298230440526943],[124.844447308272663,8.298230860724054],[124.844448573840339,8.298502081859912],[124.844539338534346,8.29850166164888],[124.844539760420503,8.298592068688667],[124.844448995705747,8.298592488904339],[124.844449839450817,8.298773302991897],[124.844359074689834,8.298773723196197],[124.844360762154167,8.299135351384708],[124.844451526998071,8.299134931161847],[124.844454902320891,8.299858187481084],[124.844364137311103,8.299858607741061],[124.844365403073454,8.300129828867592],[124.844456168145427,8.300129408593691],[124.844457434012782,8.300400629702427],[124.844548199142196,8.300400209393949],[124.844549465114596,8.300671430484888],[124.844640230301465,8.300671010141841],[124.844642340454243,8.301123045261589],[124.844733105740048,8.301122624874679],[124.844735216115453,8.301574659960457],[124.844644450725951,8.301575080370567],[124.844646139028967,8.301936708450002],[124.844736904501431,8.301936288021329],[124.844738170840856,8.302207509062457],[124.844828936370774,8.302207088599204],[124.844831469302505,8.302749530641993],[124.844740703648142,8.302749951133091],[124.844741547955309,8.302930765153189],[124.844650782254689,8.302931185632907],[124.84465247084313,8.303292813686499],[124.844561705054787,8.303293234164117],[124.844562127193043,8.303383641181078],[124.844380595560608,8.303384482083612],[124.844381017662144,8.303474889109422],[124.843745656653553,8.303477831649911]]]}},
{"type":"Feature","properties":{"fid":223,"landuse":5},"geometry":{"type":"Polygon","coordinates":[[[124.835804917491018,8.294021532985951],[124.835804497836548,8.293931125479823],[124.835895261924406,8.293930707466082],[124.835895681599581,8.294021114967595],[124.835804917491018,8.294021532985951]]]}},
{"type":"Feature","properties":{"fid":224,"landuse":5},"geometry":{"type":"Polygon","coordinates":[[[124.835986026007518,8.293930289431703],[124.835985606316356,8.293839881934378],[124.836167134426958,8.293839045812939],[124.836167554159573,8.293929453301027],[124.835986026007518,8.293930289431703]]]}},
{"type":"Feature","properties":{"fid":225,"landuse":2},"geometry":{"type":"Polygon","coordinates":[[[124.843227646308762,8.309175998577919],[124.843225957811882,8.308814370339482],[124.84313519068165,8.308814790769356],[124.843134768590062,8.308724383704032],[124.843044001475846,8.308724804108595],[124.84304357940978,8.308634397038201],[124.842952812311566,8.308634817417451],[124.842953234356898,8.308725224492479],[124.842771700104706,8.308726065198224],[124.842770856101851,8.308545251029191],[124.842680089010145,8.308545671341781],[124.842679245067828,8.308364857161752],[124.842588478012871,8.308365277444395],[124.842588056069587,8.3082748703491],[124.842678823103782,8.308274450071094],[124.842677557240222,8.308003228796528],[124.842768324207398,8.308002808511755],[124.842767902241633,8.307912401424005],[124.842858669183286,8.307911981123194],[124.842857403252211,8.307640759871273],[124.842948170126874,8.307640339563697],[124.842947748138585,8.307549932483498],[124.842856981284697,8.307550352786437],[124.84285655932193,8.30745994570117],[124.842765792484045,8.307460365978804],[124.842764526686537,8.307189144706509],[124.842492226331117,8.30719040537365],[124.842493491941866,8.307461626687664],[124.842402725084952,8.307462046882605],[124.842402303230728,8.307371639773731],[124.842311536389815,8.307372059943365],[124.842312380061529,8.307552874169954],[124.842130846282473,8.30755371446574],[124.842134220827347,8.308276971429011],[124.842043453764632,8.308277391582969],[124.842043875583386,8.308367798706072],[124.841953108495133,8.308368218843992],[124.841954373917602,8.308639440224619],[124.841863606762331,8.308639860355761],[124.841864028558575,8.308730267486409],[124.841682494192327,8.308731107695941],[124.841684181258657,8.309092736251284],[124.841502646707355,8.309093576415172],[124.841501803247738,8.308912762119832],[124.841320268760455,8.308913602182482],[124.841319847079291,8.308823195024898],[124.841229079849299,8.308823615020579],[124.841227814896541,8.308552393531347],[124.841318582064247,8.308551973549564],[124.841318160402082,8.30846156639026],[124.841408927544293,8.308461146392432],[124.841408505866113,8.308370739237327],[124.84131773874465,8.308371159230521],[124.841316052162426,8.308009530587265],[124.841225285119222,8.308009950541253],[124.841224863506298,8.30791954337473],[124.841134096479124,8.307919963303414],[124.841133674891694,8.307829556131827],[124.841042907880521,8.307829976035208],[124.84104164320901,8.307558754503967],[124.841132410157911,8.307558334614482],[124.841131567025812,8.30737752026743],[124.841040800118407,8.307377940147653],[124.841039535518121,8.307106718609949],[124.840858001813601,8.30710755828059],[124.840857580331189,8.307017151091229],[124.840676046649165,8.307017990669918],[124.840676468090095,8.307108397868539],[124.840585701221215,8.307108817631509],[124.840586544075776,8.307289632036717],[124.840495777160641,8.307290051788275],[124.840497462843757,8.307651680612045],[124.840406695840855,8.307652100361452],[124.840406274433704,8.307561693151525],[124.840224740455184,8.307562532579057],[124.840224319094304,8.307472125359443],[124.840133552118687,8.307472545037568],[124.840132288126767,8.307201323362245],[124.840041521208647,8.307201743005814],[124.84004067861261,8.307020928544185],[124.839949911731267,8.307021348157823],[124.839949490461123,8.306930940921736],[124.839858723595782,8.306931360510076],[124.839858302351132,8.306840953268924],[124.839767535501792,8.306841372831965],[124.839766693068213,8.306660558339118],[124.839675926255651,8.306660977872227],[124.839675505066751,8.306570570620531],[124.839584738270176,8.306570990128344],[124.83958431710677,8.30648058287159],[124.83949355032621,8.306481002354104],[124.839493129188284,8.30639059509229],[124.839402362423741,8.306391014549508],[124.839401941311309,8.306300607282633],[124.839311174562781,8.306301026714552],[124.839310753475857,8.306210619442622],[124.839219986743316,8.306211038849245],[124.83921746044588,8.305668595180853],[124.839308227053934,8.305668175801992],[124.839307806000193,8.305577768527046],[124.839217039412929,8.305578187901277],[124.839215776342485,8.305306966059975],[124.838943476738905,8.305308224017031],[124.838943055787141,8.305217816721855],[124.838761522735894,8.305218655247304],[124.838761101830372,8.305128247942445],[124.838670335318398,8.305128667169541],[124.838669493563103,8.304947852549281],[124.83857872708785,8.304948271746463],[124.838577885393036,8.304767457115229],[124.838668651826765,8.3047670379273],[124.83866612673161,8.304224594051012],[124.838756893036134,8.30422417487017],[124.838755209651211,8.303862545629203],[124.838845975867997,8.3038621264462],[124.838845555012881,8.303771719139508],[124.838754788816829,8.303772138317886],[124.83875352634216,8.303500916381346],[124.838571994060302,8.303501754648359],[124.838571573286373,8.303411347326064],[124.838480807159073,8.303411766423952],[124.838480386410637,8.303321359096604],[124.838389620299338,8.303321778169204],[124.838389199576412,8.3032313708368],[124.838298433481114,8.303231789884112],[124.838298012783653,8.303141382546652],[124.838207246704357,8.303141801568682],[124.838206405365128,8.302960986883221],[124.838115639322581,8.302961405875337],[124.838114377411557,8.302690183830046],[124.838023611426493,8.302690602787633],[124.838022770217663,8.302509788079369],[124.837932004269334,8.302510207007044],[124.837931163120942,8.302329392287815],[124.837840397209376,8.302329811185583],[124.837839976663034,8.302239403820696],[124.837749210767441,8.302239822693181],[124.837748790246593,8.302149415323242],[124.837658024367016,8.302149834170445],[124.837657183380983,8.301969019420035],[124.837566417538142,8.301969438237329],[124.837564735705911,8.301607808712841],[124.8374739699413,8.301608227490989],[124.837472288267861,8.301246597941123],[124.837381522581467,8.301247016680124],[124.837380681814665,8.301066201893363],[124.837289916164991,8.301066620602464],[124.837289075458628,8.300885805804738],[124.837198309845704,8.300886224483934],[124.83719788952034,8.300795817079806],[124.837107123923431,8.300796235733726],[124.837106703623562,8.300705828324544],[124.83701593804264,8.300706246953185],[124.837015517768251,8.300615839538954],[124.83683398663365,8.30061667672503],[124.836833566405488,8.300526269301121],[124.836742800851823,8.300526687858557],[124.836742380649099,8.300436280429599],[124.83665161511145,8.300436698961759],[124.836650774761708,8.300255884093309],[124.836560009260793,8.300256302595569],[124.836559168971448,8.300075487716159],[124.836468403507283,8.300075906188528],[124.836467143171006,8.299804683852324],[124.836376377764296,8.299805102290177],[124.836375117532853,8.29953387993624],[124.836193586829623,8.299534716722274],[124.836193166803426,8.299444309260862],[124.836283932136666,8.29944389088279],[124.836283512094468,8.299353483425566],[124.836192746781947,8.299353901799019],[124.836191906753243,8.299173086874044],[124.836101141477428,8.299173505217604],[124.836100721490908,8.29908309774985],[124.836009956231109,8.299083516068141],[124.836009536270055,8.298993108595338],[124.835918771026257,8.298993526888358],[124.835918351090683,8.298903119410507],[124.835827585862887,8.298903537678257],[124.83582716595275,8.298813130195358],[124.83573640074097,8.298813548437836],[124.835735980856299,8.298723140949891],[124.835645215660492,8.298723559167103],[124.835644375946856,8.298542744180676],[124.835553610787784,8.298543162368004],[124.835546054590168,8.296915827329617],[124.835455289799484,8.296916245413177],[124.835454870076447,8.29682583790234],[124.835364105301764,8.296826255960635],[124.835363685604165,8.296735848444751],[124.835272920845469,8.296736266477787],[124.835272501173336,8.296645858956856],[124.835181736430641,8.296646276964625],[124.835181316783959,8.296555869438645],[124.835090552057267,8.296556287421158],[124.835090132436051,8.29646587989013],[124.834999367725345,8.296466297847378],[124.83499391334955,8.295290999844882],[124.835175442227381,8.295290164029767],[124.835175022651683,8.295199756497334],[124.835356551469147,8.295198920608886],[124.835356131856742,8.295108513085255],[124.835628424985273,8.295107259111621],[124.835628844659837,8.295197666621396],[124.836173430913377,8.295195158089086],[124.836172591320306,8.295014343124526],[124.836263355637868,8.2950139249728],[124.836262935827705,8.294923517494494],[124.835990642922965,8.294924771873891],[124.835991062670942,8.295015179366056],[124.835809534002649,8.295016015525016],[124.835807855204877,8.294654385516836],[124.835898619458504,8.294653967466147],[124.835897780046565,8.29447315246871],[124.835807015834391,8.29447357051016],[124.835806176482819,8.29429275550177],[124.835715412307366,8.294293173513344],[124.835714573016176,8.294112358493996],[124.835623808877415,8.294112776475693],[124.835622969646607,8.293931961445391],[124.835713733743958,8.293931543472926],[124.835713314114926,8.293841135961745],[124.83589484225395,8.293840299964138],[124.835894422588211,8.293749892461763],[124.836075950666881,8.29374905639084],[124.836075530964436,8.293658648897273],[124.83625705898271,8.293657812753036],[124.836257898475182,8.293838627721266],[124.836530190591375,8.293837373322402],[124.836532289716189,8.294289410666147],[124.836804582100569,8.294288156012236],[124.836805002001896,8.294378563465836],[124.836895766141254,8.294378145201962],[124.83689618606806,8.29446855265051],[124.83698695022342,8.294468134361379],[124.836989050032031,8.294920171574557],[124.83707981428627,8.294919753241677],[124.837080234282922,8.2950101606784],[124.836989470007964,8.295010579015898],[124.836990309974055,8.2951913938973],[124.837081074290467,8.295190975550559],[124.83708149430133,8.295281382985991],[124.836990729964228,8.295281801337353],[124.83699114995909,8.295372208776977],[124.836900385596536,8.295372627112318],[124.83690122555906,8.29555344199952],[124.836810461150307,8.29555386032346],[124.83681130109035,8.29573467521818],[124.836902065540556,8.295734256884995],[124.836902485538403,8.295824664327087],[124.836993250004582,8.295824245968642],[124.836994090055953,8.296005060842299],[124.837175619057021,8.29600422404499],[124.837176459210241,8.296185038898436],[124.837357988275258,8.296184202000067],[124.837358408400434,8.2962746094169],[124.837449172946563,8.296274190932124],[124.837448752800654,8.296183783519911],[124.837539517321332,8.296183365019115],[124.837538677002314,8.29600255020264],[124.837629441476807,8.296002131690445],[124.83762902130367,8.295911724286189],[124.837810550196963,8.295910887209113],[124.83780970978205,8.295730072417795],[124.837900474180131,8.29572965385754],[124.837899633742722,8.295548839073751],[124.83780886938608,8.29554925762476],[124.837808449195208,8.295458850227593],[124.837899213531131,8.295458431681208],[124.837898373122144,8.295277616894838],[124.837989137411881,8.295277198337052],[124.837987456567916,8.294915568777645],[124.838078220770015,8.294915150217713],[124.838076960124653,8.294643928057511],[124.838167724259833,8.294643509490813],[124.838167304033476,8.294553102107843],[124.838258068143205,8.294552683525128],[124.838257647900846,8.294462276146348],[124.838348411985109,8.294461857547621],[124.838347571473207,8.294281042798026],[124.838438335511299,8.294280624187904],[124.838436654461489,8.293918994702052],[124.838527418411971,8.293918576089791],[124.838526577874063,8.293737761353531],[124.838617341778331,8.293737342729882],[124.838616921495785,8.293646935365734],[124.838889213118051,8.293645679384836],[124.838889633462756,8.293736086735107],[124.839071161228659,8.293735249302069],[124.83907326323056,8.294187286000717],[124.839164027210003,8.294186867230104],[124.839165708979763,8.294548496562776],[124.839256473037338,8.294548077753021],[124.839256893512342,8.294638485080487],[124.839347657585904,8.294638066245465],[124.839348919101596,8.294909288211395],[124.839439683232555,8.29490886934185],[124.839441365402749,8.29527049860523],[124.839532129611882,8.295270079696534],[124.839533391351509,8.29554130162567],[124.839624155618068,8.295540882682449],[124.839624996843,8.295721697290464],[124.839715761146238,8.295721278317345],[124.839717023081363,8.295992500212257],[124.839807787442055,8.295992081204611],[124.839810732268504,8.296624932245287],[124.839719967762747,8.296625351285329],[124.83972080914296,8.296806165873761],[124.839811573690199,8.296805746824459],[124.839812415130851,8.296986561401919],[124.839993944293951,8.296985723222869],[124.839994365062864,8.297076130501694],[124.840085129658007,8.29707571137657],[124.840085971251511,8.297256525923672],[124.840176735883389,8.297256106768643],[124.840177156707966,8.297346514036919],[124.840267921355832,8.297346094856616],[124.84026876306072,8.297526909382618],[124.840359527745278,8.297526490172407],[124.840360369510606,8.29770730468743],[124.840269604784595,8.2977077239069],[124.840271288289287,8.298069352950298],[124.840362053098218,8.29806893371231],[124.840362474006994,8.298159340967452],[124.84063476846751,8.298158083115707],[124.840634347496547,8.298067675874453],[124.84072511228652,8.298067256553871],[124.84072469129957,8.297976849316818],[124.84081545606405,8.297976429980217],[124.840815035061127,8.297886022747363],[124.840905799800097,8.297885603394743],[124.840906220823769,8.297976010622966],[124.840996985578741,8.297975591245068],[124.840998248740391,8.298246812913259],[124.840907483923218,8.29824723230505],[124.840908747065399,8.298518453983263],[124.840999511944759,8.298518034577574],[124.841001196283713,8.29887966345731],[124.840910431321433,8.298880082881515],[124.840914642293853,8.299784155097022],[124.840823877119476,8.299784574546891],[124.840825140441567,8.300055796217043],[124.840734375200242,8.300056215660153],[124.840735217397253,8.300237030114026],[124.840644452109714,8.300237449545742],[124.840645294284201,8.300418264007158],[124.840554528950463,8.300418683427479],[124.840554950024099,8.300509090662171],[124.840464184664867,8.300509510066464],[124.840465447852054,8.300780731781847],[124.840374682425846,8.300781151179381],[124.840375945593536,8.301052372904776],[124.840466711081959,8.301051953493356],[124.840467553258975,8.301232767965542],[124.840558318784105,8.301232348524206],[124.84056253016135,8.302136420812996],[124.84065329588914,8.302136001304699],[124.840654559457093,8.30240722296905],[124.840745325242366,8.302406803426203],[124.840747431387612,8.302858839501685],[124.840838197271822,8.302858419915028],[124.840838618535855,8.302948827124199],[124.840747852630884,8.302949246715491],[124.840748273878944,8.303039653928867],[124.840657507948478,8.303040073504128],[124.840657929180495,8.3031304807217],[124.840567163224563,8.303130900280934],[124.840568005661396,8.303311714724051],[124.840477239659222,8.303312134271879],[124.840477660863996,8.303402541497421],[124.840386894836328,8.303402961029221],[124.840387737218677,8.303583775488272],[124.840296971144767,8.303584195008668],[124.84029781350462,8.303765009475255],[124.840116281259583,8.303765848472576],[124.840116702405112,8.303856255714482],[124.840025936254733,8.303856675186776],[124.840026357384289,8.303947082432879],[124.839935591208416,8.303947501889139],[124.839936012321971,8.304037909139444],[124.83975447991449,8.304038747999227],[124.839754900991281,8.304129155258357],[124.839664134759687,8.304129574661879],[124.839664555820491,8.304219981925204],[124.839573789563403,8.304220401312692],[124.83957463165774,8.304401215847314],[124.83948386535441,8.304401635223391],[124.839484286387972,8.30449204249468],[124.839575052712036,8.304491623113973],[124.839576315903372,8.30476284491138],[124.839667082284947,8.304762425496126],[124.839667503378962,8.30485283275644],[124.839849036169383,8.304851993854678],[124.839849457309626,8.304942401105302],[124.840030990122543,8.304941562111617],[124.840031411309042,8.305031969352555],[124.840122177729128,8.305031549820086],[124.840123020157847,8.30521236429141],[124.840213786614683,8.305211944729015],[124.84021336537721,8.305121537498199],[124.840304131808551,8.305121117919764],[124.840303710555077,8.305030710693146],[124.840394476960924,8.305030291098674],[124.840394055691434,8.304939883876258],[124.840847887545735,8.304937785617062],[124.840848308918964,8.30502819281633],[124.840939075296347,8.305027773097862],[124.840939496695057,8.305118180292068],[124.841302562240045,8.305116501193005],[124.841307198852348,8.306110980097044],[124.841397965454973,8.306110560219658],[124.841398808578631,8.30629137455098],[124.841489575218006,8.306290954643661],[124.841491261605313,8.306652583282606],[124.841672795035834,8.306651743368892],[124.841672373390367,8.306561336219067],[124.841853906760377,8.306560496231938],[124.841853485078175,8.306470089090949],[124.841944251735299,8.306469669071014],[124.841943830037081,8.306379261934229],[124.842216129917702,8.306378001764299],[124.842216973443399,8.306558816009634],[124.842307740102257,8.306558395902382],[124.842308583688464,8.30673921013673],[124.842399350384099,8.306738789999541],[124.84239892856786,8.306648382887214],[124.842580461903353,8.306647542560093],[124.842579196358656,8.306376321248351],[124.842669962957046,8.306375901067689],[124.84266954109755,8.306285493967549],[124.842760307670417,8.306285073770855],[124.842759463924224,8.306104259578555],[124.842577930856763,8.306105099932731],[124.842576665397615,8.305833878613235],[124.842667431871476,8.305833458460386],[124.842667853707198,8.305923865562681],[124.84275862019706,8.305923445384527],[124.84275819834059,8.30583303828687],[124.842848964804944,8.305832618092685],[124.842847699201826,8.305561396811029],[124.842938465599175,8.305560976610085],[124.842938043720224,8.305470569519976],[124.843028810092065,8.305470149302998],[124.843028388197112,8.305379742217093],[124.843209920885073,8.30537890173041],[124.84320907702643,8.305198087575857],[124.843118310726339,8.305198507820258],[124.843117888824921,8.305108100737696],[124.843208655104249,8.305107680497933],[124.843208233186829,8.305017273419578],[124.843389765689778,8.305016432887324],[124.843389343735609,8.30492602581781],[124.843480109959188,8.304925605525323],[124.843479687989031,8.304835198460019],[124.843661220380454,8.304834357822319],[124.843660798373534,8.304743950765859],[124.843751564541378,8.304743530420648],[124.843749454474462,8.304291495155077],[124.843840220533792,8.304291074812392],[124.843840642558419,8.30438148186173],[124.843931408633736,8.304381061493741],[124.843932674798381,8.304652282625254],[124.843841908660806,8.304652703007156],[124.843842330704447,8.304743110054769],[124.844023863016332,8.30474226926102],[124.844024707200859,8.3049230833364],[124.843933941005801,8.304923503752885],[124.843934363084472,8.305013910794571],[124.843571298173686,8.305015592272404],[124.843572142179283,8.305196406391584],[124.843662908455599,8.305195986043849],[124.843663752521707,8.305376800152029],[124.843754518834785,8.305376379774353],[124.843754940895707,8.305466786823155],[124.843845707224787,8.305466366420173],[124.843846551402422,8.305647180507215],[124.843937317768223,8.305646760074286],[124.843937739884922,8.305737167112524],[124.844028506266724,8.305736746654288],[124.844029772707614,8.306007967752494],[124.8441205391469,8.306007547259677],[124.844122227884341,8.306369175366031],[124.844212994401886,8.306368754833981],[124.844214261067165,8.306639975895305],[124.844305027642193,8.306639555328671],[124.844309250376483,8.307543625458672],[124.844218483593906,8.307544046071703],[124.844219328156342,8.307724860101812],[124.844128561327508,8.307725280703446],[124.844129405867463,8.307906094741108],[124.844038638992345,8.307906515331352],[124.844039061248694,8.307996922354175],[124.843948294348081,8.307997342928381],[124.843948716588443,8.308087749955414],[124.843857949662308,8.308088170513589],[124.843858371886668,8.308178577544826],[124.843949138833537,8.308178156982015],[124.843949983338035,8.308358971033925],[124.843859216349642,8.308359391606011],[124.843859638588242,8.308449798635959],[124.843768871574355,8.308450219192011],[124.84376971602434,8.308631033259887],[124.843588181899207,8.308631874328521],[124.843589026285215,8.308812688413225],[124.843498259173998,8.308813108925802],[124.843499103537496,8.308993923018059],[124.843408336380023,8.308994343519235],[124.843409180721011,8.309175157619045],[124.843227646308762,8.309175998577919]],[[124.841410614304536,8.308822775008544],[124.841501381525035,8.308822354971511],[124.841500959807107,8.308731947822764],[124.841410192607341,8.308732367855162],[124.841410614304536,8.308822775008544]],[[124.83598980344118,8.294743956888274],[124.836080567706048,8.294743538791685],[124.836080147951535,8.29465313130285],[124.835989383707371,8.29465354939482],[124.83598980344118,8.294743956888274]],[[124.835804917491018,8.294021532985951],[124.835895681599581,8.294021114967595],[124.835895261924406,8.293930707466082],[124.835804497836548,8.293931125479823],[124.835804917491018,8.294021532985951]],[[124.835986026007518,8.293930289431703],[124.836167554159573,8.293929453301027],[124.836167134426958,8.293839045812939],[124.835985606316356,8.293839881934378],[124.835986026007518,8.293930289431703]]]}},
{"type":"Feature","properties":{"fid":226,"landuse":7},"geometry":{"type":"Polygon","coordinates":[[[124.839253950286803,8.294005633779197],[124.839252268548009,8.293644004454709],[124.839343032393643,8.293643585670583],[124.839342611950059,8.293553178343014],[124.839614903396352,8.29355192188069],[124.839615323902066,8.293642329194377],[124.839706087728729,8.2936419103277],[124.839706928795835,8.293822724944532],[124.839616164927747,8.293823143820465],[124.839616585447686,8.293913551132862],[124.839525821554147,8.293913969992785],[124.839526242058099,8.294004377309378],[124.839253950286803,8.294005633779197]]]}},
{"type":"Feature","properties":{"fid":227,"landuse":2},"geometry":{"type":"Polygon","coordinates":[[[124.836345304496689,8.293114949762673],[124.836344884765239,8.293024542279955],[124.83643564861751,8.29302412418858],[124.836436068369665,8.293114531666678],[124.836345304496689,8.293114949762673]]]}},
{"type":"Feature","properties":{"fid":228,"landuse":7},"geometry":{"type":"Polygon","coordinates":[[[124.848059719086848,8.294326541348756],[124.848059296616199,8.294236134469879],[124.847877769542933,8.294236976044985],[124.847876924698809,8.29405616226734],[124.847786161196481,8.294056583014639],[124.84778489402818,8.293785362331004],[124.847694130583236,8.293785783043717],[124.847692018834962,8.293333748539142],[124.84778278217631,8.293333327849666],[124.847782359820258,8.293242920952109],[124.847873123136125,8.293242500246647],[124.847872700764086,8.293152093353306],[124.847963464054459,8.293151672631858],[124.84796261928328,8.292970858853183],[124.848053382527453,8.292970438120395],[124.8480529601283,8.292880031235059],[124.848143723347022,8.292879610486287],[124.848144990620938,8.293150831127049],[124.848235753897043,8.29315041034369],[124.848236176351932,8.293240817218434],[124.848326939643982,8.293240396409789],[124.848327784609509,8.293421210148686],[124.848418547938223,8.293420789310106],[124.848421505612734,8.294053637350146],[124.848330742139012,8.294054058221276],[124.84833158719033,8.29423487195243],[124.84815006014567,8.294235713651368],[124.848150482637038,8.294326120525596],[124.848059719086848,8.294326541348756]]]}},
{"type":"Feature","properties":{"fid":229,"landuse":2},"geometry":{"type":"Polygon","coordinates":[[[124.846504498503847,8.291711890231532],[124.846504076523516,8.291621483261178],[124.846594839533196,8.291621062928236],[124.846595261534233,8.291711469893947],[124.846504498503847,8.291711890231532]]]}},
{"type":"Feature","properties":{"fid":230,"landuse":5},"geometry":{"type":"Polygon","coordinates":[[[124.841056604334497,8.291285036481231],[124.841055342207426,8.291013814727547],[124.841146105357396,8.291013395664978],[124.841147367546625,8.291284617404768],[124.841056604334497,8.291285036481231]]]}},
{"type":"Feature","properties":{"fid":231,"landuse":7},"geometry":{"type":"Polygon","coordinates":[[[124.843974511327175,8.294164642853277],[124.843974089798436,8.294074235764564],[124.843883326091415,8.294074655624403],[124.84388290458817,8.293984248530624],[124.843610613500729,8.293985507972394],[124.843610192064375,8.293895100864273],[124.84279331873185,8.293898878033383],[124.842792897486717,8.293808470883098],[124.840977622450907,8.293816858514457],[124.840977201624924,8.29372645127107],[124.840886437843977,8.293726870431309],[124.840886017043459,8.293636463182862],[124.8407952532785,8.293636882317827],[124.84079483250342,8.293546475064321],[124.840704068754434,8.293546894174023],[124.840700282178958,8.292733228831418],[124.840791045741511,8.292732809763397],[124.840788100748043,8.292099958949693],[124.840878864160842,8.292099539893449],[124.840878022735424,8.29191872538064],[124.840968786102039,8.291918306313027],[124.840967944654182,8.291737491807757],[124.841058707974611,8.291737072728768],[124.84105828723709,8.291646665480123],[124.841149050532053,8.291646246385135],[124.841146105357396,8.291013395664978],[124.841236868502619,8.291012976581777],[124.841236447761659,8.290922569338953],[124.841327210881431,8.290922150239755],[124.841326790124512,8.290831743001132],[124.841417553218832,8.290831323885936],[124.841417132445926,8.290740916651513],[124.841598658578917,8.290740078368493],[124.84159907939322,8.29083048559365],[124.841689842473272,8.290830066416559],[124.841690263313041,8.290920473636653],[124.84178102640908,8.290920054434302],[124.841782709898482,8.291281683291844],[124.841691946719592,8.291282102512728],[124.841692367583107,8.291372509730673],[124.841601604378781,8.291372928935553],[124.841602025226322,8.291463336157703],[124.841420498761977,8.291464174514843],[124.841422182033952,8.291825803436184],[124.841603708664024,8.291824965041984],[124.841604129535312,8.291915372261981],[124.842511762607757,8.291911179006652],[124.842512183690957,8.292001586179881],[124.842784473582185,8.292000327787024],[124.842784894732276,8.292090734945917],[124.842875658040569,8.292090315435731],[124.842876921581464,8.292361536895912],[124.842967684947126,8.292361117351183],[124.842968106157656,8.29245152449908],[124.843058869539306,8.292451104929082],[124.843059290775301,8.292541512071912],[124.843422344337199,8.29253983356702],[124.843422765660819,8.292630240690874],[124.843876582609809,8.292628142072287],[124.843877004041758,8.292718549172521],[124.843967767438002,8.292718129382258],[124.843968188895417,8.292808536477423],[124.84405895230762,8.292808116661888],[124.8440593737905,8.292898523751983],[124.844150137218691,8.292898103911176],[124.844150558727037,8.292988510996203],[124.844241322171172,8.292988091130118],[124.844242165243585,8.293168905289601],[124.844605219138288,8.293167225581787],[124.844604797516865,8.293076818520818],[124.845149378091918,8.29307429836785],[124.845149799837671,8.293164705400974],[124.84524056327092,8.293164285298609],[124.845243093969657,8.293706727460455],[124.845152330412105,8.293707147590668],[124.845152752191169,8.293797554620779],[124.845061988608151,8.293797974734998],[124.845062410371256,8.293888381769323],[124.844336301370021,8.29389174197722],[124.844336722972102,8.293982149048233],[124.844245959304843,8.293982568985989],[124.844246380890979,8.294072976061212],[124.844155617198226,8.29407339598297],[124.844156038768404,8.294163803062403],[124.843974511327175,8.294164642853277]]]}},
{"type":"Feature","properties":{"fid":232,"landuse":2},"geometry":{"type":"Polygon","coordinates":[[[124.835794008013352,8.291670937686758],[124.835793588481977,8.291580530169444],[124.835521297805869,8.291581783726647],[124.835520878341356,8.291491376195053],[124.8356116418841,8.291490958367902],[124.835610383456824,8.291219735784384],[124.835701146932664,8.291219317950455],[124.835693596890891,8.289591982451226],[124.835602833787846,8.289592400202036],[124.835601575658771,8.289321177591436],[124.835510812613123,8.289321595307767],[124.835509973925511,8.289140780222651],[124.835600736929734,8.289140362515555],[124.835599898219655,8.288959547437953],[124.83569066117775,8.288959129719467],[124.835690241809104,8.288868722184638],[124.835781004741747,8.288868304450144],[124.835780165977226,8.288687489388435],[124.835870928863741,8.288687071642553],[124.835870509467867,8.288596664115673],[124.836324323725904,8.288594575099967],[124.836324743225319,8.288684982603755],[124.836506268936787,8.288684146843856],[124.836507108032606,8.288864961831662],[124.83659787092266,8.288864543911536],[124.836601227661063,8.289587803808603],[124.83669199071204,8.28958738583089],[124.836693249629221,8.289858608271338],[124.836602486516114,8.289859026262913],[124.836602066893036,8.289768618778574],[124.836511303795916,8.289769036744902],[124.836512562617244,8.290040259210489],[124.83633103628452,8.290041095108975],[124.836331875439598,8.290221910102362],[124.836422638649722,8.290221492154197],[124.836423897479989,8.290492714627195],[124.836333134207706,8.290493132589221],[124.836333973410106,8.290673947578311],[124.836243210091695,8.290674365528949],[124.836244049271627,8.290855180525556],[124.836153285907031,8.2908555984648],[124.836153705483383,8.290946005967077],[124.836062942093349,8.290946423890308],[124.836063361653729,8.291036831396777],[124.835972598238257,8.291037249303995],[124.835973017782663,8.291127656814652],[124.835882254341726,8.29112807470586],[124.835883932483824,8.291489704762656],[124.835974696007611,8.291489286852977],[124.835975115575692,8.291579694361479],[124.835884352031201,8.291580112275778],[124.835884771583281,8.291670519788475],[124.835794008013352,8.291670937686758]]]}},
{"type":"Feature","properties":{"fid":233,"landuse":5},"geometry":{"type":"Polygon","coordinates":[[[124.839863650571246,8.28848785575722],[124.839863230273806,8.288397448432907],[124.839953992884944,8.288397029772767],[124.839954413203074,8.288487437092455],[124.839863650571246,8.28848785575722]]]}},
{"type":"Feature","properties":{"fid":234,"landuse":2},"geometry":{"type":"Polygon","coordinates":[[[124.836957984958275,8.288230019721643],[124.836957565337613,8.288139612248049],[124.837048328038335,8.288139194261763],[124.837048747679702,8.288229601730736],[124.836957984958275,8.288230019721643]]]}},
{"type":"Feature","properties":{"fid":235,"landuse":2},"geometry":{"type":"Polygon","coordinates":[[[124.845743981360414,8.381129694784532],[124.845742702114961,8.380858474974159],[124.845651918480783,8.380858899600849],[124.845651065716183,8.380678086382472],[124.845560282119138,8.380678510979015],[124.845559855764947,8.380588104364531],[124.845469072184073,8.380588528935576],[124.845468219531824,8.380407715696016],[124.845377435988098,8.380408140236915],[124.845376583396785,8.380227326986329],[124.845285799890164,8.38022775149709],[124.845284947359815,8.380046938235479],[124.845194163890312,8.380047362716095],[124.845193311420871,8.379866549443459],[124.845102527988502,8.379866973893936],[124.845102101781862,8.379776567252323],[124.845011318365678,8.3797769916773],[124.845010039837163,8.37950577173593],[124.844919256479045,8.379506196126126],[124.844915847446742,8.378782942892883],[124.844552714636677,8.378784640096599],[124.844553140665283,8.37887504677084],[124.844008441181728,8.378877591978689],[124.844008867089443,8.37896799868034],[124.84391808380461,8.378968422813303],[124.84392021331,8.379420456338236],[124.844010996699552,8.379420032182075],[124.844011848576898,8.379600845579724],[124.844102632003597,8.379600421393429],[124.844103057970358,8.379690828086966],[124.844193841413201,8.379690403875177],[124.844195119404858,8.379961623939248],[124.844013552388716,8.379962472369813],[124.844013978353587,8.38005287906625],[124.84346927706531,8.380055423885247],[124.84346885122612,8.379965017160973],[124.843287284133851,8.379965865257853],[124.843286858341287,8.379875458523873],[124.843196074808944,8.379875882536394],[124.843195649042087,8.379785475797339],[124.842832514948981,8.379787171620311],[124.84283208927063,8.379696764862274],[124.842559738713661,8.379698036496618],[124.842559313102896,8.379607629724235],[124.842650096605695,8.379607205871611],[124.842647968518548,8.379155172026374],[124.842738751911881,8.379154748176077],[124.842736198238597,8.378612307575269],[124.842826981501545,8.37861188373194],[124.842825704666282,8.378340663439579],[124.842916487861672,8.37834023958931],[124.842915636620077,8.378159426068169],[124.842824853466567,8.378159849909165],[124.84282442787385,8.378069443143307],[124.842552078447596,8.378070714527285],[124.842551652922438,8.377980307747082],[124.842460869791765,8.377980731495406],[124.8424604442923,8.377890324710132],[124.842369661177827,8.377890748432968],[124.842371788618024,8.378342782378164],[124.842190222165442,8.378343629807638],[124.842189796709761,8.378253223010198],[124.842008230280044,8.378254070346998],[124.842007804870988,8.378163663539853],[124.841917021669929,8.37816408717234],[124.841916170907965,8.377983273547478],[124.841825387744024,8.377983697149848],[124.841823686360911,8.377622069876372],[124.841732903275954,8.377622493439352],[124.841732052654791,8.37744167979074],[124.841822835697869,8.377441256237027],[124.841822410373481,8.377350849416702],[124.841731627351322,8.377351272965782],[124.841731202052642,8.377260866140388],[124.841821985053841,8.377260442595942],[124.841821134428841,8.377079628953123],[124.841639568505414,8.377080476002629],[124.84163871798313,8.376899662339534],[124.841547935056155,8.376900085823747],[124.841547084594794,8.376719272149652],[124.841456301704923,8.37671969560375],[124.841453750560433,8.376177254543228],[124.841272185017658,8.376178101333288],[124.841271759885416,8.376087694479081],[124.840999411598375,8.376088964493931],[124.840998986533691,8.375998557625394],[124.84090820378276,8.375998980917352],[124.840907353709511,8.375818167169706],[124.840816570995685,8.37581859043156],[124.84081614598712,8.375728183552454],[124.840725363289479,8.375728606788828],[124.840724938306593,8.375638199904659],[124.840634155625139,8.375638623115556],[124.840633730667918,8.375548216226317],[124.840542948002664,8.375548639411738],[124.840543372938953,8.375639046305606],[124.840361807552327,8.37563989262318],[124.840362232451497,8.375730299525879],[124.840271449730125,8.375730722658027],[124.840271874613123,8.375821129564919],[124.840181091866071,8.375821552680854],[124.840181516732883,8.375911959591937],[124.840090733960167,8.375912382691659],[124.840091583666165,8.376093196521792],[124.840000800846823,8.376093619609925],[124.84000165052997,8.376274433447577],[124.839910867664017,8.376274856524127],[124.839912142161538,8.376546077291234],[124.839821359228026,8.376546500360828],[124.839822633705495,8.376817721137915],[124.839731850704467,8.376818144200545],[124.839732275518841,8.376908551130002],[124.839641492492106,8.376908974176411],[124.839641917290322,8.376999381110064],[124.83955113423788,8.376999804140256],[124.839551559019895,8.3770902110781],[124.839460775941802,8.37709063409207],[124.839459926424382,8.37690982020669],[124.839369143383394,8.376910243190558],[124.839368718652764,8.376819836242586],[124.839277935627962,8.376820259200978],[124.839277086222765,8.376639445294479],[124.839186303235081,8.376639868222767],[124.839185029225689,8.376368647345876],[124.839094246296071,8.376369070239436],[124.839093397022069,8.376188256310082],[124.839002614129583,8.376188679173536],[124.839002189520627,8.376098272203583],[124.838911406644314,8.376098695041568],[124.838910982061051,8.376008288066553],[124.838820199200924,8.376008710879065],[124.838819774643341,8.375918303898985],[124.8387289917994,8.375918726686027],[124.838728567267481,8.375828319700886],[124.838637784439712,8.375828742462454],[124.838637359933472,8.375738335472256],[124.838455794305588,8.375739180923608],[124.838454096495553,8.37537755292146],[124.838726444679097,8.375376284768679],[124.838723897729636,8.374833842835697],[124.838451549922823,8.374835110905209],[124.838450276700527,8.374563889891222],[124.838177929039347,8.374565157731519],[124.838174110193677,8.373751494541228],[124.838446457289834,8.373750226825814],[124.83844518423831,8.373479005796197],[124.837900490380022,8.373481540956213],[124.837899217747861,8.373210319839441],[124.83735452409546,8.373212854166022],[124.837349435500244,8.372127969326948],[124.83725865345933,8.372128391586301],[124.837258229461469,8.372037984508935],[124.837076665407238,8.37203882895589],[124.837076241455961,8.371948421868845],[124.837167023464517,8.371947999660408],[124.837166599497067,8.37185759257755],[124.837257381479972,8.371857170352898],[124.837256533517447,8.371676356195128],[124.837347315453769,8.371675933958885],[124.837346467468365,8.371495119808621],[124.837528031243096,8.371494275292129],[124.837528455275276,8.371584682358232],[124.837619237176426,8.371584260064113],[124.837619661234257,8.371674667125156],[124.837801225064226,8.37167382246516],[124.83780164916864,8.371764229516527],[124.83789243109743,8.37176380715065],[124.837892855227494,8.371854214196958],[124.837983637172456,8.371853791805622],[124.83798448548869,8.372034605887682],[124.838075267470742,8.372034183466265],[124.838075691656897,8.37212459050202],[124.83816647365515,8.372124168055141],[124.838166897866969,8.372214575085836],[124.838257679881366,8.372214152613498],[124.83825810411885,8.372304559639135],[124.838530450196401,8.372303292083226],[124.838530874501402,8.372393699094552],[124.838894002622041,8.372392008709797],[124.838894427015489,8.37248241570218],[124.838985209054712,8.372481993049274],[124.838985633473797,8.372572400036601],[124.839167197579854,8.37257155465902],[124.839167622045565,8.372661961636656],[124.839258404112385,8.372661538911979],[124.839259253099854,8.372842352856695],[124.839350035203779,8.372841930101931],[124.839350459725566,8.372932337069011],[124.839441241845662,8.372931914288779],[124.839441666393128,8.373022321250794],[124.839623230660933,8.373021475618561],[124.839623655254982,8.373111882570884],[124.839714437402691,8.373111459718883],[124.839714862022419,8.373201866666149],[124.839805644186299,8.373201443788679],[124.839806493481831,8.373382257672642],[124.839897275682816,8.373381834765075],[124.839898125039184,8.373562648638046],[124.83998890727726,8.373562225700379],[124.839989756694493,8.373743039562351],[124.840171321240135,8.373742193605988],[124.84017089648728,8.373651786684478],[124.840261678732062,8.373651363679665],[124.84026125396305,8.373560956762352],[124.840352036182153,8.37356053374133],[124.84035118661653,8.373379719914663],[124.840441968789023,8.373379296882064],[124.840440269631074,8.373017669242035],[124.840349487542298,8.373018092256112],[124.840348638033674,8.372837278424232],[124.84025785598196,8.37283770140821],[124.840257006534173,8.372656887565336],[124.840347788544022,8.372656464590616],[124.840347363806345,8.372566057673158],[124.840438145790515,8.372565634682234],[124.840438570549139,8.372656041595063],[124.840529352549481,8.372655618578669],[124.840528927769967,8.372565211670473],[124.840619709744644,8.372564788637877],[124.840619284948929,8.372474381733872],[124.840710066897927,8.37247395868507],[124.840709217278928,8.372293144885028],[124.840799999181328,8.372292721824651],[124.840798299916628,8.371931094237882],[124.840889081730609,8.371930671175196],[124.840887807269226,8.371659450494455],[124.840797025517986,8.371659873543246],[124.840796175942643,8.371479059744651],[124.840705394228536,8.371479482763345],[124.840703695218551,8.371117855142421],[124.840612913583342,8.371118278121758],[124.84061121473303,8.370756650475363],[124.840520433176749,8.370757073415341],[124.840520008496981,8.370666666498028],[124.840429226956857,8.370667089412542],[124.840428802302739,8.370576682490162],[124.84033802077883,8.370577105379216],[124.840337596150377,8.370486698451774],[124.840246814642597,8.370487121315364],[124.840246390039823,8.370396714382853],[124.840155608548216,8.370397137220982],[124.840155183971092,8.37030673028341],[124.839973621015474,8.370307575887914],[124.839973196484934,8.370217168940647],[124.839882415020952,8.370217591707025],[124.839881990516076,8.370127184754695],[124.839700427615639,8.370128030215694],[124.839700003157361,8.370037623253676],[124.83960922172092,8.3700380459483],[124.839608797288292,8.369947638981214],[124.839518015868038,8.369948061650382],[124.839517591461089,8.369857654678237],[124.83942681005702,8.369858077321945],[124.839426385675708,8.369767670344736],[124.839335604287797,8.369768092962984],[124.839335179932164,8.369677685980715],[124.839153617183925,8.369678531145473],[124.839153192874846,8.369588124153511],[124.839062411514519,8.369588546700017],[124.839061987231148,8.369498139702998],[124.838880424538061,8.369498984724267],[124.838879576069175,8.369318170710416],[124.838970357376255,8.369317748219448],[124.838965690906605,8.368323271163129],[124.83887490982957,8.3683236936032],[124.838874485654443,8.368233286590849],[124.838783704593595,8.368233709005466],[124.838783280444105,8.368143301988059],[124.838329375173203,8.368145413725632],[124.838331495445189,8.368597448923994],[124.838240714272217,8.36859787123216],[124.838241138319916,8.368688278275155],[124.83833191951382,8.368687855962367],[124.838332343587197,8.368778263000303],[124.838241562372389,8.368778685317718],[124.838241986429608,8.368869092359846],[124.838151205189149,8.368869514661059],[124.838149933094499,8.368598293519497],[124.83805915191202,8.368598715786005],[124.838058727910877,8.368508308733331],[124.837786384397731,8.368509575394025],[124.837786808336162,8.368599982460575],[124.837332902281531,8.368602093168317],[124.837333326120145,8.368692500257554],[124.837242544874059,8.368692922341241],[124.837239578249878,8.368060072675123],[124.837330359349551,8.368059650623792],[124.837329935544147,8.367969243531521],[124.837239154465394,8.367969665578228],[124.837238730685641,8.367879258480897],[124.836875606406807,8.367880946440991],[124.836876030102914,8.367971353556808],[124.836785249000442,8.367971775499388],[124.836785672680378,8.368062182619395],[124.836694891552256,8.368062604545774],[124.836695315216033,8.368153011669964],[124.836513752903727,8.368153855469485],[124.8365141765304,8.368244262602486],[124.836332614157342,8.368245106327944],[124.836333037746954,8.368335513469754],[124.836151475313102,8.368336357121146],[124.836151898865609,8.36842676427176],[124.835788773857388,8.368428451343107],[124.835789197330982,8.368518858511768],[124.835698416046171,8.368519280232157],[124.835697992593481,8.368428873058878],[124.835425648773381,8.368430138081228],[124.835420568463462,8.367345251801803],[124.835965254555461,8.367342721902206],[124.83596144364158,8.366529057401053],[124.83568910118143,8.366530322319843],[124.835687831150253,8.366259100770078],[124.835415488835608,8.366260365459906],[124.83541379577791,8.365898736665399],[124.835504576470555,8.365898315141415],[124.83550372992832,8.365717500750792],[124.835412949277483,8.36571792226554],[124.835411679562341,8.365446700662499],[124.835684021312517,8.365445436097366],[124.83568275145187,8.365174214531987],[124.835955092971261,8.365172949821051],[124.835953822965138,8.36490172829334],[124.835681481633856,8.364902992962707],[124.835679788609511,8.364541364197594],[124.835407447486432,8.36454262862418],[124.83539602324737,8.362101633904119],[124.835123683774526,8.362102897769333],[124.83511691648728,8.360656382008889],[124.835026136987835,8.360656803181799],[124.835025714093518,8.360566395938468],[124.835116493572087,8.360565974770175],[124.835112687548403,8.359752309602262],[124.835021908257843,8.359752730729001],[124.835020639731198,8.359481508984711],[124.834929860498576,8.359481930076795],[124.834929014879592,8.359301115569197],[124.835019794070433,8.35930069448635],[124.835016411616778,8.358577436475571],[124.835107190635796,8.358577015408855],[124.835103808318124,8.357853757407279],[124.835194587165276,8.357853336356698],[124.835191627739732,8.357220485614892],[124.835100849038753,8.357220906633152],[124.835094085842954,8.355774390498288],[124.835184864209822,8.355773969553901],[124.835184441529449,8.355683562296409],[124.835093663183471,8.355683983236178],[124.835093240528721,8.355593575973632],[124.835184018853823,8.355593155038481],[124.835170073214542,8.352609715283879],[124.835442406094842,8.3526084528108],[124.835439870702416,8.3520660092515],[124.83516753819778,8.352067271641461],[124.835159511769376,8.350349533337642],[124.835068734654854,8.350349954005003],[124.835068312279489,8.350259546716908],[124.834886758077957,8.350260387980052],[124.834886335749047,8.350169980682288],[124.834614004473863,8.350171242407301],[124.834611048742133,8.34953839121391],[124.834701825692562,8.349537970691999],[124.834702247946623,8.349628378002024],[124.835156132731981,8.349626275057696],[124.835153176322848,8.348993424040019],[124.835697837032811,8.348990900015066],[124.835696569695841,8.348719678226972],[124.835424239549937,8.348720940291386],[124.835419171379272,8.347636052933808],[124.835691500774246,8.347634791035649],[124.835687699530624,8.346821125601259],[124.836232357066322,8.346818601493471],[124.836227287836749,8.345733714525664],[124.835954959841004,8.345734976506733],[124.835950736629727,8.344830903847377],[124.835678409216911,8.344832165502957],[124.835673342739256,8.343747278088347],[124.835945669401468,8.343746016599042],[124.835944402700989,8.343474794777221],[124.836216729132943,8.343473533142609],[124.836215462287484,8.343202311358475],[124.835943136043142,8.343203572951507],[124.835941869427927,8.342932351121906],[124.835669543328578,8.342933612486506],[124.835660257495306,8.340944651978955],[124.835115607920116,8.340947173538042],[124.835111810956178,8.340133507566177],[124.834839486667377,8.34013476794085],[124.834838221285509,8.339863545900894],[124.834565897141616,8.339864806047226],[124.834564631989906,8.339593583961836],[124.834292307990964,8.339594843879841],[124.834287248560145,8.338509955333228],[124.834196474134416,8.33851037520901],[124.834195209445696,8.338239153048784],[124.834104435077734,8.338239572889973],[124.834104013545101,8.338149165497754],[124.83401323919324,8.338149585313579],[124.834010710221989,8.33760714092349],[124.833738387512994,8.337608400163409],[124.833735859087042,8.337065955674714],[124.83346353671044,8.337067214644856],[124.83346227274879,8.336795992353153],[124.833189950517124,8.336797251095055],[124.83318742309649,8.33625480641696],[124.833459744953245,8.33625354775808],[124.833458059850798,8.33589191801939],[124.833639607565004,8.335891078846645],[124.833639186259575,8.335800671420117],[124.833911507732921,8.335799412519256],[124.833911086369739,8.335709005106141],[124.834546502829497,8.33570606697705],[124.834546924338483,8.335796474357863],[124.834637698120332,8.335796054537546],[124.834638119654898,8.335886461913313],[124.834728893452834,8.335886042067633],[124.834729315012964,8.335976449438355],[124.834820088827016,8.335976029567316],[124.834820932003097,8.336156844298229],[124.835002479700321,8.336156004475448],[124.83500332297865,8.336336819186167],[124.83545719234715,8.336334719220005],[124.835456770601439,8.336244311887947],[124.835547544440118,8.336243891837096],[124.835546279169009,8.335972669852186],[124.835637052940456,8.335972249794445],[124.835636631172065,8.33588184246989],[124.835545857421451,8.335882262523016],[124.835542905321077,8.335249411206741],[124.835633678925888,8.335248991185942],[124.835633257195383,8.335158583857933],[124.835542483611377,8.335159003874113],[124.835540796820013,8.33479737453929],[124.835450023314579,8.334797794516259],[124.835449601649415,8.334707387176852],[124.835358828160068,8.334707807128458],[124.835357984885562,8.334526992439118],[124.835267211433134,8.33452741236075],[124.83526678982382,8.334437005010813],[124.835176016387464,8.334437424907087],[124.835175594803729,8.3343470175521],[124.835084821383461,8.334347437423016],[124.835084399825263,8.334257030062982],[124.83499362642111,8.334257449908538],[124.834993204888448,8.334167042543456],[124.834902431500396,8.334167462363656],[124.834902009993286,8.334077054993525],[124.83481123662132,8.334077474788369],[124.834810393662991,8.333896660037578],[124.834719620327931,8.333897079802448],[124.834719198876684,8.333806672421789],[124.83462842555771,8.333807092161303],[124.834628004132028,8.333716684775595],[124.834537230829142,8.333717104489757],[124.834536809428997,8.333626697099003],[124.834446036142211,8.33362711678781],[124.834445193397784,8.333446301995773],[124.834354420147903,8.333446721654612],[124.834353577464057,8.333265906851617],[124.834262804251097,8.333266326480487],[124.834262382937084,8.333175919073726],[124.834171609740196,8.333176338677244],[124.834170767168033,8.332995523853194],[124.834079994008064,8.332995943426747],[124.834079572749872,8.332905536009459],[124.833988799606018,8.332905955557658],[124.833987957145496,8.332725140712563],[124.833897184038534,8.332725560230797],[124.833895499257579,8.332363930516966],[124.833804726229147,8.332364349996013],[124.833803883908715,8.332183535127275],[124.833713110917188,8.332183954576356],[124.833712268657294,8.332003139696665],[124.833621495702687,8.332003559115785],[124.833619390239846,8.331551521885935],[124.833528617384573,8.331551941261251],[124.833528196327023,8.331461533809373],[124.833618969161449,8.331461114438666],[124.833618548087784,8.331370706990967],[124.833527775274177,8.331371126357061],[124.833526933182696,8.331190311451145],[124.833436160405981,8.331190730787281],[124.833435318375066,8.331009915870409],[124.833344545635242,8.331010335176586],[124.833343282686798,8.330739112784201],[124.833252510004698,8.33073953205581],[124.83325040528922,8.330287494703475],[124.833159632706483,8.330287913931288],[124.833159211798403,8.330197506454912],[124.83306843923171,8.330197925657387],[124.833067176598277,8.329926703211836],[124.832976404089308,8.329927122379742],[124.832975141560837,8.329655899916471],[124.832884369109607,8.329656319049816],[124.832882685887782,8.329294689074292],[124.832791913515038,8.329295108168463],[124.832790230452119,8.328933478167587],[124.83269945815789,8.328933897222587],[124.832699037424803,8.328843489716677],[124.832789809698212,8.328843070666291],[124.832788968204554,8.328662255662399],[124.832698195972782,8.328662674703565],[124.832697354539661,8.328481859688726],[124.832606582344781,8.328482278699944],[124.832605320292998,8.328211056160612],[124.832514548155785,8.328211475137273],[124.832513286208993,8.327940252580227],[124.83242251412949,8.327940671522333],[124.832421672896871,8.327759856472921],[124.832330900854245,8.327760275385083],[124.832329639103193,8.327489052793899],[124.832420411083376,8.327488633895568],[124.832419149312457,8.327217411314328],[124.832509921225522,8.327216992409102],[124.832509500623857,8.32712658488577],[124.832600272511371,8.327126165964433],[124.832599851893619,8.327035758445277],[124.832690623755596,8.327035339507827],[124.8326902031218,8.326944931992852],[124.832962518616952,8.326943675070003],[124.832962097925446,8.326853267568428],[124.833234413315637,8.326852010472914],[124.833233992566448,8.326761602984746],[124.833415536094662,8.326760764826687],[124.833415115308583,8.326670357347309],[124.833687430503005,8.326669099968646],[124.833687009659258,8.326578692502673],[124.834503954799828,8.326574919289261],[124.834504375830818,8.326665326713703],[124.834958234180661,8.326663229735711],[124.834957813045648,8.326572822334349],[124.835048584680607,8.326572402881201],[124.835048163529521,8.326481995484023],[124.835138935138957,8.326481576014773],[124.835138092809387,8.326300761228353],[124.835228864372453,8.326300341747617],[124.835228443193969,8.326209934358376],[124.835319214731527,8.326209514861539],[124.835317108806066,8.325757477931948],[124.835226337372546,8.325757897405701],[124.835224231669457,8.325305860442231],[124.8351334603352,8.325306279872184],[124.835133039229589,8.325215872473576],[124.835223810543056,8.325215453048243],[124.83522170498199,8.324763416071825],[124.835312476186729,8.324762996648863],[124.835310791739872,8.324401367078424],[124.835220020618365,8.324401786482921],[124.835219178464939,8.324220971685877],[124.835128407380267,8.324221391060426],[124.835127565287408,8.324040576252424],[124.835036794239599,8.324040995597024],[124.835035952207235,8.323860180778061],[124.834945181196304,8.32386060009271],[124.834944339224478,8.32367978526279],[124.834853568250395,8.323680204547497],[124.834852726339093,8.323499389706617],[124.834761955401873,8.323499808961374],[124.834760271719247,8.323138179255972],[124.834669500860485,8.323138598471553],[124.834668659089175,8.322957783607032],[124.834577888267248,8.322958202792668],[124.834576204864589,8.322596573039984],[124.834485434121106,8.322596992186449],[124.834484171681197,8.322325769853562],[124.834393400995367,8.322326188965473],[124.834392559433979,8.32214537406549],[124.834301788785027,8.322145793147458],[124.834301368032214,8.322055385692206],[124.834210597399306,8.322055804748851],[124.83421017667203,8.321965397288551],[124.83411940605518,8.321965816319871],[124.834118985353442,8.321875408854531],[124.834028214752649,8.321875827860525],[124.834027794076405,8.321785420390135],[124.833846252902219,8.321786258330775],[124.833845411647147,8.321605443370244],[124.833754641094544,8.321605862300276],[124.833753799899938,8.321425047328791],[124.833663029384184,8.321425466228886],[124.833657982863457,8.320340576308395],[124.833567212592456,8.320340995132426],[124.833566792100584,8.320250587631632],[124.833476021845627,8.320251006430347],[124.833475601379277,8.32016059892451],[124.833384831140407,8.320161017697906],[124.83338441069958,8.320070610187026],[124.833293640476739,8.320071028935104],[124.833293220061421,8.31998062141918],[124.833202449854639,8.319981040141942],[124.833201609079794,8.319800225099577],[124.833110838909846,8.31980064379241],[124.83310831682347,8.319258198627294],[124.833199086868689,8.319257779962134],[124.833198246169488,8.319076964912869],[124.833289016168393,8.31907654623623],[124.83328817544654,8.318895731194461],[124.833378945399161,8.318895312506344],[124.83337348089799,8.317720014752771],[124.833282711215531,8.317720433380932],[124.833281030074446,8.317358803269796],[124.833190260470417,8.31735922185881],[124.833189840217756,8.317268814325336],[124.833099070629743,8.317269232889039],[124.833098650402604,8.317178825350521],[124.83300788083065,8.317179243888914],[124.833007460629005,8.317088836345357],[124.832916691073109,8.317089254858441],[124.832916270896945,8.316998847309842],[124.832825501357121,8.316999265797618],[124.832825081206479,8.316908858243973],[124.8327343116827,8.316909276706443],[124.832733891557552,8.316818869147754],[124.832643122049831,8.316819287584915],[124.832642701950206,8.31672888002119],[124.832551932458514,8.316729298433046],[124.832551092315015,8.316548483295072],[124.832460322860143,8.316548901677013],[124.832457802667747,8.316006456225097],[124.832548571997947,8.316006037870821],[124.832546471863722,8.315554000005417],[124.832455702637418,8.315554418336644],[124.832454862658338,8.315373603178244],[124.832364093468854,8.315374021479558],[124.832363673507189,8.315283613895099],[124.832272904333749,8.31528403217111],[124.832272064466153,8.315103216991686],[124.832181295329562,8.315103635237783],[124.832180875423617,8.315013227642821],[124.832090106303056,8.315013645863614],[124.83208884667593,8.314742423062295],[124.831998077612951,8.314742841248576],[124.831994299173701,8.31392917277986],[124.832085068049722,8.313928754635061],[124.832082549178239,8.31338630899751],[124.831991780426861,8.313386727114652],[124.831990521117191,8.313115504276233],[124.831899752423382,8.313115922358861],[124.831898493218588,8.312844699502737],[124.831807724582376,8.312845117550854],[124.83180520642496,8.312302671799312],[124.831714437908602,8.312303089799096],[124.831713178955965,8.312031866903684],[124.831622410497218,8.312032284868955],[124.831621151649401,8.311761061955842],[124.831530383248207,8.311761479886608],[124.83152996366249,8.311671072243435],[124.831439195277341,8.311671490148907],[124.831438356161598,8.311490674852054],[124.831347587813255,8.311491092727627],[124.831346748757937,8.311310277419834],[124.831255980446414,8.311310695265512],[124.831254302475529,8.310949064626325],[124.831163534242307,8.310949482432894],[124.831161017552262,8.310407036433546],[124.831251785660882,8.310406618654618],[124.831250107878915,8.310044987998198],[124.83134087589977,8.310044570217018],[124.831340036995599,8.309863754895437],[124.831430804970225,8.309863337102792],[124.831427868809115,8.30923048349594],[124.831337100979823,8.309230901256333],[124.831336262160661,8.309050085926998],[124.831245494368204,8.309050503657501],[124.831243816869616,8.308688872975234],[124.831153049155446,8.308689290666631],[124.831151371815466,8.308327659959046],[124.831060604179612,8.308328077611341],[124.831056830627759,8.307514408452619],[124.83096606317396,8.307514826042784],[124.830964805470629,8.307243602968304],[124.831055572862141,8.307243185391959],[124.831053895907459,8.306881554638382],[124.831144663211234,8.30688113705979],[124.831142986249105,8.306519506317748],[124.831052219028322,8.306519923877916],[124.831050961418583,8.306248700803042],[124.830960194255326,8.30624911832872],[124.830959775082263,8.30615871063163],[124.83086900793505,8.306159128132032],[124.830868588787453,8.306068720429904],[124.830777821656298,8.30606913790503],[124.830777402534167,8.305978730197864],[124.830595868299142,8.305979565076894],[124.830595449223253,8.305889157360088],[124.830413915010851,8.305889992147231],[124.830413495981162,8.305799584420786],[124.830322728888632,8.305800001778751],[124.830321471890215,8.305528778583014],[124.830230704855211,8.305529195906496],[124.830229866921357,8.305348380431308],[124.830139099923144,8.305348797724914],[124.830134910744619,8.304444720277111],[124.830225677535367,8.304444303029548],[124.830224839714816,8.304263487544029],[124.830315606459351,8.304263070285009],[124.830315187535419,8.304172662546208],[124.830405954254488,8.304172245271129],[124.830405535314526,8.304081837536504],[124.830496302008115,8.304081420245362],[124.830495883052123,8.303991012514912],[124.830586649720246,8.303990595207708],[124.830586230748224,8.303900187481434],[124.83067699739091,8.303899770158173],[124.830676159419525,8.30371895471354],[124.83094845919473,8.303717702647415],[124.830947621117772,8.303536887228688],[124.830856854572247,8.303537304595515],[124.830856435561614,8.303446896880901],[124.830765669032118,8.30344731422246],[124.830765250046937,8.30335690650281],[124.830674483533457,8.303357323819103],[124.830674064573742,8.303266916094413],[124.830583298076277,8.303267333385438],[124.830582879142042,8.303176925655714],[124.830492112660622,8.303177342921472],[124.830491274847759,8.302996527451524],[124.830400508403088,8.302996944687409],[124.830400089524503,8.302906536947187],[124.830490855948412,8.30290611971591],[124.830490437053811,8.302815711979861],[124.830399670650607,8.302816129206533],[124.830395900998141,8.30200245952129],[124.830305134776921,8.302002876685862],[124.830302203234538,8.301370022429895],[124.830211437153778,8.301370439541573],[124.830209762173496,8.301008808510279],[124.830118996170953,8.301009225582884],[124.830115227928104,8.300195555695863],[124.830205993744002,8.300195138664691],[124.830205575053213,8.30010473090192],[124.830114809258035,8.300105147928484],[124.830112297336839,8.299562701315192],[124.829840000296301,8.299563952188098],[124.829839581721487,8.299473544403901],[124.829930347385655,8.299473127471519],[124.829929928794812,8.299382719691495],[124.830202225696823,8.299381468784251],[124.830200969766054,8.299110245483028],[124.830110204198959,8.299110662458949],[124.830108529773639,8.298749031366212],[124.830017764284761,8.298749448303065],[124.830016508577515,8.298478224965182],[124.82992574314612,8.298478641867574],[124.829925324607217,8.298388234082818],[124.830016090017878,8.298387817185031],[124.830015671462931,8.298297409404443],[124.829924906073003,8.298297826297629],[124.829924487543536,8.29820741851201],[124.83001525291273,8.298207001623426],[124.830014834367248,8.298116593841986],[124.83010559971099,8.298116176937356],[124.830105181149492,8.298025769160088],[124.830286711781355,8.298024935298089],[124.830286293183136,8.297934527529598],[124.830467823754645,8.297933693594214],[124.830466986489398,8.297752878074352],[124.83055775172663,8.297752461084899],[124.830556495802,8.297481237815699],[124.830465730626955,8.297481654791339],[124.83046489340893,8.297300839267182],[124.83037412827062,8.297301256212965],[124.830373291112934,8.297120440677871],[124.830282526011374,8.297120857593798],[124.830279177735221,8.296397595399394],[124.83036994267097,8.296397178520305],[124.830369105607701,8.296216362976613],[124.830459870497265,8.296215946086086],[124.830458196344438,8.295854315011956],[124.830548961146377,8.295853898119205],[124.830548542599246,8.295763490354203],[124.830639307375748,8.295763073445409],[124.830638888812615,8.295672665684585],[124.830729653563679,8.295672248759757],[124.830729234984545,8.295581841003104],[124.830819999710144,8.29558142406224],[124.830819581114994,8.295491016309761],[124.830910345815184,8.295490599352858],[124.830906159916225,8.294586521850498],[124.830815395423286,8.294586938761341],[124.830811210203692,8.293682861169925],[124.830901974489436,8.293682444305137],[124.830901555972716,8.293592036548237],[124.830992320233008,8.293591619667415],[124.830991483172312,8.293410804161535],[124.831082247386448,8.293410387269287],[124.831081828842471,8.293319979520309],[124.831172593031155,8.29331956261203],[124.831171337365404,8.293048339376334],[124.831262101487226,8.293047922461239],[124.831261682920683,8.292957514719754],[124.831170918819566,8.292957931630243],[124.831169663210474,8.292686708389386],[124.831078899166812,8.292687125265418],[124.831078480660594,8.292596717513],[124.830987716632919,8.292597134363792],[124.830987298152152,8.292506726606337],[124.830805770124059,8.292507560236801],[124.830805351689449,8.292417152469705],[124.830623823683879,8.292417986008415],[124.830623405295427,8.292327578231678],[124.830532641306291,8.292327994965479],[124.83053222294329,8.292237587183704],[124.830441458970128,8.292238003892264],[124.830441040632536,8.292147596105458],[124.830350276675389,8.292148012788779],[124.830349858363235,8.292057604996938],[124.83025909442209,8.292058021655016],[124.830255330011511,8.291244351467668],[124.830164566252066,8.291244768063677],[124.830163311595641,8.290973544646343],[124.830072547893622,8.290973961207911],[124.830071711521015,8.290793145584999],[124.829980947855688,8.290793562116725],[124.829978438975431,8.290251115210053],[124.830069202516484,8.290250698705949],[124.830068366219407,8.290069883076157],[124.830159129714332,8.290069466560629],[124.830158711552144,8.289979058749696],[124.830249475021631,8.289978642218143],[124.830248638670014,8.289797826604195],[124.830339402093372,8.289797410061221],[124.830338983903943,8.289707002258206],[124.830429747301864,8.289706585699207],[124.830427656321945,8.289254546700706],[124.830518419611607,8.289254130144103],[124.830516328646155,8.288802091157882],[124.830697855004246,8.288801258028847],[124.830697436783893,8.288710850239525],[124.830788199935142,8.288710433648674],[124.830787781698817,8.288620025863528],[124.830878544824643,8.288619609256655],[124.830877290081887,8.28834838591245],[124.830968053140865,8.288347969298773],[124.830966380133759,8.287986338185572],[124.831057143105213,8.287985921569694],[124.831057561370599,8.288076329344035],[124.83114832435804,8.288075912702924],[124.831148742648864,8.288166320472227],[124.831239505652277,8.288165903805886],[124.831239923968525,8.288256311570155],[124.831330686987911,8.288255894878585],[124.831331105329582,8.288346302637812],[124.831421868364984,8.288345885921011],[124.831422286732064,8.288436293675206],[124.831603812830082,8.288435460170511],[124.831604231243304,8.288525867915059],[124.831876520416998,8.288524617489509],[124.831876938897082,8.288615025219805],[124.83205846503067,8.288614191490428],[124.832058883556883,8.288704599211076],[124.832240409712966,8.288703765389981],[124.832240828285336,8.28879417310098],[124.832331591376999,8.288793756154883],[124.832332009974792,8.288884163860846],[124.832422773082442,8.288883746889516],[124.832425284892608,8.289426193088604],[124.832516048119771,8.289425776068988],[124.832519397630278,8.290149037606826],[124.832428634237445,8.290149454663318],[124.832429471620898,8.290330270052701],[124.832338708181922,8.290330687097784],[124.83233912686002,8.290421094796438],[124.832248363395607,8.290421511825501],[124.83224920072459,8.290602327230742],[124.832158437214019,8.290602744248392],[124.832158855864847,8.290693151954978],[124.832068092328868,8.290693568956609],[124.832069348247643,8.290964792087609],[124.831978584644787,8.290965209082433],[124.831980259186466,8.291326839936181],[124.831889495496029,8.29132725692881],[124.831892007326005,8.29186970322419],[124.831982771140744,8.291869286203911],[124.831983608496628,8.292050101623044],[124.832074372348046,8.292049684572918],[124.832074791053799,8.292140092277231],[124.832165554921204,8.292139675201861],[124.832165973652394,8.292230082901135],[124.832256737535815,8.292229665800519],[124.83225757505376,8.292410481188563],[124.832348338973887,8.292410064058094],[124.832348757760684,8.292500471746862],[124.832439521696784,8.29250005459115],[124.832440778147642,8.292771277641043],[124.832531542141169,8.292770860450867],[124.832532379840146,8.292951675806091],[124.83244161580518,8.292952093005489],[124.832444128891211,8.293494539088512],[124.832353364727197,8.293494956294932],[124.832353783570696,8.293585363978538],[124.832444547755429,8.293584946767512],[124.832446642147346,8.294036985156051],[124.832537406430916,8.294036567901335],[124.832537825344218,8.294126975573143],[124.832628589643804,8.294126558293176],[124.832629008582515,8.294216965959947],[124.832719772898102,8.294216548654733],[124.832720191862293,8.294306956316461],[124.832901720520709,8.294306121634889],[124.832902139531058,8.294396529286967],[124.832992903873887,8.294396111910611],[124.832993741950204,8.294576927204252],[124.833084506329755,8.294576509798036],[124.833085763541845,8.294847732721436],[124.833176527978836,8.294847315280744],[124.833181557501291,8.295932206880309],[124.833090792815625,8.29593262437634],[124.83309288854727,8.296384662547601],[124.833183653336576,8.296384245028513],[124.83318407251781,8.29647465265686],[124.833274837323117,8.296474235112518],[124.833275256529816,8.296564642735827],[124.833366021351111,8.296564225166225],[124.833366440583262,8.296654632784493],[124.833457205420558,8.296654215189632],[124.833458043940482,8.296835030415648],[124.833548808814527,8.296834612790919],[124.833549647394818,8.29701542800599],[124.83364041230557,8.297015010351391],[124.833642508942717,8.297467048358479],[124.833551743928325,8.297467466036144],[124.833555517986511,8.298281134463315],[124.833646283187491,8.298280716744136],[124.833650477242031,8.299184792687321],[124.833559711833729,8.299185210452626],[124.833560550659911,8.299366025645327],[124.833469785205438,8.299366443399208],[124.833471882249995,8.299818481396485],[124.833381116687107,8.299818899152774],[124.833381955496563,8.299999714357899],[124.833291189887461,8.300000132102756],[124.833292028674364,8.300180947315383],[124.833382794324919,8.300180529561301],[124.833383213746188,8.300270937162356],[124.8332924480749,8.300271354921051],[124.833293286890168,8.300452170131097],[124.833384052602938,8.300451752363179],[124.833385310923461,8.300722975161181],[124.833476076693714,8.300722557358769],[124.833478593586932,8.301265002915484],[124.833387827692263,8.301265420745567],[124.833388666652993,8.30144623593692],[124.833297900712125,8.301446653755571],[124.833298320178869,8.301537061355212],[124.832935256285126,8.301538732441687],[124.832936095066827,8.301719547676571],[124.832845329040111,8.30171996540577],[124.83284700657731,8.30208159588882],[124.832937772687018,8.302081178141181],[124.832938611525464,8.3022619933709],[124.83302937767192,8.302261575593377],[124.833030216570748,8.302442390812157],[124.833211748932456,8.30244155517669],[124.833212587933161,8.302622370375296],[124.833303354148413,8.302621952517347],[124.833302934624953,8.302531544922871],[124.833393700814696,8.302531127048875],[124.833397476882794,8.303344795342165],[124.833306710506335,8.303345213257668],[124.833307969218595,8.303616436028186],[124.833217202775188,8.303616853936864],[124.833218881041404,8.303978484309971],[124.833128114510274,8.303978902216434],[124.833128534067896,8.304069309813249],[124.8330377675113,8.304069727703657],[124.83303860659926,8.304250542905212],[124.832947839996422,8.304250960784183],[124.832948679061786,8.304431775993239],[124.833039445706092,8.304431358105047],[124.833039865266628,8.304521765704319],[124.832949098601546,8.30452218359712],[124.832951196371326,8.304974221610074],[124.833041963140104,8.304973803694214],[124.833042382729005,8.305064211290903],[124.833133149513827,8.30506379334977],[124.833133569128165,8.305154200941415],[124.833224335929017,8.305153782975001],[124.83322475556885,8.305244190561606],[124.833315522385703,8.305243772569911],[124.833316781395823,8.305514995313301],[124.833407548270202,8.305514577287104],[124.83340880738514,8.305785800012785],[124.833499574317045,8.305785381952081],[124.833499994052232,8.305875789521837],[124.83340922709958,8.305876207587149],[124.833410486271262,8.306147430307661],[124.83331971925162,8.306147848366143],[124.83332055868155,8.306328663520221],[124.833229791615679,8.306329081567256],[124.833231050733758,8.306600304308981],[124.833140283600926,8.306600722349183],[124.833141962408206,8.3069623526839],[124.833232729624086,8.306961934625249],[124.833232309894427,8.306871527046829],[124.833323077084799,8.306871108972119],[124.83332349683522,8.306961516545929],[124.833505031243291,8.306960680325274],[124.833505870841336,8.30714149545315],[124.833415103598156,8.307141913583038],[124.833415523383522,8.307232321150945],[124.833506290647449,8.307231903016442],[124.833507550094183,8.307503125703736],[124.833416782767983,8.307503543852073],[124.833417202572249,8.307593951418257],[124.833507969919211,8.307593533265305],[124.833508389748957,8.307683940826443],[124.833417622381262,8.307684358984005],[124.833418462013455,8.307865174114218],[124.833509229422674,8.307864755947429],[124.833509649266631,8.307955163507275],[124.833691184112396,8.307954327102452],[124.833692023897513,8.308135142202405],[124.833782791354793,8.308134723959755],[124.833783211275204,8.308225131504466],[124.833873978748528,8.308224713236534],[124.833875238600399,8.308495935854255],[124.833784471064803,8.308496354136032],[124.833784891004129,8.308586761679024],[124.833694123443024,8.308587179944737],[124.833694543366335,8.308677587491911],[124.833513008188447,8.308678423970541],[124.833513847966202,8.30885923908205],[124.833423080328672,8.308859657299575],[124.833424339968474,8.309130879977445],[124.833333572263911,8.309131298188131],[124.833334412005925,8.309312113313778],[124.833425179751998,8.309311695093871],[124.833425599650838,8.309402102651436],[124.833516367412955,8.309401684406238],[124.833517627200152,8.309672907062513],[124.833426859375777,8.309673325321551],[124.833427279293545,8.309763732877395],[124.833336511443676,8.309764151120367],[124.8333369313454,8.30985455868039],[124.833427699216031,8.309854140432806],[124.833428959011911,8.310125363096461],[124.83333819107898,8.310125781357881],[124.833338610999633,8.310216188916179],[124.833247843041221,8.310216607161532],[124.83324826294583,8.310307014724016],[124.833157494961952,8.3103074329533],[124.833160854202987,8.311030693474542],[124.833251622353004,8.311030275208362],[124.83325204230016,8.311120682766965],[124.833342810466206,8.311120264475493],[124.833344070398383,8.311391487134886],[124.833434838621983,8.311391068808895],[124.833435258629592,8.311481476356551],[124.833526026869251,8.311481058005263],[124.83352686694019,8.311661873090058],[124.83361763521664,8.311661454708863],[124.833618895420827,8.311932677318984],[124.833709663754817,8.311932258903267],[124.83371008385312,8.312022666434499],[124.833619315498339,8.312023084854831],[124.833619735580598,8.312113492390244],[124.833710503956127,8.3121130739653],[124.833711764293568,8.31238429655512],[124.833802532726665,8.31238387809565],[124.833803793168983,8.312655100667753],[124.833894561659676,8.312654682173756],[124.833895822206841,8.312925904728138],[124.833986590755089,8.312925486199616],[124.833989532342784,8.313558338779124],[124.834080301031705,8.313557920197619],[124.834082822701689,8.314100365221275],[124.834173591510506,8.314099946591393],[124.834174432146554,8.314280761586602],[124.834355969833098,8.314279924246318],[124.834356810571151,8.314460739221344],[124.834447579448863,8.314460320510934],[124.83444799984575,8.314550727993188],[124.834538768739506,8.314550309257475],[124.834539189161916,8.314640716734681],[124.83462995807173,8.314640297973661],[124.834630378519634,8.314730705445818],[124.834721147445464,8.314730286659492],[124.834719886053605,8.314459064255569],[124.834810654912374,8.3144586454624],[124.83481233686075,8.314820275314972],[124.834903105797892,8.314819856482648],[124.834903526317603,8.314910263940098],[124.834812757359671,8.314910682777038],[124.834813177863353,8.31500109023867],[124.834722408879912,8.315001509059536],[124.834724090858771,8.315363138920224],[124.834633321787521,8.315363557738857],[124.834634162763791,8.315544372675847],[124.834543393646257,8.315544791483019],[124.834543814120721,8.315635198955482],[124.834634583259046,8.315634780143693],[124.834638788471651,8.31653885479845],[124.834820327149643,8.316538017020481],[124.834820747738476,8.316628424474354],[124.834911517091143,8.316628005549711],[124.83491109648152,8.316537598100449],[124.835001865808664,8.316537179159726],[124.835003548358671,8.316898808935703],[124.834912778948407,8.316899227894893],[124.834915723447679,8.317532080018557],[124.835006493003419,8.317531661027054],[124.835007334373088,8.317712475906417],[124.835370412714894,8.317710799696481],[124.835371254269759,8.317891614537185],[124.835462023884944,8.317891195423718],[124.83546286550029,8.318072010253463],[124.835372095843539,8.318072429376162],[124.835373358239735,8.318343651631393],[124.835554897673191,8.318342813337587],[124.835555318522935,8.318433220745897],[124.835646088253355,8.318432801563329],[124.835646509128651,8.318523208966592],[124.835737278875087,8.318522789758701],[124.835736016201082,8.318251567561477],[124.835826785880457,8.318251148346736],[124.835825944079929,8.318070333555665],[124.83591671371299,8.318069914329469],[124.835916292799013,8.317979506937903],[124.836007062406594,8.317979087695624],[124.836008325224981,8.318250309855168],[124.836099094890159,8.318249890578334],[124.836100357813535,8.318521112720138],[124.836191127536324,8.318520693408743],[124.836191548541024,8.318611100783864],[124.836100778797487,8.318611520099877],[124.836101199786157,8.318701927479184],[124.836191969550484,8.318701508158551],[124.836192811583615,8.318882322906633],[124.836102041777707,8.318882742236502],[124.836103304800545,8.319153964369248],[124.836012534927548,8.319154383692274],[124.836012955923849,8.319244791073613],[124.835922186025329,8.319245210380556],[124.835923448980282,8.319516432535838],[124.835832679014686,8.319516851835935],[124.835833099988349,8.319607259224785],[124.835923869974764,8.31960683992007],[124.835925975018085,8.320058876834761],[124.835835204927761,8.320059296162565],[124.835836467948212,8.320330518320057],[124.835745697790784,8.320330937641016],[124.835747802815661,8.320782974584631],[124.835838573077055,8.320782555240582],[124.835839415161729,8.320963370005773],[124.835930185459929,8.320962950631776],[124.835930606530155,8.321053358009106],[124.836021376844442,8.321052938609785],[124.836021797940191,8.321143345982062],[124.836112568270508,8.321142926557416],[124.836112989391808,8.321233333924644],[124.836294530079812,8.32123249500399],[124.83629495124741,8.321322902361548],[124.836385721605112,8.32132248286554],[124.836386563996086,8.321503297570123],[124.836477334390622,8.321502878044166],[124.836481125571709,8.322316544151841],[124.836390354990044,8.322316963719377],[124.836392461263586,8.322769000453857],[124.836483231949202,8.322768580863221],[124.836483653238943,8.322858988204203],[124.836392882532508,8.322859407799458],[124.836393725084562,8.323040222489368],[124.836484495832579,8.323039802884871],[124.836484917136488,8.323130210224557],[124.836938770909484,8.323128111868289],[124.836939192322134,8.32321851918444],[124.83702996308331,8.323218099446427],[124.837029541649883,8.3231276921349],[124.837120312385508,8.323127272380795],[124.837119890936037,8.323036865073455],[124.837210661646139,8.323036445303263],[124.83721024018061,8.32294603800011],[124.837391781545008,8.322945198406833],[124.837391360042616,8.322854791112496],[124.837663671991322,8.322853531581108],[124.837663250431262,8.322763124300208],[124.837935562274922,8.322761864596288],[124.837935140657237,8.322671457328827],[124.838116681821049,8.322670617431907],[124.83811626016653,8.322580210173259],[124.838207030720525,8.322579790198356],[124.838206609049934,8.322489382943907],[124.838388150102119,8.322488542941215],[124.838387728394707,8.322398135695584],[124.838569269386326,8.322397295619302],[124.838568847642051,8.322306888382489],[124.838931929485213,8.322305207999904],[124.838931507662522,8.322214800781159],[124.839022278090681,8.322214380638366],[124.839021856251932,8.322123973423817],[124.839112626654526,8.322123553264939],[124.839112204799733,8.322033146054586],[124.839202975176818,8.322032725879625],[124.839202553305952,8.321942318673466],[124.839293323657486,8.321941898482422],[124.839292901770605,8.321851491280464],[124.839565212734357,8.32185023059696],[124.839564790789836,8.321759823408449],[124.840290952984716,8.321756460711617],[124.84029053087859,8.321666053559706],[124.840381301110824,8.321665633134042],[124.840380034758596,8.321394411689608],[124.84028926458879,8.321394832101383],[124.840287576268778,8.321033203484239],[124.84019680617736,8.321033623856787],[124.840193007922196,8.320219959401305],[124.840102238013131,8.320220379711481],[124.84009759645204,8.319225900834168],[124.840006826766867,8.319226321072719],[124.840005139151998,8.3188646923586],[124.839914369545227,8.318865112557933],[124.83991352580783,8.31868429818903],[124.839822756237865,8.318684718358403],[124.839821068903177,8.318323089596896],[124.839730299411613,8.318323509727056],[124.83972819045394,8.317871473742329],[124.839637421061539,8.317871893828645],[124.839636999305,8.317781486625776],[124.839818538043502,8.317780646441697],[124.839817272677735,8.317509424858274],[124.839908041977537,8.317509004749072],[124.839907198382534,8.317328190367226],[124.839997967636009,8.317327770246585],[124.839997545824843,8.317237363059641],[124.839906776592144,8.317237783175653],[124.839905933025619,8.317056968791217],[124.839815163829712,8.317057388877275],[124.839814742074338,8.316966981679784],[124.840087049585463,8.316965721373402],[124.840086205964283,8.316784907004891],[124.840176975083594,8.316784486870629],[124.840177396912594,8.31687489405047],[124.840268166047949,8.316874473890884],[124.840269009761727,8.317055288240013],[124.840541317263984,8.317054027609295],[124.840542161121434,8.317234841928919],[124.840632930320922,8.317234421668022],[124.840633352277536,8.317324828822558],[124.840724121493054,8.317324408536335],[124.840723277542992,8.317143594236093],[124.84063250836904,8.317144014513055],[124.840632086421905,8.317053607357661],[124.840904393867177,8.317052346478581],[124.840903971862474,8.316961939336645],[124.841357817405722,8.316959837480734],[124.84135739530187,8.316869430361526],[124.841448164375493,8.316869009932887],[124.84144774225561,8.316778602817879],[124.841538511303696,8.316778182373177],[124.841538089167784,8.31668777526237],[124.841628858190361,8.316687354801605],[124.841627591748761,8.3164161334805],[124.841446053823518,8.316416974353539],[124.841445631727382,8.316326567236375],[124.841354862778445,8.316326987637218],[124.841354440707818,8.316236580514992],[124.841263671774882,8.31623700089051],[124.841263249729778,8.316146593763216],[124.841172480812872,8.316147014113408],[124.841172058793319,8.316056606981052],[124.841081289892443,8.316057027305918],[124.841080867898398,8.315966620168503],[124.84089933012396,8.315967460746885],[124.840898486233229,8.315786646452228],[124.841080023924562,8.315785805892373],[124.841079179969739,8.315604991614519],[124.841169948766719,8.315604571312814],[124.841169526775644,8.315514164177872],[124.841351064313841,8.315513323521643],[124.841351486346468,8.315603730647323],[124.841623792680465,8.315602469493891],[124.841622526409864,8.315331248157255],[124.841440988983265,8.31533208891911],[124.841440566944115,8.315241681796769],[124.84134979824448,8.315242102142024],[124.841349376230852,8.315151695014618],[124.841077070165738,8.315152955912334],[124.841076648219186,8.315062548770602],[124.840713573482319,8.315064229659344],[124.840712729769635,8.314883415337542],[124.840531192455799,8.314884255639239],[124.840530770648144,8.314793848468428],[124.840258464704121,8.3147951087519],[124.840257621227664,8.314614294381208],[124.840166852611716,8.314614714425058],[124.840166009195784,8.31443390004338],[124.840256777770207,8.314433480008788],[124.840255090912223,8.314071851258777],[124.840345859398809,8.314071431222015],[124.840345015956771,8.313890616853682],[124.840435784397059,8.31389019680549],[124.840434940932454,8.313709382444689],[124.840525709326457,8.31370896238507],[124.840524865839299,8.313528148031809],[124.840615634187017,8.313527727960761],[124.840615212429796,8.313437320788111],[124.840705980751977,8.313436900701005],[124.840706402529975,8.313527307869025],[124.841160244173579,8.313525207100028],[124.841159822291729,8.313434799955168],[124.841250590585446,8.313434379743935],[124.841249324906073,8.313163158320664],[124.841158556674699,8.313163578517997],[124.841157291100387,8.312892357076946],[124.841066522926553,8.312892777239698],[124.841066101098704,8.312802370087187],[124.8409753329409,8.312802790224623],[124.840974911138574,8.312712383067048],[124.840793374850222,8.312713223270597],[124.840792531342899,8.312532408935633],[124.840520226999388,8.312533669058032],[124.840519805315154,8.312443261876009],[124.840338269103938,8.312444101844919],[124.840337847465975,8.312353694653208],[124.840247079374024,8.312354114602005],[124.840246657761583,8.312263707405233],[124.840155889685647,8.312264127328717],[124.840155468098715,8.312173720126884],[124.84051854029093,8.312172040327358],[124.840518118625695,8.312081633143613],[124.840336582580605,8.312082473075483],[124.840336160961641,8.311992065882048],[124.840245392952738,8.311992485812327],[124.840244971359283,8.31190207861383],[124.84015420336641,8.311902498518796],[124.840152938676809,8.311631276906828],[124.840243706607382,8.31163085701575],[124.840243285032926,8.311540449815528],[124.840152517123116,8.311540869701979],[124.840151674029954,8.311360055290981],[124.840333209761766,8.311359215515919],[124.840332788180774,8.311268808319033],[124.840423556018806,8.311268388405111],[124.840423134421783,8.311177981212422],[124.840604670042083,8.311177141331786],[124.840605091680601,8.311267548515211],[124.840695859504393,8.311267128539242],[124.840696281168434,8.311357535717606],[124.840787049008256,8.311357115716325],[124.840785362297467,8.310995487018799],[124.840876130049466,8.310995067015355],[124.84087528668104,8.310814252673271],[124.840966054386769,8.310813832658411],[124.840965210995805,8.310633018323861],[124.841055978655248,8.310632598297582],[124.841053870157126,8.310180562476825],[124.841144637708027,8.310180142453024],[124.841144216001894,8.310089735292213],[124.841234983527258,8.310089315252361],[124.841233296667141,8.309727686623331],[124.841324064104725,8.30972726658133],[124.841323642380814,8.309636859427625],[124.841414409792904,8.30963643936958],[124.841413988052992,8.309546032220078],[124.841595522821379,8.309545192051214],[124.84159594460283,8.30963559919145],[124.841686712000651,8.309635179071373],[124.841686290198439,8.309544771935768],[124.841777057570766,8.309544351799641],[124.841777479393741,8.309634758930613],[124.84186824678207,8.309634338769175],[124.841868668630539,8.309724745895082],[124.84195943603487,8.309724325708332],[124.841959857908861,8.309814732829176],[124.842050625329222,8.309814312617116],[124.842051047228708,8.309904719732891],[124.842141814665069,8.309904299495518],[124.842143080454363,8.310175520826359],[124.842233847948265,8.310175100554405],[124.84223469187306,8.310355914763539],[124.842325459403725,8.310355494461639],[124.842326303389044,8.310536308659781],[124.842417070956486,8.310535888327928],[124.842417492977049,8.310626295421716],[124.842508260560493,8.310625875064549],[124.842508682606564,8.310716282153273],[124.842417915002358,8.310716702515077],[124.842418759067229,8.3108975167005],[124.842509526712973,8.310897096329429],[124.842510792908215,8.311168317590427],[124.842601560611485,8.311167897184763],[124.842601982706825,8.311258304266266],[124.842783518140664,8.311257463383628],[124.842783940282274,8.311347870455428],[124.842693172546987,8.311348290911722],[124.84269401680298,8.311529105063299],[124.842875552351856,8.311528264111484],[124.842875974528539,8.311618671177353],[124.843057510099925,8.31161783013353],[124.843058354550578,8.311798644245432],[124.843149122370676,8.311798223683221],[124.843149966881853,8.311979037784125],[124.843059199020217,8.311979458355605],[124.843060465760331,8.312250679517637],[124.842969697831634,8.312251100082344],[124.842970542307285,8.312431914197484],[124.842879774332303,8.312432334750778],[124.842880196556479,8.312522741812341],[124.842789428555989,8.312523162349585],[124.842790272977098,8.312703976480678],[124.842699504930309,8.312704397006513],[124.842700349328879,8.312885211145154],[124.842609581235791,8.312885631659572],[124.842612536635144,8.313518481163685],[124.842703304873595,8.313518060616818],[124.842703727113289,8.313608467682473],[124.842794495367755,8.313608047110282],[124.842794917632972,8.31369845417087],[124.84297645416919,8.313697612955149],[124.842976876480705,8.313788020006038],[124.843158413039461,8.313787178698291],[124.843158835397276,8.313877585739471],[124.843249603690282,8.313877165049929],[124.843251715654446,8.314329200226176],[124.843160947257573,8.314329620938903],[124.843161792034991,8.314510435015659],[124.843071023591804,8.314510855716971],[124.843073135514643,8.314962890924491],[124.843163904061683,8.314962470199996],[124.843164748905636,8.315143284270713],[124.843346286068552,8.315142442741099],[124.843346708539215,8.315232849766534],[124.843619014310235,8.315231587303016],[124.843618591777258,8.315141180291491],[124.843709360337328,8.315140759433573],[124.843708937788335,8.315050352426253],[124.843799706322855,8.315049931552283],[124.843798438642082,8.31477871054166],[124.843889207109527,8.314778289660911],[124.843888784538009,8.314687882661147],[124.843979552979945,8.314687461764347],[124.843979130392384,8.31459705476879],[124.844160667220436,8.314596212922392],[124.844159821976518,8.31441539894854],[124.844250590341872,8.314414978003587],[124.844249745075444,8.314234164037288],[124.844158976751643,8.314234584972962],[124.844158554146333,8.314144177984527],[124.844067785838575,8.314144598894876],[124.844067363258802,8.314054191901366],[124.844158131545811,8.314053770995661],[124.844157708950007,8.31396336400636],[124.843885404137012,8.313964626647499],[124.843884136565137,8.313693405635263],[124.843793368346937,8.31369382646035],[124.843792523364314,8.313513012440758],[124.84388329154099,8.313512591624953],[124.84388202404044,8.313241370606249],[124.843972792150012,8.313240949783671],[124.843971102132798,8.312879321771248],[124.844061870154547,8.31287890094654],[124.844061025132945,8.312698086947016],[124.844151793108409,8.312697666110902],[124.844151370583958,8.312607259115131],[124.8442421385339,8.312606838262967],[124.84424129345777,8.312426024279418],[124.844332061361399,8.312425603415846],[124.844331216262759,8.312244789439854],[124.844421984120132,8.312244368564878],[124.844423251837526,8.312515589514305],[124.84460478766259,8.312514747674461],[124.844606055547416,8.312785968592163],[124.844696823515108,8.312785547627287],[124.844697246173681,8.312875954594354],[124.844878782136334,8.31287511259327],[124.844878359436208,8.312784705635487],[124.844969127389632,8.312784284608556],[124.84496785925559,8.312513063746545],[124.845058627141952,8.312512642712854],[124.845059049869292,8.312603049662647],[124.84514981777167,8.312602628603628],[124.845150663282183,8.312783442492639],[124.845332199155706,8.312782600293978],[124.84533346758181,8.313053821096407],[124.845424235573731,8.313053399952121],[124.845422544265375,8.312691772233254],[124.845876383738243,8.312689666294389],[124.845876806662048,8.312780073201537],[124.845967574563105,8.312779651947064],[124.845967997512403,8.312870058849137],[124.846058765429476,8.312869637569332],[124.84605918840434,8.31296004446633],[124.845968420466491,8.312960465750777],[124.845968843425325,8.313050872651985],[124.845878075461968,8.313051293920392],[124.845877652523896,8.312960887014539],[124.845786884576526,8.312961308257613],[124.845787730415907,8.313142122078176],[124.845606194423851,8.313142964520841],[124.845607040199155,8.313323778358251],[124.845516272154441,8.313324199557838],[124.845517117907292,8.313505013402807],[124.845789422151753,8.313503749714126],[124.845789845097613,8.313594156622035],[124.845971381278346,8.313593314050188],[124.845971804270519,8.313683720948376],[124.846062572374493,8.313683299626778],[124.846062995392188,8.313773706519891],[124.846153763512206,8.31377328517296],[124.84615884034524,8.314858167800967],[124.846068071975978,8.314858589203629],[124.84606891813992,8.315039402978211],[124.845978149724374,8.315039824369473],[124.845978995865835,8.31522063815162],[124.845888227403961,8.315221059531478],[124.845889073522898,8.315401873321187],[124.845707536501763,8.315402716037399],[124.845708382556651,8.315583529843956],[124.845526845433383,8.315584372495968],[124.845527268426423,8.315674779407887],[124.845436499836879,8.315675200707497],[124.845436922813903,8.315765607623629],[124.845346154198808,8.315766028907188],[124.84534657715983,8.315856435827527],[124.845255808519198,8.315856857095037],[124.845256231464191,8.315947264019586],[124.845165462798022,8.315947685271047],[124.845165885726985,8.316038092199806],[124.845075117035293,8.316038513435213],[124.845076385788445,8.316309734232833],[124.844985617029678,8.316310155461469],[124.844986462847331,8.316490969333676],[124.845077231647679,8.316490548095755],[124.845087383443328,8.318660314316221],[124.84499661414425,8.318660735665537],[124.84499830629359,8.319022363363349],[124.844907536906618,8.319022784710533],[124.844908382968256,8.319203598566132],[124.844817613534985,8.319204019901896],[124.844818036552141,8.319294426833691],[124.844727267093319,8.319294848153394],[124.844728536111049,8.319566068960109],[124.844637766585109,8.319566490273033],[124.844640727647501,8.32019933883941],[124.844731497318961,8.320198917494002],[124.844731920367693,8.320289324425691],[124.844913459737896,8.320288481663473],[124.844913036647583,8.32019807474107],[124.845094575957162,8.320197231905318],[124.845094152830043,8.320106824991768],[124.845184922456923,8.320106403547475],[124.84518449931376,8.320015996638134],[124.845275268915103,8.320015575177782],[124.845274422601506,8.319834761367085],[124.845365192156478,8.319834339895314],[124.845363922659431,8.31956311918996],[124.8454546921473,8.319562697711413],[124.84545342263074,8.319291477016099],[124.845544192051491,8.319291055530782],[124.84554334568935,8.319110241741033],[124.845634115063774,8.319109820244295],[124.845632845493896,8.318838599570366],[124.84572361480123,8.318838178066857],[124.845722768403533,8.318657364291369],[124.845813537664526,8.318656942776444],[124.845812691244319,8.318476129008515],[124.845903460458985,8.318475707482177],[124.845903037235246,8.318385300602209],[124.846084575608728,8.318384457496725],[124.846084152348197,8.318294050625612],[124.846174921507,8.318293629046464],[124.846176614660877,8.318655256509745],[124.846085845418926,8.318655678107469],[124.846088808476054,8.319288526184103],[124.846179577863481,8.319288104553868],[124.846180847878912,8.31955932513773],[124.846271617323922,8.319558903472862],[124.84627204069271,8.319649310328639],[124.846362810153749,8.319648888638421],[124.846363233548075,8.319739295489121],[124.846454003025158,8.319738873773554],[124.846454426445021,8.319829280619182],[124.846908273862866,8.319827171707558],[124.846908697391427,8.319917578529525],[124.847634853178505,8.31991420315717],[124.847634429483634,8.319823796372381],[124.847906737762827,8.319822530280083],[124.847909704163428,8.320455377666919],[124.847637395447748,8.320456643856836],[124.847638666646716,8.32072786420084],[124.847366357701048,8.320729130246241],[124.847368899853436,8.321271571006259],[124.847096590490679,8.321272836948957],[124.847097861444098,8.32154405736496],[124.846825551851339,8.321545323163114],[124.846828093512585,8.322087764067104],[124.846555783502708,8.322089029762513],[124.846559595754741,8.322902691214786],[124.846831906326017,8.322901425393939],[124.846833177349581,8.323172645828446],[124.847105488065125,8.323171379779378],[124.847109301954546,8.323985040934122],[124.846836990677502,8.323986307108646],[124.84683995686602,8.324619154746841],[124.846567645109346,8.324620420832503],[124.846571458561712,8.325434082175951],[124.846208375404018,8.325435770167372],[124.84621091742072,8.32597821115505],[124.845938604628017,8.325979477014679],[124.845942417412843,8.326793138592439],[124.84567010401561,8.326794404390972],[124.84567137484234,8.327065624950915],[124.845126747544839,8.32706815607208],[124.845128018039944,8.327339376711693],[124.844855704139675,8.327340642034308],[124.844856974490369,8.327611862711811],[124.84449388897373,8.327613549574203],[124.84449431235025,8.327703956484401],[124.844403540938387,8.327704378152831],[124.844403964298863,8.327794785067242],[124.844313192861435,8.327795206719589],[124.84431403955503,8.32797602055639],[124.844223268071246,8.327976442197293],[124.844224114742261,8.328157256041646],[124.844133343212079,8.328157677671102],[124.844135036527987,8.328519305373186],[124.844225808141402,8.328518883725168],[124.844226654869502,8.328699697564337],[124.84431742651978,8.328699275886319],[124.844317849911789,8.328789682800616],[124.844408621578083,8.328789261097226],[124.844411162154884,8.329331702546094],[124.844320390363706,8.32933212427732],[124.844321660653904,8.329603345009842],[124.844412432507511,8.329602923264694],[124.844412855967903,8.329693330170027],[124.844503627837568,8.329692908399512],[124.844504474814258,8.329873722199608],[124.844413702902955,8.329874143979405],[124.844414973341244,8.330145364690226],[124.844505745314976,8.33014494289651],[124.844506168824708,8.330235349794613],[124.844415396830172,8.330235771592971],[124.844416667325532,8.330506992298607],[124.844507439382511,8.330506570486332],[124.844507862911314,8.330596977382703],[124.844689407052613,8.330596133686672],[124.844688983482214,8.330505726799577],[124.844779755524925,8.330505304925108],[124.84478060271212,8.330686118689579],[124.8446898306278,8.330686540573332],[124.844691101381883,8.330957761230724],[124.844600329230332,8.330958183107668],[124.844605412425125,8.332043065754021],[124.844333095192582,8.332044331427513],[124.844338601948266,8.333219621071805],[124.845427873869255,8.333214556534111],[124.845429145522786,8.333485777043791],[124.846518417507795,8.333480709352729],[124.846519689953752,8.333751929691328],[124.846792008030221,8.333750662260146],[124.84679328070645,8.334021882553042],[124.846520962442568,8.334023150026034],[124.846522659161039,8.334384777132925],[124.846431886313596,8.334385199601027],[124.846431462147649,8.334294792820307],[124.846249916480105,8.334295637684997],[124.846249492360599,8.334205230894558],[124.846158719540497,8.334205653291148],[124.846159143639184,8.334296060086233],[124.845886825087874,8.334297327165503],[124.845886401051644,8.334206920356483],[124.845795628212514,8.334207342670114],[124.845796052227925,8.334297749483778],[124.845614506493689,8.33429859405811],[124.845614930472223,8.334389000880625],[124.845342611772722,8.334390267600503],[124.845343035693531,8.334480674436513],[124.845252262763353,8.334481096639635],[124.84525311057763,8.334661910319653],[124.845162337601039,8.334662332511318],[124.845163609295653,8.334933553042026],[124.845254382334716,8.334933130836435],[124.845255230196599,8.335113944512129],[124.845164457115885,8.335114366727003],[124.845164881033114,8.335204773568845],[124.845074107926834,8.335205195767621],[124.845075379644655,8.335476416304468],[124.844893833292815,8.335477260667643],[124.844894257166629,8.335567667521682],[124.844985030365763,8.335567245345823],[124.844985878169297,8.335748059043315],[124.845076651405321,8.33574763683743],[124.84507707533507,8.335838043680885],[124.845258621834489,8.335837199197602],[124.84525904581065,8.335927606031341],[124.845349819074031,8.335927183753942],[124.845350667082286,8.336107997410837],[124.845441440382587,8.336107575103403],[124.845442288451537,8.336288388749285],[124.8455330617887,8.336287966411826],[124.845533485851163,8.336378373229474],[124.845624259204413,8.336377950866625],[124.845625531482824,8.336649171303046],[124.845716304893799,8.336648748905521],[124.845717153144861,8.336829562518352],[124.846080246907803,8.336827872683644],[124.846080671123801,8.336918279470835],[124.845989897669355,8.336918701965274],[124.845990746073994,8.337099515547649],[124.84589997257315,8.337099938030633],[124.845900396761778,8.337190344825814],[124.845809623235326,8.337190767292691],[124.845810047407895,8.337281174092087],[124.845719273855849,8.337281596542862],[124.845719698012331,8.337372003346465],[124.84562892443472,8.337372425781137],[124.845631045184405,8.337824459815886],[124.845540271497839,8.337824882253027],[124.84554196809998,8.338186509491614],[124.845451194325349,8.338186931926575],[124.845451618466953,8.338277338739788],[124.845542392262416,8.338276916300181],[124.845546634148633,8.339180984362045],[124.845455860144824,8.339181406848081],[124.845457132741004,8.339452627272136],[124.845366358669921,8.339453049751347],[124.845367631246461,8.339724270185435],[124.845276857108075,8.339724692657823],[124.845278553860112,8.340086319915786],[124.845187779633648,8.340086742385992],[124.845196688393813,8.34198528547422],[124.845287463057957,8.341984862906527],[124.845291281928311,8.342798524129854],[124.845382056775293,8.342798101499618],[124.845387998298662,8.344063796601233],[124.845297223159832,8.344064219296467],[124.845298920825925,8.344425846471342],[124.845208145598932,8.344426269164385],[124.845210692115828,8.34496870994157],[124.84530146746792,8.344968287220674],[124.845301891924919,8.345058694010715],[124.845392667293112,8.345058271264412],[124.845393091775719,8.34514867804938],[124.845483867160013,8.345148255277666],[124.845484291668242,8.345238662057556],[124.845575067068609,8.34523823926043],[124.845574642539518,8.345147832485184],[124.845665417914304,8.345147409671938],[124.845669239035061,8.345961070591773],[124.845760014592742,8.345960647715966],[124.84576383628692,8.346774308558942],[124.845673060541543,8.346774731476541],[124.845675608426845,8.347317172046903],[124.845494056671541,8.347318017875507],[124.84549448129404,8.347408424645005],[124.845312929477984,8.347409270399808],[124.845313354063535,8.347499677178156],[124.845131802186714,8.34750052285915],[124.845131377642886,8.347410116071515],[124.845040601718168,8.347410538876209],[124.845041026241162,8.347500945668484],[124.84495025029085,8.347501368457047],[124.844951523825756,8.34777258884521],[124.845042299838639,8.347772166042722],[124.845043148927445,8.347952979623377],[124.84522470102236,8.347952133937511],[124.845225125615613,8.348042540717907],[124.845315901676784,8.348042117839167],[124.845316750919309,8.348222931389374],[124.845135198708761,8.348223777144645],[124.845135623295434,8.348314183928384],[124.84522639942395,8.348313761056492],[124.845227248653302,8.348494574613385],[124.845318024818795,8.348494151711433],[124.845318449461459,8.348584558484589],[124.845409225643039,8.348584135557219],[124.845410074984414,8.348764949092944],[124.845319298761112,8.348765372029598],[124.845320148079793,8.348946185572876],[124.845410924344819,8.348945762626936],[124.845411349032176,8.349036169393278],[124.844866691245471,8.349038706785123],[124.844867964960571,8.349309927165123],[124.845140294063114,8.349308658520922],[124.845142841997372,8.349851099185674],[124.845233618480535,8.349850676234864],[124.845234467871762,8.350031489777031],[124.845143691346863,8.350031912737125],[124.845144116028777,8.350122319512202],[124.845053339478241,8.350122742456159],[124.845052065509421,8.349851522115708],[124.844961289016737,8.349851945024955],[124.844961713647379,8.349942351810181],[124.844870937129073,8.349942774703296],[124.844871786362901,8.350123588281734],[124.844781009798112,8.35012401116335],[124.844780585199658,8.350033604369708],[124.844508255539282,8.350034872875955],[124.844507831008201,8.349944466067955],[124.844235501367606,8.349945734373264],[124.844235925836088,8.350036141195186],[124.844145149258821,8.350036563926702],[124.844143875930214,8.349765343445721],[124.843962322886611,8.349766188818581],[124.843963596090035,8.350037409327397],[124.844054372676808,8.350036986637441],[124.844054797108342,8.350127393468211],[124.844145573711231,8.350126970752831],[124.844146847096923,8.350398191228612],[124.844237623757635,8.350397768478537],[124.84423804824992,8.350488175298295],[124.844147271568332,8.35048859805301],[124.84414769604453,8.350579004876971],[124.844238472746966,8.350578582117613],[124.844239746266638,8.350849802572981],[124.844421299782468,8.350848956964086],[124.844422148902837,8.351029770580269],[124.844512925695355,8.351029347735366],[124.844513774876475,8.351210161340536],[124.844967658976273,8.351208046757876],[124.844968508385122,8.3513888603149],[124.845059285232551,8.351388437326735],[124.845059709965,8.351478844099958],[124.845241263687257,8.351477998051996],[124.845241688466174,8.351568404815499],[124.845332465341059,8.351567981755698],[124.845332890145613,8.351658388514126],[124.845423667036599,8.351657965428901],[124.845425791235186,8.352109999191326],[124.845607345211533,8.352109152912092],[124.845609044823078,8.352470779877088],[124.845518267753832,8.35247120304567],[124.845519967358086,8.352832830022304],[124.84561074451085,8.352832406835148],[124.845612019326651,8.353103627049149],[124.845702796537267,8.353103203827272],[124.845703646480032,8.353284017291818],[124.845612869227679,8.353284440522978],[124.845613719147764,8.353465253995079],[124.84570449644184,8.353464830754628],[124.845704921429899,8.353555237485386],[124.845614144114933,8.353555660730478],[124.845614569086891,8.353646067465444],[124.845705346422719,8.353645644215707],[124.845705771420285,8.353736050945596],[124.845614994063567,8.353736474199975],[124.845615844031258,8.353917287667741],[124.845525066628056,8.353917710910618],[124.845525916573024,8.354098524385934],[124.845616694018005,8.354098101133774],[124.845617544023796,8.354278914598071],[124.845526766537077,8.354279337859523],[124.84552846652231,8.354640964801492],[124.8454376889473,8.354641388060724],[124.845438113934634,8.354731794799777],[124.84552889153052,8.354731371535902],[124.845529316543477,8.354821778269876],[124.84534776130522,8.35482262478612],[124.845347336334001,8.35473221804286],[124.845165781118439,8.354733064466654],[124.845165356193746,8.354642657713672],[124.844893023397333,8.354643927179497],[124.844892598540014,8.354553520412159],[124.844711043360377,8.354554366609468],[124.844710618549556,8.35446395983241],[124.844438285807001,8.354465228958521],[124.844438710555195,8.354555635749499],[124.844620265763396,8.354554789676937],[124.844620690558088,8.3546451964582],[124.844711468175944,8.354644773386092],[124.844711892996244,8.354735180162281],[124.844893448259413,8.354734333946405],[124.844893873126253,8.354824740712875],[124.844984650771565,8.354824317569109],[124.844985075664027,8.354914724330508],[124.845075853325483,8.354914301161308],[124.845076278243596,8.35500470791763],[124.845167055921138,8.355004284722995],[124.845167480864902,8.355094691474239],[124.845349036247455,8.355093845013307],[124.845349461237731,8.355184251754833],[124.845440238942743,8.355183828488537],[124.845440663958655,8.355274235224989],[124.845622219396148,8.355273388620731],[124.845622644458587,8.35536379534746],[124.845804199918803,8.35536294865074],[124.845804625027739,8.35545335536775],[124.845895402771575,8.355452931983557],[124.845896678189618,8.355724152118055],[124.845987455991349,8.355723728699136],[124.845987881161108,8.355814135405124],[124.845897103338487,8.355814558828689],[124.84589965433176,8.356356999083387],[124.845990432279635,8.356356575631956],[124.845991707903224,8.35662779573952],[124.845900929892707,8.356628219204884],[124.8459026307073,8.356989846027478],[124.845811852608492,8.35699026949062],[124.845812277803176,8.357080676199828],[124.845903055922861,8.35708025273204],[124.845903481143168,8.357170659436173],[124.845812703002608,8.357171082908602],[124.845816530011902,8.357984743268071],[124.845907308340415,8.357984319753843],[124.845909434727801,8.358436353248486],[124.846000213156003,8.358435929690236],[124.846000638468652,8.358526336383219],[124.845909860019574,8.358526759946114],[124.845912837195343,8.35915960681737],[124.845822058595303,8.359160030391974],[124.84582588654763,8.359973690665592],[124.845916665335679,8.359973267049192],[124.845918792247048,8.360425300496134],[124.846009571134786,8.360424876835708],[124.846015952896764,8.361780977041823],[124.845652836063664,8.361782671837346],[124.845658366704413,8.362957958845195],[124.845930705151346,8.362956687598654],[124.845934535092269,8.363770347666525],[124.846206874060584,8.363769076107262],[124.846209427945098,8.364311516049382],[124.845937088600593,8.364312787692249],[124.845942196131688,8.36539766769684],[124.846486876282839,8.365395123889318],[124.846489431058188,8.365937563700957],[124.846217090627761,8.365938835782019],[124.846221348340691,8.366842902239398],[124.846493689398329,8.366841630018973],[124.846494966993276,8.36711284990591],[124.846222625747487,8.367114122168147],[124.846223903197171,8.367385342092989],[124.846496244631126,8.367384069788944],[124.846497522311864,8.367655289668077],[124.84676986389114,8.367654017134805],[124.846778810174584,8.3695525558866],[124.84732349583939,8.369550009672256],[124.847327757968017,8.370454075398412],[124.847055414529606,8.370455348738744],[124.847056693072901,8.37072656848995],[124.84651200569084,8.370729114691807],[124.846514562153089,8.37127155434978],[124.846242218021189,8.371272827253099],[124.846244774278432,8.371815266979057],[124.846063211248975,8.371816115532843],[124.846063637266695,8.371906522161604],[124.845972855723886,8.371906946411892],[124.845973281725449,8.371997353044865],[124.845882500156947,8.371997777278958],[124.845887612296124,8.373082656896502],[124.845978394115676,8.373082232606672],[124.845980098398201,8.37344385911338],[124.845889316494961,8.373444283421787],[124.845891020769997,8.373805909940119],[124.845800238778281,8.373806334246265],[124.845801090902555,8.373987147512116],[124.845710308864199,8.37398757180671],[124.845711160965664,8.374168385080109],[124.845620378880724,8.374168809363148],[124.845620804917687,8.374259216003841],[124.845530022807026,8.374259640270685],[124.845530448827816,8.374350046915584],[124.84543966669149,8.374350471166233],[124.845440092696094,8.374440877815344],[124.84534931053409,8.374441302049792],[124.845350162515757,8.374622115355997],[124.845259380307141,8.374622539578885],[124.845260232265986,8.37480335289264],[124.845169450010758,8.374803777103974],[124.845170301946808,8.374984590425276],[124.845261084243916,8.374984166204657],[124.845261936240888,8.375164979514931],[124.8453527185751,8.375164555264179],[124.84535357063298,8.375345368563439],[124.845444353004268,8.375344944282556],[124.845449466002748,8.37642982398587],[124.845540248620466,8.376429399628426],[124.845541527040041,8.376700619530549],[124.845632309715796,8.376700195138328],[124.845633588241043,8.376971415022609],[124.845724370974835,8.376970990595609],[124.845725649605768,8.377242210462047],[124.845816432397598,8.377241786000265],[124.845818137389273,8.377603412464195],[124.845908920260086,8.377602987962987],[124.845909772826374,8.377783801183051],[124.845818989913681,8.377784225693548],[124.845819842457161,8.377965038921166],[124.845729059497856,8.377965463420098],[124.845729485755783,8.378055870037901],[124.845638702770785,8.378056294520626],[124.845639555259098,8.378237107764214],[124.845548772227431,8.378237532235374],[124.845550477177454,8.378599158735909],[124.845641260292865,8.37859873424617],[124.84564296540286,8.378960360721173],[124.845552182203718,8.378960785229486],[124.845553887306153,8.379322411716112],[124.845644670589081,8.379321987189222],[124.845645096897528,8.379412393805151],[124.845735880196628,8.379411969252764],[124.845736306530796,8.379502375863609],[124.845827089846068,8.379501951285725],[124.845828795314119,8.379863577706193],[124.845919578708404,8.379863153088877],[124.845921710755377,8.380315186081457],[124.846012494249592,8.380314761420063],[124.846015479462068,8.380947607558907],[124.845924695821253,8.380948032252816],[124.845925122278302,8.381038438846984],[124.84583433861178,8.381038863524678],[124.845834765052643,8.381129270123056],[124.845743981360414,8.381129694784532]],[[124.841914044086266,8.377531239477717],[124.842004827140784,8.37753081587767],[124.842003125685238,8.37716918863258],[124.84191234271448,8.37716961221409],[124.841914044086266,8.377531239477717]],[[124.841904687482668,8.375542289441746],[124.842086252665879,8.37554144242473],[124.842085827378526,8.375451035609188],[124.841995044810218,8.375451459123484],[124.841994619548558,8.375361052302873],[124.842085402095918,8.37536062879321],[124.842084976818072,8.375270221976802],[124.842175759339767,8.375269798450928],[124.842174483471965,8.374998578012992],[124.842265265926102,8.374998154480185],[124.842263564751875,8.37463652724206],[124.842172782381454,8.374636950756331],[124.842171081366985,8.374275323492718],[124.842080299075519,8.374275746967605],[124.842079873854729,8.374185340145981],[124.841898309299395,8.374186187023962],[124.841898734478335,8.374276593854853],[124.841807952172587,8.37427701726722],[124.841808802502896,8.37445783093697],[124.841899584850466,8.374457407515337],[124.841900010043688,8.374547814344925],[124.841809227675171,8.374548237771194],[124.841810078034001,8.374729051438338],[124.841719295618873,8.37472947485303],[124.841722697076804,8.37545272954131],[124.841904262237179,8.375451882616936],[124.841904687482668,8.375542289441746]],[[124.842508274335927,8.368758813884927],[124.843143741177087,8.368755850373487],[124.84314331599532,8.368665443581014],[124.843778782457008,8.368662479081513],[124.843778357133615,8.368572072321072],[124.8440506997688,8.368570801522804],[124.844049423638992,8.368299581280633],[124.843958642828085,8.368300004886965],[124.843956941471916,8.367938377872767],[124.844047722199178,8.367937954284995],[124.844045595506486,8.367485920530683],[124.843954814883787,8.367486344095258],[124.843954389580418,8.367395937338452],[124.843863608973862,8.367396360877565],[124.8438631836962,8.36730595411569],[124.84368162251063,8.367306801122163],[124.843681197279523,8.367216394350573],[124.843590416700494,8.367216817817937],[124.843589991495065,8.367126411041276],[124.843317649792183,8.367127681304513],[124.843317224654243,8.367037274513502],[124.843226444098036,8.367037697888298],[124.843226018985732,8.366947291092215],[124.843135238445655,8.366947714441549],[124.843134813359015,8.366857307640396],[124.843044032835095,8.366857730964274],[124.843043607774149,8.366767324158049],[124.842862046753837,8.366768170734058],[124.842861621739445,8.366677763918123],[124.842589280236055,8.366679033612062],[124.842588855289137,8.366588626781789],[124.842498074799423,8.366589049966823],[124.842497649878155,8.366498643131479],[124.842406869404584,8.366499066291054],[124.842406444508995,8.36640865945064],[124.842315664051569,8.366409082584759],[124.842314814316452,8.366228268893355],[124.842133253470976,8.366229115080589],[124.842132828652353,8.366138708224966],[124.841951267829671,8.366139554319652],[124.841952542174326,8.366410774913025],[124.842224883589395,8.366409505698059],[124.842225308443162,8.366499912547743],[124.841952966965366,8.366501181776615],[124.841953391761166,8.366591588639769],[124.842225733301703,8.366590319396993],[124.842226158164976,8.366680726245811],[124.841953816561755,8.366681995502493],[124.841954666177145,8.366862809226637],[124.841863885591394,8.366863232279819],[124.84186346080223,8.366772825413332],[124.841772680232637,8.36677324844106],[124.84177395455167,8.367044469053122],[124.841864735183975,8.367044046011493],[124.841865584795585,8.367224859741436],[124.841956365464938,8.36722443666971],[124.841956790298781,8.367314843529396],[124.842138351665085,8.367313997314216],[124.842138776545482,8.367404404164192],[124.842320337934581,8.367403557856445],[124.842320762861547,8.367493964696724],[124.842593104972266,8.367492695065019],[124.842594379969924,8.367763915541525],[124.842503599208385,8.367764338786824],[124.842504874186119,8.368035559273332],[124.842414093357092,8.368035982511715],[124.842414943324172,8.36821679617649],[124.842324162448563,8.368217219403316],[124.842325862356191,8.3685788467462],[124.842416643315431,8.368578423500828],[124.842417068325148,8.368668830330829],[124.842507849300546,8.368668407059996],[124.842508274335927,8.368758813884927]],[[124.837329511743505,8.367878836438811],[124.837601854888618,8.367877570187606],[124.837601007176048,8.367696756028629],[124.837328664156402,8.3676980222521],[124.837329511743505,8.367878836438811]],[[124.838055336072429,8.36778505229627],[124.8381461170667,8.36778463007138],[124.838145693087299,8.367694223019424],[124.838327255019792,8.367693378516424],[124.838326831003329,8.36760297147328],[124.838417611941537,8.367602549195169],[124.838415915839562,8.367240921036759],[124.838143573261604,8.367242187753114],[124.83814442117766,8.367423001860939],[124.838053640267034,8.367423424067328],[124.838055336072429,8.36778505229627]],[[124.844040491929434,8.366401039476068],[124.844131272296494,8.366400615946347],[124.844130847008415,8.366310209193612],[124.844040066662274,8.366310632718696],[124.844040491929434,8.366401039476068]],[[124.841405311321964,8.365870871423322],[124.841496091701487,8.365870448525211],[124.841495667048221,8.365780041635418],[124.841404886689588,8.365780464528891],[124.841405311321964,8.365870871423322]],[[124.841495667048221,8.365780041635418],[124.841858788435175,8.36577834985332],[124.841858363703025,8.365687942981623],[124.842130704630634,8.365686673940349],[124.842130279840532,8.365596267082125],[124.842221060119329,8.365595844031363],[124.842219360922925,8.365234216612661],[124.841947020323147,8.365235485646874],[124.841946595598642,8.365145078777211],[124.841674255018802,8.365146347610157],[124.84167552901846,8.365417568259554],[124.841403188207721,8.365418836946835],[124.841404037439148,8.36559965073873],[124.841494817755944,8.365599227854522],[124.841495667048221,8.365780041635418]],[[124.84403708992545,8.365677785404941],[124.844127870125234,8.365677361912336],[124.844127444875255,8.365586955156132],[124.844036664696361,8.365587378644097],[124.84403708992545,8.365677785404941]],[[124.841131696460224,8.365600919266443],[124.841222476791273,8.365600496444692],[124.841222052214974,8.365510089539697],[124.841131271904842,8.365510512356813],[124.841131696460224,8.365600919266443]],[[124.844455279446393,8.358081500259608],[124.84454605786722,8.358081077052734],[124.844545207962625,8.357900263513432],[124.84445442958355,8.357900686711027],[124.844453579739778,8.357719873160709],[124.84481669306038,8.357718180282674],[124.844814568116533,8.357266146492117],[124.844723789897927,8.357266569719616],[124.844723364944315,8.357176162955565],[124.844541808534615,8.357177009338887],[124.844540533827669,8.356905789016281],[124.844449755678326,8.356906212162826],[124.844451455213587,8.357267839277329],[124.844360676975953,8.357268262421636],[124.844361951614744,8.357539482766887],[124.844271173309679,8.35753990590432],[124.84427202305092,8.35772071947493],[124.844181244699342,8.357721142600838],[124.844181669556207,8.357811549390137],[124.844272447928645,8.357811126259586],[124.844273297698408,8.357991939827597],[124.844454854512605,8.357991093485532],[124.844455279446393,8.358081500259608]],[[124.843545371399216,8.357633697077643],[124.843636149763213,8.357633274101964],[124.843635300323896,8.357452460465534],[124.84354452200165,8.357452883431936],[124.843545371399216,8.357633697077643]],[[124.844090041511791,8.357631158911584],[124.844180819847239,8.357630735811112],[124.844180394999896,8.357540329020948],[124.844271173309679,8.35753990590432],[124.844270323587509,8.357359092331972],[124.844179545319491,8.357359515439324],[124.844179970157299,8.357449922230352],[124.844089191863631,8.357450345321547],[124.844090041511791,8.357631158911584]],[[124.843635300323896,8.357452460465534],[124.843726078641353,8.357452037478334],[124.843725653907939,8.357361630664107],[124.843816432199773,8.357361207660746],[124.843816007450229,8.357270800850726],[124.843997563977837,8.35726995479089],[124.843997139191302,8.357179547989711],[124.844087917427075,8.357179124933234],[124.844087067826493,8.356998311338863],[124.844177846015768,8.356997888270868],[124.844176571587937,8.356726667889978],[124.844085793461332,8.356727090944052],[124.844086218244954,8.356817497742755],[124.843813883773919,8.356818766794117],[124.843814308499674,8.356909173606306],[124.843541973923152,8.356910442484413],[124.843542398591012,8.357000849310085],[124.843451620368441,8.357001272232495],[124.843452045020172,8.357091679062373],[124.843542823263633,8.357091256135323],[124.843543247940985,8.357181662960123],[124.84363402620059,8.357181240007636],[124.843633601502319,8.357090833187474],[124.843724379736258,8.357090410218827],[124.843725229179284,8.357271223849448],[124.843634450903593,8.357271646827371],[124.843635300323896,8.357452460465534]],[[124.843360417515029,8.356911288299166],[124.843451195721471,8.356910865402188],[124.843450771079247,8.356820458571443],[124.843359992893696,8.356820881463781],[124.843360417515029,8.356911288299166]],[[124.843440156569756,8.354560287662025],[124.843621711882648,8.354559442046869],[124.843621287322364,8.354469035214134],[124.843712064950807,8.354468612380005],[124.843712489531981,8.354559019208104],[124.84380326717654,8.354558596348548],[124.843802842574476,8.354468189525091],[124.844438285807001,8.354465228958521],[124.844437861063582,8.354374822167109],[124.844256305919856,8.354375668137946],[124.844255881222935,8.354285261336821],[124.843983548534254,8.354286530123227],[124.843983123904707,8.35419612330775],[124.843529236099471,8.354198237512753],[124.843529660624625,8.354288644351426],[124.843438883028412,8.354289067134694],[124.843440156569756,8.354560287662025]],[[124.840421187583729,8.349601842940096],[124.840602740914619,8.349600999206542],[124.840602317304459,8.349510592197042],[124.841056200444328,8.349508482522683],[124.841055776734578,8.349418075535903],[124.841146553327462,8.349417653543329],[124.841146129601597,8.349327246560751],[124.841236906168859,8.349326824552032],[124.841236482426893,8.34923641757365],[124.841327258968519,8.349235995548783],[124.841325140225635,8.348783960673552],[124.841234363788317,8.348784382675259],[124.841233940074858,8.34869397569428],[124.841143163653641,8.348694397670574],[124.841142739965804,8.348603990684532],[124.841051963560702,8.348604412635419],[124.841051539898473,8.348514005644311],[124.840869987115724,8.348514849474492],[124.840869563499965,8.348424442473689],[124.841051116240976,8.348423598652772],[124.841050692588254,8.348333191660796],[124.841141468930758,8.348332769723802],[124.841141045261921,8.34824236273603],[124.84123182157883,8.348241940782898],[124.841231397893878,8.348151533799323],[124.841322174185166,8.348151111830045],[124.841320903096232,8.347879890890619],[124.841230126867515,8.347880312845996],[124.841229279540372,8.347699498874952],[124.841138503348617,8.347699920800293],[124.841138079713005,8.347609513809488],[124.841047303537366,8.347609935709421],[124.841046879927376,8.34751952871355],[124.840956103767851,8.347519950588079],[124.840955680183484,8.347429543587147],[124.840683351738917,8.347430809072197],[124.840683775260715,8.347521216087021],[124.840502222898891,8.347522059649117],[124.840503916866723,8.347883687741149],[124.840413140595246,8.347884109509561],[124.840413564078219,8.347974516536114],[124.840504340370543,8.347974094763076],[124.840506457960927,8.348426129866214],[124.840415681564295,8.348426551662403],[124.840418646244274,8.349059400821023],[124.840327869696864,8.349059822628849],[124.840329563820717,8.349421450728485],[124.840420340451558,8.349421028902135],[124.840421187583729,8.349601842940096]],[[124.841510083465423,8.349506372328857],[124.841600860055408,8.349505950227758],[124.841600436220489,8.349415543268774],[124.841509659651379,8.349415965365244],[124.841510083465423,8.349506372328857]],[[124.841600436220489,8.349415543268774],[124.841691212784824,8.349415121151528],[124.841690788933803,8.349324714196747],[124.841600012390302,8.349325136309361],[124.841600436220489,8.349415543268774]],[[124.844226588628473,8.34804719101289],[124.844317364742011,8.348046768362675],[124.844316940357345,8.347956361535868],[124.844407716445275,8.347955938869516],[124.844406867648487,8.347775125223883],[124.84458841972662,8.347774279847423],[124.844587995293665,8.347683873033237],[124.844406443257256,8.347684718400416],[124.844405170112054,8.34741349792742],[124.844314394149279,8.347413920565927],[124.844315242866273,8.347594734224305],[124.844133690843023,8.347595579457561],[124.844134539495613,8.347776393132769],[124.844043763435138,8.347776815727519],[124.844044187747713,8.347867222569111],[124.844134963829035,8.347866799969724],[124.844135388167217,8.347957206806244],[124.844226164264668,8.347956784181443],[124.844226588628473,8.34804719101289]],[[124.844587995293665,8.347683873033237],[124.844678771304729,8.347683450318485],[124.844678346855659,8.347593043508503],[124.844587570865457,8.347593466218617],[124.844587995293665,8.347683873033237]],[[124.840408906026724,8.346980039220186],[124.840772010249808,8.346978352207135],[124.840771586735642,8.346887945194339],[124.840862362758671,8.346887523393777],[124.840861092182109,8.346616302366689],[124.841042644088802,8.346615458731039],[124.841041373429888,8.346344237727845],[124.841132149313523,8.346343815892757],[124.841130455084695,8.345982187900969],[124.841039679284449,8.345982609717526],[124.841039255759966,8.345892202713863],[124.840948479975836,8.345892624505021],[124.840948056476961,8.345802217496294],[124.840494177589306,8.345804326117378],[124.840494600983916,8.345894733149258],[124.840313049353895,8.345895576461569],[124.840313472711557,8.345985983502278],[124.840222696868565,8.345986405131907],[124.840223120210126,8.346076812176815],[124.840132344341541,8.346077233790306],[124.840132767666958,8.346167640839408],[124.840041991772779,8.346168062436758],[124.84004241508211,8.346258469490056],[124.839951639162308,8.346258891071265],[124.839952062455538,8.346349298128761],[124.839861286510143,8.34634971969383],[124.83986255635574,8.346620940877612],[124.839953332363706,8.346620519298657],[124.839953755675907,8.346710926354421],[124.840044531699988,8.346710504750067],[124.840044955037797,8.34680091180077],[124.840135731077964,8.346800490171017],[124.840136154441367,8.346890897216657],[124.840408482595976,8.346889632188867],[124.840408906026724,8.346980039220186]],[[124.845028717007665,8.344879148516654],[124.845119492348417,8.344878725841937],[124.845119067942662,8.344788319041745],[124.845028292622743,8.34478874171182],[124.845028717007665,8.344879148516654]],[[124.844709744028947,8.334935663758856],[124.844891290149917,8.334934819534348],[124.844890442473698,8.334754005819791],[124.844708896436018,8.334754850025734],[124.844708472646701,8.334664443158523],[124.844526926631659,8.334665287272218],[124.844526502888726,8.334574880395293],[124.844435729894883,8.334575302416388],[124.844436577343828,8.334756116179086],[124.844527350379323,8.33475569414871],[124.844527774131748,8.334846101024768],[124.844709320230123,8.334845256892509],[124.844709744028947,8.334935663758856]],[[124.84606794671565,8.334206075666998],[124.846158719540497,8.334205653291148],[124.846158295446557,8.33411524649563],[124.846067522642528,8.334115668866835],[124.84606794671565,8.334206075666998]],[[124.845340068347824,8.333847826575337],[124.845430841127467,8.333847404383974],[124.845430417219148,8.333756997549576],[124.84533964446031,8.333757419736294],[124.845340068347824,8.333847826575337]],[[124.833979112452838,8.330826584734735],[124.834069885117913,8.330826165292661],[124.834069463973293,8.330735757865005],[124.833978691329037,8.330736177302466],[124.833979112452838,8.330826584734735]],[[124.843687527441375,8.329877517471537],[124.843778299390721,8.329877095857572],[124.843777876066497,8.329786688920624],[124.843959419909297,8.329785845639785],[124.843957303151413,8.329333810994955],[124.84386653133646,8.329334232622545],[124.843866108019952,8.329243825687644],[124.843775336221057,8.329244247289868],[124.843774066362542,8.328973026468654],[124.843592522875298,8.328973869583089],[124.843592946115095,8.329064276533199],[124.843502174343527,8.329064698063965],[124.843503444029025,8.329335918925626],[124.843412672190283,8.329336340449576],[124.843413518629447,8.329517154364469],[124.843595062385418,8.329516311277285],[124.843595485653736,8.329606718224804],[124.8436862575454,8.329606296645485],[124.843687527441375,8.329877517471537]],[[124.834065252787397,8.329831683564722],[124.834156025218789,8.329831264152672],[124.834155604105405,8.329740856724882],[124.834064831694832,8.329741276132317],[124.834065252787397,8.329831683564722]],[[124.83287763667623,8.328209799106276],[124.8329684087945,8.328209380046712],[124.832967567283831,8.32802856505522],[124.832876795207156,8.328028984105561],[124.83287763667623,8.328209799106276]],[[124.843950953591275,8.327977706995656],[124.844223268071246,8.327976442197293],[124.844222844742859,8.327886035274469],[124.843950530325316,8.327887300058913],[124.843950953591275,8.327977706995656]],[[124.833245323712845,8.309674161777592],[124.83333609154667,8.309673743559909],[124.833335671654382,8.309583335999024],[124.833244903841305,8.309583754212094],[124.833245323712845,8.309674161777592]],[[124.833510488968713,8.308135978625678],[124.833601256435458,8.308135560424377],[124.833600836561303,8.308045152870003],[124.83351006911532,8.308045571066689],[124.833510488968713,8.308135978625678]],[[124.833146999284011,8.308047243646698],[124.833237766748937,8.308046825532704],[124.833236927180835,8.307866010385773],[124.833327694599532,8.307865592260333],[124.833326855008806,8.307684777120897],[124.833054552863132,8.307686031407524],[124.8330553923293,8.30786684657463],[124.833146159757419,8.307866428490538],[124.833146999284011,8.308047243646698]],[[124.833051614880532,8.307053178309086],[124.833142382121864,8.307052760266497],[124.833141962408206,8.3069623526839],[124.833051195187636,8.306962770721874],[124.833051614880532,8.307053178309086]]]}},
{"type":"Feature","properties":{"fid":236,"landuse":7},"geometry":{"type":"Polygon","coordinates":[[[124.847327276440538,8.292973803404905],[124.847326854207097,8.292883396482384],[124.847236090945529,8.292883817045443],[124.847235668737554,8.292793410117847],[124.84714490549193,8.29279383065562],[124.847144483309449,8.29270342372295],[124.847053720079771,8.29270384423544],[124.847053297922784,8.292613437297691],[124.84696253470905,8.292613857784902],[124.846961690450783,8.29243304389882],[124.846870927273699,8.292433464356103],[124.846870083075913,8.292252650459011],[124.846779319935507,8.292253070886368],[124.846778475798203,8.292072256978258],[124.846687712694489,8.292072677375693],[124.846686868617653,8.291891863456573],[124.846596105550589,8.29189228382408],[124.846594839533196,8.291621062928236],[124.846504076523516,8.291621483261178],[124.846503232577149,8.291440669319174],[124.846412469604147,8.291441089622193],[124.846411625718233,8.291260275669179],[124.846320862781894,8.291260695942272],[124.846319597050893,8.290989474995593],[124.846228834171924,8.290989895234123],[124.846227990416494,8.290809081258233],[124.846137227574175,8.290809501466843],[124.846136383879212,8.290628687479941],[124.846045621073557,8.290629107658633],[124.846045199253922,8.290538700659893],[124.845954436464211,8.290539120813314],[124.845954014670042,8.2904487138095],[124.84586325189629,8.290449133937646],[124.845862830127615,8.290358726928755],[124.845772067369793,8.290359147031628],[124.845771223888107,8.290178333003279],[124.84568046116695,8.290178753076235],[124.84567877434354,8.289817124995796],[124.845588011700471,8.289817545029553],[124.845586746695034,8.289546323950777],[124.845495984109306,8.289546743949982],[124.845495562471058,8.289456336918223],[124.845404799901303,8.289456756892156],[124.845403956680485,8.289275942818055],[124.845222431609528,8.289276782685475],[124.845222010047664,8.289186375638499],[124.845131247525728,8.289186795536622],[124.845130404457706,8.289005981432094],[124.845039641972434,8.289006401300314],[124.845039220466276,8.28891599424276],[124.844948457996963,8.288916414085714],[124.844946772102659,8.288554785832645],[124.845037534489151,8.288554366008256],[124.845036691529131,8.288373551888427],[124.845127453869466,8.288373132052696],[124.845126189403004,8.28810191088365],[124.845216951676449,8.288101491041221],[124.845216530176444,8.288011083988653],[124.845307292424437,8.288010664130244],[124.845306870908473,8.287920257081884],[124.845397633131,8.287919837207497],[124.845397211599106,8.287829430163352],[124.845487973796168,8.287829010272981],[124.845488816906126,8.288009824351555],[124.845579579139823,8.288009404431277],[124.845580843902582,8.288280625531982],[124.845671606193619,8.288280205577152],[124.845672027811432,8.28837061260522],[124.845944314718167,8.288369352603054],[124.845944736402842,8.28845975961676],[124.846761597052335,8.288455978454754],[124.846766659876053,8.28954086208407],[124.847038947418937,8.289539601158239],[124.847043167583792,8.290443670662643],[124.847678506466764,8.290440727455124],[124.847677239932395,8.29016950670591],[124.847949527767256,8.290168245063656],[124.847948261089371,8.289897024352404],[124.848583598768997,8.28989407989611],[124.848584865881776,8.290165300509724],[124.848494103308283,8.29016572122217],[124.848495792775878,8.290527348719563],[124.848405030114762,8.290527769429984],[124.848406297203368,8.290798990062461],[124.848315534475375,8.2907994107662],[124.848316379183515,8.290980224528333],[124.848225616409337,8.290980645220738],[124.848226883445165,8.291251865874662],[124.848136120604096,8.291252286560386],[124.84813696527705,8.291433100336816],[124.848227728159557,8.291432679641792],[124.848228995266865,8.29170390028926],[124.848319758206742,8.291703479559656],[124.848321025419111,8.291974700189305],[124.848411788416371,8.291974279425121],[124.848412633289854,8.292155093166768],[124.848321870251183,8.292155513940251],[124.848322715102327,8.292336327689478],[124.848231952017443,8.292336748451627],[124.848232796846219,8.292517562208431],[124.848142033715135,8.292517982959245],[124.848143300931895,8.292789203605169],[124.848052537733892,8.292789624349298],[124.8480529601283,8.292880031235059],[124.847871433676588,8.292880872670706],[124.847871011323619,8.292790465775644],[124.847689484894275,8.292791307119449],[124.847689907205805,8.292881714023807],[124.847599143963293,8.292882134669405],[124.847599566258879,8.292972541577978],[124.847327276440538,8.292973803404905]]]}},
{"type":"Feature","properties":{"fid":237,"landuse":2},"geometry":{"type":"Polygon","coordinates":[[[124.836776459501223,8.288230855641586],[124.836776039921958,8.288140448158751],[124.836685277207039,8.288140866083163],[124.836684438104143,8.287960051106964],[124.836502912742887,8.287960886875439],[124.836502493239962,8.287870479377453],[124.836411730572948,8.287870897226139],[124.836410891622705,8.287690082219635],[124.836501654248337,8.287689664380189],[124.836502073741784,8.287780071879038],[124.836683599020233,8.28777923612904],[124.836684018559822,8.287869643618217],[124.83677478121264,8.287869225707663],[124.836775200777666,8.287959633191786],[124.836865963446471,8.287959215255992],[124.836866383036948,8.288049622735068],[124.836957145721698,8.288049204774024],[124.836957565337613,8.288139612248049],[124.836866802632159,8.288140030213713],[124.836867222232101,8.288230437691929],[124.836776459501223,8.288230855641586]]]}},
{"type":"Feature","properties":{"fid":238,"landuse":5},"geometry":{"type":"Polygon","coordinates":[[[124.845944736402842,8.28845975961676],[124.845944314718167,8.288369352603054],[124.845853552420678,8.288369772624401],[124.845853130761469,8.28827936560562],[124.845943893038267,8.288278945588916],[124.845943049692693,8.288098131559355],[124.846033811923306,8.288097711531316],[124.846033390236968,8.288007304520532],[124.846124152442115,8.288006884476513],[124.846123730739848,8.28791647746994],[124.846214492919529,8.287916057409946],[124.846214071201302,8.287825650407591],[124.846304833355518,8.287825230331615],[124.846304411621347,8.287734823333475],[124.846395173750111,8.287734403241519],[124.84639433025464,8.287553589253234],[124.846575854415065,8.287552749026036],[124.846577541590648,8.287914376963723],[124.846486779430009,8.287914797106213],[124.846489310212021,8.288457239027707],[124.845944736402842,8.28845975961676]]]}},
{"type":"Feature","properties":{"fid":239,"landuse":2},"geometry":{"type":"Polygon","coordinates":[[[124.836320128992355,8.287690500038453],[124.836319709545052,8.28760009252994],[124.836410472154682,8.287599674715739],[124.836410891622705,8.287690082219635],[124.836320128992355,8.287690500038453]]]}},
{"type":"Feature","properties":{"fid":240,"landuse":10},"geometry":{"type":"Polygon","coordinates":[[[124.83622894693066,8.28760051032352],[124.83622852750878,8.287510102809955],[124.836319290102452,8.287509685020998],[124.836319709545052,8.28760009252994],[124.83622894693066,8.28760051032352]]]}},
{"type":"Feature","properties":{"fid":241,"landuse":2},"geometry":{"type":"Polygon","coordinates":[[[124.836137345513919,8.287420113059682],[124.836136926122236,8.287329705540637],[124.83622768867923,8.287329287781537],[124.836228108091646,8.287419695295963],[124.836137345513919,8.287420113059682]]]}},
{"type":"Feature","properties":{"fid":242,"landuse":2},"geometry":{"type":"Polygon","coordinates":[[[124.836046163560496,8.287330123279116],[124.836045744194237,8.287239715755025],[124.836136506735272,8.287239298021163],[124.836136926122236,8.287329705540637],[124.836046163560496,8.287330123279116]]]}},
{"type":"Feature","properties":{"fid":243,"landuse":2},"geometry":{"type":"Polygon","coordinates":[[[124.836227269271575,8.287238880266687],[124.836226849868652,8.287148472751403],[124.836317612379503,8.28714805498092],[124.836318031803145,8.287238462491583],[124.836227269271575,8.287238880266687]]]}},
{"type":"Feature","properties":{"fid":244,"landuse":2},"geometry":{"type":"Polygon","coordinates":[[[124.836317612379503,8.28714805498092],[124.836317192960621,8.287057647469826],[124.836407955446049,8.287057229683343],[124.836408374885664,8.287147637189817],[124.836317612379503,8.28714805498092]]]}},
{"type":"Feature","properties":{"fid":245,"landuse":7},"geometry":{"type":"Polygon","coordinates":[[[124.846577541590648,8.287914376963723],[124.846575854415065,8.287552749026036],[124.846485092337247,8.287553169149948],[124.846484248819408,8.287372355169236],[124.84657501085583,8.287371935054619],[124.846569949900427,8.28628705118996],[124.846842235235911,8.286285790889609],[124.846844766000501,8.286828232746059],[124.84711705166572,8.286826972176506],[124.847118317298595,8.28709819305711],[124.846846031447072,8.287099453668475],[124.846849828044,8.287913116412513],[124.846577541590648,8.287914376963723]]]}},
{"type":"Feature","properties":{"fid":246,"landuse":7},"geometry":{"type":"Polygon","coordinates":[[[124.839138809769594,8.288762426414287],[124.839138389623571,8.288672019054241],[124.838956864186954,8.288672856010413],[124.838956444087103,8.288582448640684],[124.838865681382373,8.288582867083202],[124.838865261307944,8.288492459708417],[124.838502210524481,8.288494133253746],[124.83850179053762,8.28840372586003],[124.83804797705514,8.288405817304511],[124.838047557176552,8.28831540988724],[124.837321455523764,8.288318755088945],[124.837321035815549,8.288228347634266],[124.837048747679702,8.288229601730736],[124.837048328038335,8.288139194261763],[124.836957565337613,8.288139612248049],[124.836957145721698,8.288049204774024],[124.836866383036948,8.288049622735068],[124.836865963446471,8.287959215255992],[124.836775200777666,8.287959633191786],[124.83677478121264,8.287869225707663],[124.836684018559822,8.287869643618217],[124.836683599020233,8.28777923612904],[124.836502073741784,8.287780071879038],[124.836501654248337,8.287689664380189],[124.836410891622705,8.287690082219635],[124.836410472154682,8.287599674715739],[124.836319709545052,8.28760009252994],[124.836319290102452,8.287509685020998],[124.83622852750878,8.287510102809955],[124.836227269271575,8.287238880266687],[124.836318031803145,8.287238462491583],[124.836317612379503,8.28714805498092],[124.836408374885664,8.287147637189817],[124.836407955446049,8.287057229683343],[124.836498717926759,8.287056811876237],[124.836498298471184,8.286966404373951],[124.836589060926443,8.286965986550845],[124.836588641454924,8.286875579052751],[124.836770166309833,8.286874743353913],[124.836769746801636,8.286784335864631],[124.836860509201273,8.286783917988901],[124.836860089677131,8.28669351050381],[124.837132376785561,8.286692256766761],[124.837131957204036,8.286601849295103],[124.837404244207733,8.286600595386338],[124.837404663851359,8.28669100284413],[124.838040000172398,8.286688076302948],[124.838040419965665,8.286778483727948],[124.838221944627577,8.286777647378493],[124.838222364466972,8.286868054793819],[124.838313126811528,8.286867636583539],[124.838313546676375,8.28695804399381],[124.838404309036889,8.28695762575828],[124.838404728927202,8.287048033163501],[124.838495491303661,8.287047614902727],[124.838495911219397,8.287138022302889],[124.8386774359995,8.287137185710227],[124.838677855961393,8.287227593100708],[124.838950143158101,8.28722633804318],[124.838949723134107,8.287135930666574],[124.839040485502835,8.287135512277448],[124.839040065462882,8.287045104905042],[124.839130827806144,8.28704468649992],[124.839130407750233,8.286954279131708],[124.839221170068043,8.286953860710589],[124.839220329929049,8.286773045982127],[124.839311092200731,8.286772627549645],[124.839310672117634,8.286682220189395],[124.839401434363864,8.286681801740919],[124.839401014264837,8.286591394384866],[124.83949177648563,8.286590975920396],[124.83949135637063,8.286500568568542],[124.839582118565986,8.286500150088079],[124.839581698435012,8.286409742740425],[124.839672460604916,8.286409324243968],[124.839672040457998,8.286318916900509],[124.839853564742185,8.286318079854997],[124.839854825321368,8.286589301856315],[124.83976406311956,8.286589720403267],[124.839764903488003,8.286770535077919],[124.839674141240039,8.286770953613503],[124.83967960382833,8.287946249016999],[124.839770366345419,8.287945830421247],[124.839772467657937,8.288397867072417],[124.839681705037307,8.288398285691308],[124.839682545554112,8.288579100358019],[124.839591782887339,8.288579518965543],[124.839592623381677,8.288760333639791],[124.839138809769594,8.288762426414287]]]}},
{"type":"Feature","properties":{"fid":247,"landuse":2},"geometry":{"type":"Polygon","coordinates":[[[124.839977538007773,8.293459839013064],[124.839977117428674,8.293369431717027],[124.839795589923398,8.293370269525798],[124.839793487306238,8.292918232992886],[124.839702723650049,8.292918651843179],[124.839701882677829,8.292737837217745],[124.839883409902555,8.292736999515041],[124.839882989382133,8.292646592210938],[124.840064516546448,8.292645754434947],[124.840064095989334,8.29255534713967],[124.839973332430262,8.292555766033352],[124.839972911898599,8.292465358733017],[124.839791384807654,8.292466196449222],[124.839790964322177,8.292375789139196],[124.839609437253671,8.292376626763605],[124.839609857697738,8.292467034082886],[124.839337566997273,8.292468290378624],[124.839337146615378,8.292377883045459],[124.839246383059788,8.29237830176481],[124.83924596270333,8.292287894426593],[124.838973672070239,8.292289150446951],[124.8389732517807,8.292198743094424],[124.838882488247563,8.29219916172198],[124.838876604981706,8.290933458676667],[124.838967368224857,8.290933040113872],[124.838966527792749,8.290752225395485],[124.839057290989743,8.29075180682131],[124.839056870760075,8.290661399466099],[124.839147633931603,8.290660980875924],[124.839147213686005,8.290570573524905],[124.839237976832067,8.290570154918726],[124.839237556570481,8.290479747571904],[124.839328319691091,8.290479328949722],[124.839327899413547,8.290388921607097],[124.839418662508706,8.290388502968911],[124.839416140818756,8.289846058931909],[124.839506903784923,8.289845640300857],[124.83950648349915,8.289755232964479],[124.839597246439865,8.289754814317424],[124.83959682613812,8.289664406985244],[124.839687589053383,8.289663988322188],[124.839686748422736,8.289483173665793],[124.839777511291828,8.28948275499137],[124.839776670638727,8.28930194034251],[124.839867433461663,8.289301521656714],[124.839863650571246,8.28848785575722],[124.839682125293336,8.288488693024881],[124.839681705037307,8.288398285691308],[124.839772467657937,8.288397867072417],[124.839770366345419,8.287945830421247],[124.83967960382833,8.287946249016999],[124.839674141240039,8.286770953613503],[124.839764903488003,8.286770535077919],[124.83976406311956,8.286589720403267],[124.839854825321368,8.286589301856315],[124.839853984930514,8.286408487189201],[124.839944747086193,8.286408068630889],[124.839944326877159,8.286317661301313],[124.840035089007401,8.286317242727009],[124.840033828346719,8.286046020749593],[124.840124590410113,8.28604560216856],[124.840125430887198,8.286226416811338],[124.84021619298727,8.286225998200425],[124.840215352468746,8.286045183566904],[124.84048763861621,8.286043927638225],[124.840487218301988,8.285953520334706],[124.840759504344618,8.285952264234348],[124.840762447078617,8.286585115252718],[124.84067168492426,8.286585534005868],[124.840672946105059,8.286856755878325],[124.840582183883825,8.286857174624746],[124.840583024653384,8.287037989213497],[124.840492262385993,8.287038407948558],[124.840495625488359,8.287761666323401],[124.840404863050622,8.287762085074878],[124.840406124230228,8.288033306972242],[124.840315361725629,8.288033725716986],[124.840316202494336,8.288214540322336],[124.84022543994358,8.288214959055713],[124.840226280689876,8.288395773668604],[124.840317043282027,8.288395354925969],[124.840317463682993,8.288485762227138],[124.840408226291103,8.288485343459246],[124.840408646717506,8.28857575075536],[124.840499409341589,8.288575331962216],[124.840499829793444,8.288665739253267],[124.840590592433486,8.288665320434868],[124.840591433392888,8.288846135006422],[124.840682196069565,8.288845716158136],[124.840683037089335,8.28902653071871],[124.840592274371232,8.289026949576257],[124.840593956384936,8.289388578710767],[124.840503193579238,8.289388997566206],[124.84050361407381,8.28947940485339],[124.840594376900214,8.28947898599332],[124.840596479547841,8.28993102239963],[124.840505716617912,8.28993144128285],[124.840506137140977,8.290021848567452],[124.840415374185568,8.290022267434676],[124.84041579469266,8.290112674723479],[124.840325031711814,8.290113093574702],[124.840325452202947,8.290203500867705],[124.840234689196663,8.290203919702927],[124.840234268726235,8.290113512405297],[124.840143505735909,8.290113931215263],[124.840143926185618,8.290204338517524],[124.840053163169813,8.290204757311489],[124.840053583603563,8.290295164617948],[124.840144346640059,8.290294745819352],[124.840144767099261,8.29038515312075],[124.84023553015173,8.290384734296898],[124.840236371125783,8.290565548889154],[124.840327134214917,8.290565130035411],[124.840327554729797,8.290655537326264],[124.841053659437748,8.290652185716613],[124.841054500813087,8.290833000222939],[124.841145263921661,8.290832581169637],[124.841146105357396,8.291013395664978],[124.841055342207426,8.291013814727547],[124.841056604334497,8.291285036481231],[124.841147367546625,8.291284617404768],[124.841149050532053,8.291646246385135],[124.84105828723709,8.291646665480123],[124.841058707974611,8.291737072728768],[124.840967944654182,8.291737491807757],[124.840968786102039,8.291918306313027],[124.840878022735424,8.29191872538064],[124.840878864160842,8.292099539893449],[124.840788100748043,8.292099958949693],[124.840789362859624,8.292371180729575],[124.840698599379934,8.292371599779077],[124.840699020072563,8.292462007042808],[124.840608256567435,8.292462426076307],[124.84060867724412,8.292552833344235],[124.840517913713512,8.29255325236173],[124.840520437748893,8.293095695988059],[124.840429674089236,8.293096115012698],[124.84043051543091,8.293276929560628],[124.840339751725082,8.29327734857389],[124.840340593044289,8.293458163129356],[124.839977538007773,8.293459839013064]],[[124.839863650571246,8.28848785575722],[124.839954413203074,8.288487437092455],[124.839953992884944,8.288397029772767],[124.839863230273806,8.288397448432907],[124.839863650571246,8.28848785575722]]]}},
{"type":"Feature","properties":{"fid":248,"landuse":7},"geometry":{"type":"Polygon","coordinates":[[[124.839762382439588,8.286228091048804],[124.839761962281472,8.286137683709114],[124.839671200178401,8.286138102212306],[124.839670359917761,8.285957287522377],[124.839761121979436,8.285956869028443],[124.839761542128088,8.286047276368993],[124.839852304205706,8.286046857849813],[124.839853144558631,8.286227672520367],[124.839762382439588,8.286228091048804]]]}},
{"type":"Feature","properties":{"fid":249,"landuse":2},"geometry":{"type":"Polygon","coordinates":[[[124.840124170178655,8.285955194846521],[124.840123749951971,8.285864787524055],[124.840214511969236,8.285864368931659],[124.840214932216611,8.285954776249493],[124.840124170178655,8.285955194846521]]]}},
{"type":"Feature","properties":{"fid":250,"landuse":2},"geometry":{"type":"Polygon","coordinates":[[[124.840214511969236,8.285864368931659],[124.840213671488669,8.285683554294698],[124.840304433459778,8.28568313569094],[124.840305273981713,8.285863950318642],[124.840214511969236,8.285864368931659]]]}},
{"type":"Feature","properties":{"fid":251,"landuse":5},"geometry":{"type":"Polygon","coordinates":[[[124.846298929510382,8.286559532318513],[124.846298507842874,8.286469125314351],[124.846116984150697,8.286469965306356],[124.846116562529346,8.286379558292477],[124.845935038859565,8.286380398192714],[124.84593377414825,8.286109177120636],[124.845843012368306,8.286109597025895],[124.84584132623597,8.285747968905197],[124.845750564534058,8.285748388771266],[124.845750143033598,8.285657981735374],[124.846294713049446,8.28565546225756],[124.846295556303545,8.285836276273191],[124.846204794604745,8.285836696246989],[124.846205637836476,8.28601751027019],[124.846568684768727,8.286015830214122],[124.846571215075002,8.28655827216193],[124.846298929510382,8.286559532318513]]]}},
{"type":"Feature","properties":{"fid":252,"landuse":7},"geometry":{"type":"Polygon","coordinates":[[[124.844568555866786,8.285301809668491],[124.844568134659156,8.285211402570106],[124.844477373014826,8.285211822119688],[124.844476951832647,8.285121415016235],[124.844567713456286,8.285120995471294],[124.844567292258176,8.285030588372052],[124.84465805385635,8.285030168811133],[124.844659317527061,8.28530139009365],[124.844568555866786,8.285301809668491]]]}},
{"type":"Feature","properties":{"fid":253,"landuse":10},"geometry":{"type":"Polygon","coordinates":[[[124.831040834437715,8.284460018035388],[124.831039998289356,8.284279202451913],[124.831130760407405,8.284278786004267],[124.831131596597146,8.284459601578533],[124.831040834437715,8.284460018035388]]]}},
{"type":"Feature","properties":{"fid":254,"landuse":2},"geometry":{"type":"Polygon","coordinates":[[[124.832222415571437,8.284816233410465],[124.832221997206972,8.284725825680558],[124.831949710698268,8.284727075772906],[124.831949292400623,8.284636668028746],[124.8318585302423,8.284637084680355],[124.831858111970064,8.284546676931157],[124.831767349827714,8.284547093557544],[124.831765676868812,8.284185462538018],[124.831856438928355,8.284185045930066],[124.831856020679737,8.284094638178718],[124.831946782713871,8.284094221554758],[124.831946364449308,8.284003813807592],[124.832037126458019,8.284003397167625],[124.832037544743301,8.284093804910185],[124.832128306767999,8.284093388244997],[124.832127051864248,8.283822165029855],[124.832217813822155,8.283821748357882],[124.832219487119374,8.284183379292109],[124.832310249155313,8.284182962581083],[124.832310667512147,8.284273370308952],[124.832582953653699,8.284272120038363],[124.832584208938741,8.284543343177923],[124.832674971038571,8.284542926366001],[124.832676226428234,8.284814149487859],[124.832585464266316,8.284814566313614],[124.832585045819059,8.284724158602145],[124.832403521522451,8.284724992182587],[124.832403939928312,8.28481539990327],[124.832222415571437,8.284816233410465]]]}},
{"type":"Feature","properties":{"fid":255,"landuse":10},"geometry":{"type":"Polygon","coordinates":[[[124.828949962795946,8.283746327662124],[124.828949545233144,8.283655919761287],[124.829040307314855,8.283655503819981],[124.829040724898348,8.283745911716219],[124.828949962795946,8.283746327662124]]]}},
{"type":"Feature","properties":{"fid":256,"landuse":10},"geometry":{"type":"Polygon","coordinates":[[[124.82876760353885,8.283566343671584],[124.828766768519586,8.28338552784936],[124.82885753054866,8.283385111963083],[124.828857948076617,8.283475519869809],[124.828948710121665,8.283475103958319],[124.828949127675031,8.283565511860017],[124.82876760353885,8.283566343671584]]]}},
{"type":"Feature","properties":{"fid":257,"landuse":10},"geometry":{"type":"Polygon","coordinates":[[[124.828676006485821,8.283385943715022],[124.828675589003936,8.283295535798661],[124.828766351017038,8.283295119937602],[124.828766768519586,8.28338552784936],[124.828676006485821,8.283385943715022]]]}},
{"type":"Feature","properties":{"fid":258,"landuse":7},"geometry":{"type":"Polygon","coordinates":[[[124.830587023569748,8.284462100010451],[124.830586605596693,8.284371692195904],[124.830495843429631,8.284372108524467],[124.830495007539085,8.28419129288487],[124.830404245408687,8.284191709183606],[124.830401320085272,8.283558854399251],[124.830492082070805,8.283558438132745],[124.830490828369491,8.283287214661108],[124.830581590288233,8.283286798387802],[124.830581172376526,8.283196390567671],[124.830671934269844,8.283195974278359],[124.830672352202242,8.283286382093888],[124.830763114111519,8.283285965779358],[124.830763532069327,8.283376373589855],[124.830854293994591,8.283375957250106],[124.830854711977793,8.283466365055562],[124.83094547391903,8.283465948690598],[124.830946309940998,8.283646764291015],[124.8310370719189,8.283646347896225],[124.831037908001136,8.283827163485714],[124.831128670015701,8.2838267470611],[124.831130760407405,8.284278786004267],[124.831039998289356,8.284279202451913],[124.831040834437715,8.284460018035388],[124.830587023569748,8.284462100010451]]]}},
{"type":"Feature","properties":{"fid":259,"landuse":7},"geometry":{"type":"Polygon","coordinates":[[[124.828230127331565,8.285105773500302],[124.828223865806947,8.283749654487272],[124.82795157935827,8.283750901706584],[124.827950327366864,8.283479677850995],[124.827678041062029,8.283480924843404],[124.827676789299261,8.283209700942567],[124.828402885521314,8.283206375327589],[124.82840330293638,8.283296783258178],[124.828675589003936,8.283295535798661],[124.828676006485821,8.283385943715022],[124.828766768519586,8.28338552784936],[124.82876760353885,8.283566343671584],[124.828949127675031,8.283565511860017],[124.828949962795946,8.283746327662124],[124.829040724898348,8.283745911716219],[124.829041142486574,8.283836319612027],[124.829131904604964,8.283835903640909],[124.829132322218584,8.283926311531685],[124.829223084352947,8.283925895535353],[124.82922350199199,8.284016303421101],[124.829314264142326,8.284015887399553],[124.829314681806792,8.284106295280269],[124.829405443973101,8.284105879233502],[124.829408367901223,8.284738734354269],[124.82931760559002,8.284739150433246],[124.829318440999117,8.284919966187376],[124.829136916279808,8.284920798301892],[124.829137333950044,8.285011206187512],[124.828683521965772,8.285013286136017],[124.828683939537228,8.285103694044215],[124.828593177105532,8.285104109976666],[124.828592759554752,8.285013702063868],[124.828320472293456,8.285014949723722],[124.82832088978212,8.285105357650322],[124.828230127331565,8.285105773500302]]]}},
{"type":"Feature","properties":{"fid":260,"landuse":10},"geometry":{"type":"Polygon","coordinates":[[[124.82840330293638,8.283296783258178],[124.828402885521314,8.283206375327589],[124.828675171526783,8.283205127881876],[124.828675589003936,8.283295535798661],[124.82840330293638,8.283296783258178]]]}},
{"type":"Feature","properties":{"fid":261,"landuse":10},"geometry":{"type":"Polygon","coordinates":[[[124.827949075417877,8.28320845399154],[124.827948658110984,8.283118046037531],[124.828311706120374,8.283116383165989],[124.828312123510059,8.283206791101604],[124.827949075417877,8.28320845399154]]]}},
{"type":"Feature","properties":{"fid":262,"landuse":2},"geometry":{"type":"Polygon","coordinates":[[[124.828312123510059,8.283206791101604],[124.828311706120374,8.283116383165989],[124.828493230096782,8.283115551606549],[124.82849364752785,8.283205959532964],[124.828312123510059,8.283206791101604]]]}},
{"type":"Feature","properties":{"fid":263,"landuse":2},"geometry":{"type":"Polygon","coordinates":[[[124.831130342319625,8.284188378216493],[124.831128670015701,8.2838267470611],[124.831037908001136,8.283827163485714],[124.8310370719189,8.283646347896225],[124.830946309940998,8.283646764291015],[124.83094547391903,8.283465948690598],[124.830854711977793,8.283466365055562],[124.830854293994591,8.283375957250106],[124.830763532069327,8.283376373589855],[124.830763114111519,8.283285965779358],[124.830672352202242,8.283286382093888],[124.830671934269844,8.283195974278359],[124.830581172376526,8.283196390567671],[124.830581590288233,8.283286798387802],[124.830490828369491,8.283287214661108],[124.830489992592206,8.283106399011203],[124.830580754469551,8.283105982747108],[124.830580336567309,8.283015574926118],[124.830761860266463,8.283014742345305],[124.830762278210102,8.283105150157084],[124.830943801931753,8.283104317484614],[124.830944637915948,8.283285133088464],[124.831035399811086,8.2832847167121],[124.831036653884865,8.283555940100838],[124.831127415837344,8.283555523690044],[124.83112825195154,8.283736339271179],[124.831309775925092,8.28373550636932],[124.831311030255975,8.284006729710162],[124.831220268209449,8.284007146185214],[124.831221104412236,8.284187961752844],[124.831130342319625,8.284188378216493]]]}},
{"type":"Feature","properties":{"fid":264,"landuse":2},"geometry":{"type":"Polygon","coordinates":[[[124.847097650662448,8.282668251522724],[124.847096807369184,8.282487437560622],[124.847278329135449,8.282486597523905],[124.847278750821076,8.282577004495879],[124.847187989919647,8.282577424529189],[124.847188411589343,8.282667831505375],[124.847097650662448,8.282668251522724]]]}},
{"type":"Feature","properties":{"fid":265,"landuse":2},"geometry":{"type":"Polygon","coordinates":[[[124.847095964094962,8.282306623596801],[124.847095120839811,8.282125809631264],[124.847185881642559,8.282125389641795],[124.847186724939107,8.28230620359804],[124.847095964094962,8.282306623596801]]]}},
{"type":"Feature","properties":{"fid":266,"landuse":11},"geometry":{"type":"Polygon","coordinates":[[[124.845916915424198,8.28249289578989],[124.845916494053682,8.28240248874781],[124.845825733122183,8.282402908462691],[124.845824047770421,8.282041280271502],[124.845914808619156,8.282040860575195],[124.84591438727243,8.281950453530966],[124.846005148095713,8.281950033818694],[124.846005569463131,8.282040440858278],[124.84618709113677,8.282039601362625],[124.846188355391703,8.282310822450935],[124.846097594495191,8.282311242222997],[124.846098015902356,8.28240164925622],[124.846007254980393,8.282402069012321],[124.846007676371599,8.282492476049756],[124.845916915424198,8.28249289578989]]]}},
{"type":"Feature","properties":{"fid":267,"landuse":5},"geometry":{"type":"Polygon","coordinates":[[[124.837655132459659,8.281988561082001],[124.837654293545711,8.281807746149036],[124.837745054759793,8.281807328321358],[124.837745893715081,8.281988143245078],[124.837655132459659,8.281988561082001]]]}},
{"type":"Feature","properties":{"fid":268,"landuse":11},"geometry":{"type":"Polygon","coordinates":[[[124.837837913496358,8.282258947756034],[124.837837493981425,8.282168540300299],[124.837655971392522,8.282169376013249],[124.837655132459659,8.281988561082001],[124.837745893715081,8.281988143245078],[124.837745054759793,8.281807328321358],[124.837835815969129,8.281806910473072],[124.8378353964779,8.281716503015195],[124.838016918840964,8.281715667266045],[124.838016499313099,8.281625259816982],[124.838198021615852,8.281624423994652],[124.838197602051338,8.281534016554403],[124.838742168721694,8.281531508620578],[124.838742588410312,8.281621916033075],[124.839105632845133,8.281620243646543],[124.839105213073751,8.281529836252549],[124.839559018407144,8.281527745328848],[124.839559438281938,8.281618152699709],[124.83937791612145,8.281618989140265],[124.839378335959623,8.281709396519949],[124.839287574851596,8.281709814713942],[124.8392884145008,8.281890629481273],[124.839379175650237,8.281890211278023],[124.839379595502635,8.281980618656423],[124.839288834332521,8.281981036864298],[124.839289254169003,8.282071444246888],[124.838926209358362,8.282073116890809],[124.83892578960463,8.281982709489712],[124.838835028410799,8.281983127594543],[124.838834608682532,8.28189272018839],[124.838380802745689,8.281894810380301],[124.838381222370543,8.281985217809579],[124.838199699921262,8.281986053751337],[124.838200119509466,8.282076461189433],[124.838109358257014,8.282076879134022],[124.838109777829274,8.282167286576316],[124.838019016551399,8.282167704504918],[124.838019436107714,8.282258111951403],[124.837837913496358,8.282258947756034]]]}},
{"type":"Feature","properties":{"fid":269,"landuse":7},"geometry":{"type":"Polygon","coordinates":[[[124.839840541257459,8.283515452281566],[124.839840121220959,8.283425044933612],[124.839567836774378,8.283426300026672],[124.839567416804712,8.283335892664407],[124.839476655333712,8.283336310982909],[124.839476235389483,8.283245903615585],[124.83920395101012,8.283247158433539],[124.839203531132711,8.283156751051905],[124.839112769684121,8.283157169278706],[124.839112349832135,8.283066761892016],[124.839021588399504,8.283067180093582],[124.839020748751111,8.282886365309658],[124.838929987355144,8.282886783481359],[124.83892956755875,8.282796376084129],[124.838748044793945,8.282797212356448],[124.838747625043681,8.282706804949536],[124.838293818152138,8.282708895246524],[124.838293398510061,8.282618487816057],[124.838111875761641,8.282619323781335],[124.838111456165691,8.282528916341189],[124.838020694805053,8.282529334288288],[124.838020275234513,8.282438926843088],[124.837929513889847,8.282439344764956],[124.837928674804417,8.282258529864022],[124.838019436107714,8.282258111951403],[124.838019016551399,8.282167704504918],[124.838109777829274,8.282167286576316],[124.838109358257014,8.282076879134022],[124.838200119509466,8.282076461189433],[124.838199699921262,8.281986053751337],[124.838381222370543,8.281985217809579],[124.838380802745689,8.281894810380301],[124.838834608682532,8.28189272018839],[124.838835028410799,8.281983127594543],[124.83892578960463,8.281982709489712],[124.838926209358362,8.282073116890809],[124.839289254169003,8.282071444246888],[124.839288834332521,8.281981036864298],[124.839379595502635,8.281980618656423],[124.839379175650237,8.281890211278023],[124.8392884145008,8.281890629481273],[124.839287574851596,8.281709814713942],[124.839378335959623,8.281709396519949],[124.83937791612145,8.281618989140265],[124.839559438281938,8.281618152699709],[124.839559018407144,8.281527745328848],[124.839922062588471,8.281526072218957],[124.839921642635645,8.281435664866182],[124.840375447652136,8.281433573038301],[124.840375867708403,8.281523980367934],[124.840466628718133,8.281523561935908],[124.84046746888626,8.281704376584624],[124.84055822993264,8.281703958122733],[124.840558650044528,8.281794365441813],[124.840649411106838,8.281793946954682],[124.840649831244136,8.281884354268705],[124.840831353395927,8.281883517223358],[124.840831773579339,8.281973924527694],[124.841013295753527,8.281973087390654],[124.841013715983067,8.282063494685296],[124.841104477083718,8.282063076081231],[124.841105317598448,8.282243890659963],[124.841196078735749,8.282243472026028],[124.841196919310818,8.282424286593779],[124.841106158132163,8.282424705236977],[124.841106578406126,8.282515112524841],[124.840925055993196,8.282515949758672],[124.840925476230524,8.282606357055368],[124.840743953757212,8.282607194216022],[124.840744373957932,8.282697601521546],[124.840472090150286,8.282698857121844],[124.840472510293665,8.282789264440831],[124.84038174899429,8.282789682937675],[124.840383429532523,8.283151312227847],[124.840292668145622,8.283151730722599],[124.840293088271338,8.283242138048697],[124.840202326859,8.283242556527462],[124.840202746968799,8.283332963857765],[124.840111985530996,8.283333382320547],[124.840112825723423,8.283514196989112],[124.839840541257459,8.283515452281566]]]}},
{"type":"Feature","properties":{"fid":270,"landuse":11},"geometry":{"type":"Polygon","coordinates":[[[124.839649779459592,8.281527327082285],[124.839649359568838,8.281436919715626],[124.839740120595849,8.281436501453085],[124.839740540507293,8.281526908815117],[124.839649779459592,8.281527327082285]]]}},
{"type":"Feature","properties":{"fid":271,"landuse":2},"geometry":{"type":"Polygon","coordinates":[[[124.843191139640624,8.281872628132533],[124.843189456802847,8.2815109993928],[124.843098695935566,8.28151141844304],[124.843097013256582,8.28114978967789],[124.843187774041112,8.281149370646194],[124.843186932688781,8.280968556270317],[124.843368454160853,8.280967718163659],[124.843368874875992,8.281058125342538],[124.843459635625592,8.281057706253662],[124.843460056366212,8.281148113427479],[124.843550817131728,8.28114769431336],[124.843551658668559,8.281328508650429],[124.843460897861675,8.281328927773819],[124.843462580909687,8.281690556461344],[124.843371820015278,8.281690975582681],[124.843372240768474,8.281781382758124],[124.843281479848628,8.281781801863488],[124.843281900585879,8.281872209043138],[124.843191139640624,8.281872628132533]]]}},
{"type":"Feature","properties":{"fid":272,"landuse":2},"geometry":{"type":"Polygon","coordinates":[[[124.846180770504716,8.28068349586305],[124.846180349167327,8.280593088826308],[124.846271109666048,8.280592669121873],[124.846271531024115,8.280683076153974],[124.846180770504716,8.28068349586305]]]}},
{"type":"Feature","properties":{"fid":273,"landuse":2},"geometry":{"type":"Polygon","coordinates":[[[124.843367612744757,8.280786903804604],[124.843366771347689,8.280606089443834],[124.843276010696783,8.280606508488917],[124.843275590026067,8.280516101303252],[124.843547871902473,8.280514844120098],[124.843548713372797,8.280695658463179],[124.843457952710708,8.280696077554108],[124.843458373432284,8.28078648472964],[124.843367612744757,8.280786903804604]]]}},
{"type":"Feature","properties":{"fid":274,"landuse":5},"geometry":{"type":"Polygon","coordinates":[[[124.847545972838844,8.281490860747551],[124.847544286105304,8.281129232892225],[124.847635046656663,8.281128812850838],[124.847632516575146,8.280586371082839],[124.847723276997655,8.280585951048735],[124.847722855313393,8.280495544090545],[124.84781361571045,8.280495124040483],[124.847813194010243,8.280404717086512],[124.847903954381863,8.280404297020496],[124.847907750041188,8.281217959548927],[124.847635468353602,8.281219219810669],[124.847636733472967,8.281490440687575],[124.847545972838844,8.281490860747551]]]}},
{"type":"Feature","properties":{"fid":275,"landuse":5},"geometry":{"type":"Polygon","coordinates":[[[124.845654323961412,8.284573517056222],[124.845652638318327,8.28421188886915],[124.84574339967314,8.284211469102628],[124.845742135428708,8.283940247971739],[124.845832896716715,8.283939828198532],[124.84583247529072,8.283849421158685],[124.845741714023404,8.283849840927248],[124.845738764319591,8.283216991603785],[124.845648003192395,8.283217411319233],[124.845644632553388,8.282494154886635],[124.845553871586958,8.28249457454433],[124.845553029016187,8.282313760422598],[124.845643789941249,8.282313340774188],[124.845642526058725,8.282042119602293],[124.845733286916939,8.282041699947202],[124.845732865611609,8.281951292893687],[124.845823626444414,8.28195087322263],[124.845821941187836,8.281589245022849],[124.845912701933116,8.281588825349756],[124.845912280610207,8.28149841830338],[124.84609380204509,8.281497578904661],[124.846093380685573,8.281407171867144],[124.846728705413014,8.281404233355035],[124.846727019443222,8.281042605330713],[124.846545498281827,8.281043444971472],[124.846545076842659,8.280953037955028],[124.846454316275498,8.280953457739855],[124.846454737693975,8.281043864760942],[124.846363977101376,8.281044284529809],[124.846363555703576,8.280953877504075],[124.846272795126907,8.280954297247689],[124.846269845620384,8.280321448023004],[124.846542126901753,8.280320188827881],[124.84654254830761,8.280410595847334],[124.846633308745893,8.280410176069772],[124.846632887319373,8.280319769054964],[124.846723647732219,8.280319349261445],[124.84672406917943,8.280409756271608],[124.846814829608192,8.280409336452839],[124.846815251080841,8.280499743457925],[124.846906011525519,8.280499323613906],[124.846909383643677,8.28122257960197],[124.847000144249108,8.281222159700178],[124.847000565805985,8.281312566692108],[124.846909805179891,8.281312986598545],[124.846910226720865,8.281403393594687],[124.84700098736765,8.281402973683605],[124.847002252081168,8.281674194655524],[124.847093012785251,8.281673774709892],[124.847095964094962,8.282306623596801],[124.847186724939107,8.28230620359804],[124.847185881642559,8.282125389641795],[124.84736740323379,8.282124549601031],[124.847369933428837,8.282666991408851],[124.847188411589343,8.282667831505375],[124.847187989919647,8.282577424529189],[124.847278750821076,8.282577004495879],[124.847278329135449,8.282486597523905],[124.847096807369184,8.282487437560622],[124.847097650662448,8.282668251522724],[124.846825367853199,8.282669511451111],[124.846824103106641,8.282398290465499],[124.846551820440737,8.282399550166586],[124.846553085001091,8.282670771194008],[124.846280802106108,8.282672030751415],[124.846282066523102,8.282943251816773],[124.84655434960429,8.282941992217559],[124.846560673263028,8.284298097277295],[124.846016105195517,8.284300616708224],[124.846017369683324,8.284571837792164],[124.845654323961412,8.284573517056222]],[[124.845916915424198,8.28249289578989],[124.846007676371599,8.282492476049756],[124.846007254980393,8.282402069012321],[124.846098015902356,8.28240164925622],[124.846097594495191,8.282311242222997],[124.846188355391703,8.282310822450935],[124.84618709113677,8.282039601362625],[124.846005569463131,8.282040440858278],[124.846005148095713,8.281950033818694],[124.84591438727243,8.281950453530966],[124.845914808619156,8.282040860575195],[124.845824047770421,8.282041280271502],[124.845825733122183,8.282402908462691],[124.845916494053682,8.28240248874781],[124.845916915424198,8.28249289578989]]]}},
{"type":"Feature","properties":{"fid":276,"landuse":2},"geometry":{"type":"Polygon","coordinates":[[[124.832475041159498,8.280565819998852],[124.832474622955004,8.280475412262591],[124.83238386177679,8.280475828825848],[124.832383443597735,8.280385421084551],[124.832292682435479,8.280385837622596],[124.832292264281833,8.280295429876258],[124.832473786560229,8.28029459678878],[124.832474204755258,8.2803850045259],[124.832564965908048,8.280384587946644],[124.832565802353656,8.280565403410378],[124.832475041159498,8.280565819998852]]]}},
{"type":"Feature","properties":{"fid":277,"landuse":7},"geometry":{"type":"Polygon","coordinates":[[[124.8325653841285,8.280474995678725],[124.832564965908048,8.280384587946644],[124.832474204755258,8.2803850045259],[124.832473786560229,8.28029459678878],[124.832564547692357,8.280294180214135],[124.832564129481355,8.280203772481192],[124.83265489058806,8.280203355890555],[124.832654472361128,8.280112948161799],[124.832745233442424,8.28011253155516],[124.832745651690061,8.280202939279311],[124.832836412787316,8.280202522647462],[124.832837667620609,8.280473745803501],[124.8325653841285,8.280474995678725]]]}},
{"type":"Feature","properties":{"fid":278,"landuse":2},"geometry":{"type":"Polygon","coordinates":[[[124.832473786560229,8.28029459678878],[124.832473368369932,8.280204189051231],[124.832382607253791,8.280204605600661],[124.83238177092872,8.280023790115058],[124.832563293073562,8.28002295701403],[124.8325637112751,8.280113364747827],[124.832654472361128,8.280112948161799],[124.83265489058806,8.280203355890555],[124.832564129481355,8.280203772481192],[124.832564547692357,8.280294180214135],[124.832473786560229,8.28029459678878]]]}},
{"type":"Feature","properties":{"fid":279,"landuse":5},"geometry":{"type":"Polygon","coordinates":[[[124.847629143399899,8.279863115368112],[124.847628721774427,8.279772708401836],[124.847719482010774,8.279772288409561],[124.847719903656937,8.27986269537119],[124.847629143399899,8.279863115368112]]]}},
{"type":"Feature","properties":{"fid":280,"landuse":5},"geometry":{"type":"Polygon","coordinates":[[[124.847812350624196,8.280223903177282],[124.847811507257163,8.280043089266334],[124.847720746963532,8.280043509293153],[124.847719903656937,8.27986269537119],[124.8478106639092,8.279862275353663],[124.847811085580801,8.279952682310213],[124.847901845848995,8.279952262267438],[124.847902267546047,8.280042669218908],[124.847993027830157,8.280042249150879],[124.847991762691251,8.279771028309122],[124.848354803531848,8.279769347886774],[124.848354381745665,8.279678940957259],[124.848808182585756,8.279676839989019],[124.848807760700964,8.279586433082324],[124.848989280962257,8.279585592560116],[124.848991812590782,8.280128033938022],[124.848719531819398,8.280129294774149],[124.848718266169826,8.27985807404527],[124.848173704870632,8.279860595077539],[124.848174970147923,8.280131815890114],[124.847902689247846,8.280133076169951],[124.847903110954405,8.280223483120562],[124.847812350624196,8.280223903177282]]]}},
{"type":"Feature","properties":{"fid":281,"landuse":2},"geometry":{"type":"Polygon","coordinates":[[[124.843725606376324,8.279700341413324],[124.843725185649703,8.279609934246549],[124.843906706444216,8.279609096031772],[124.843907127212191,8.279699503189269],[124.843725606376324,8.279700341413324]]]}},
{"type":"Feature","properties":{"fid":282,"landuse":2},"geometry":{"type":"Polygon","coordinates":[[[124.843905864922547,8.279428281715482],[124.843905444168826,8.279337874556697],[124.843996204496918,8.279337455432318],[124.843996625271302,8.279427862586465],[124.843905864922547,8.279428281715482]]]}},
{"type":"Feature","properties":{"fid":283,"landuse":7},"geometry":{"type":"Polygon","coordinates":[[[124.833105349540148,8.279478010970628],[124.833104094676671,8.279206787841922],[124.833285616373644,8.279205954494239],[124.833286034698077,8.279296362195018],[124.83337679556017,8.279295945485663],[124.833377632264614,8.279476760876701],[124.833105349540148,8.279478010970628]]]}},
{"type":"Feature","properties":{"fid":284,"landuse":2},"geometry":{"type":"Polygon","coordinates":[[[124.848898520833984,8.279586012831521],[124.848895989501173,8.279043571410238],[124.848986749505343,8.279043151166738],[124.848989280962257,8.279585592560116],[124.848898520833984,8.279586012831521]]]}},
{"type":"Feature","properties":{"fid":285,"landuse":7},"geometry":{"type":"Polygon","coordinates":[[[124.845548816447831,8.28140968978815],[124.845548395217151,8.281319282722341],[124.845457634514901,8.281319702299079],[124.845456792109218,8.281138888156885],[124.845366031443561,8.281139307703731],[124.845361398780099,8.280144829839903],[124.84527063833724,8.280145249315082],[124.845268953957827,8.279783620969503],[124.845178193592915,8.279784040405511],[124.845175246256886,8.279151190751721],[124.845266006477019,8.279150771348204],[124.845265585427342,8.279060364257731],[124.845447105811971,8.279059525398182],[124.845446684725715,8.278969118316562],[124.845537444890198,8.278968698860528],[124.84553786599713,8.279059105937506],[124.845628626177543,8.27905868645623],[124.845628205049934,8.278968279383895],[124.845900485500565,8.27896702083039],[124.845900064315671,8.278876613771557],[124.84599082443566,8.278876194217164],[124.845991245641258,8.278966601271353],[124.846082005777177,8.27896618169172],[124.84608158455093,8.27887577464217],[124.846626145142494,8.27887325675961],[124.84662656649283,8.278963663781287],[124.846717326595424,8.278963244057451],[124.846718169351789,8.279144058090235],[124.84680892949099,8.279143638336505],[124.846810193723243,8.279414859368522],[124.846900953919729,8.279414439580252],[124.846906011525519,8.280499323613906],[124.846815251080841,8.280499743457925],[124.846814829608192,8.280409336452839],[124.84672406917943,8.280409756271608],[124.846723647732219,8.280319349261445],[124.846632887319373,8.280319769054964],[124.846633308745893,8.280410176069772],[124.84654254830761,8.280410595847334],[124.846542126901753,8.280320188827881],[124.846269845620384,8.280321448023004],[124.846271109666048,8.280592669121873],[124.846180349167327,8.280593088826308],[124.846180770504716,8.28068349586305],[124.846271531024115,8.280683076153974],[124.846272795126907,8.280954297247689],[124.846363555703576,8.280953877504075],[124.846363977101376,8.281044284529809],[124.846454737693975,8.281043864760942],[124.846454316275498,8.280953457739855],[124.846545076842659,8.280953037955028],[124.846545498281827,8.281043444971472],[124.846727019443222,8.281042605330713],[124.846728705413014,8.281404233355035],[124.84627490206006,8.28140633239529],[124.846274480663922,8.281315925366629],[124.846002198657075,8.281317184529568],[124.846002619991154,8.281407591572162],[124.845548816447831,8.28140968978815]]]}},
{"type":"Feature","properties":{"fid":286,"landuse":2},"geometry":{"type":"Polygon","coordinates":[[[124.837021061510811,8.282262707856708],[124.837020642182068,8.282172300359376],[124.83692988084735,8.282172718040673],[124.836929042245487,8.281991903035477],[124.836838280947418,8.281992320686923],[124.836837023142209,8.281721098162048],[124.836746261901453,8.281721515779026],[124.836745842663206,8.281631108265252],[124.836655081438408,8.281631525857001],[124.836654662225598,8.281541118338179],[124.836563901016731,8.281541535904697],[124.836563481829344,8.281451128380828],[124.836472720636451,8.281451545922121],[124.836472301474487,8.281361138393201],[124.836200017929428,8.281362390879581],[124.836199598834256,8.281271983336373],[124.836018076488571,8.281272818215019],[124.836017657439527,8.281182410662142],[124.835836135116296,8.281183245449126],[124.835835716113323,8.281092837886584],[124.835744954965293,8.281093255244548],[124.835741603277555,8.280369994691815],[124.835832364260099,8.280369577370797],[124.835831107393233,8.280098354670288],[124.835921868309015,8.28009793734252],[124.835921030380078,8.279917122215938],[124.836011791249717,8.279916704876802],[124.836010534329773,8.279645482197566],[124.83610129513265,8.27964506485168],[124.836100876148109,8.279554657295694],[124.836191636925562,8.279554239933825],[124.836191217925091,8.279463832382028],[124.836281978677135,8.279463415004177],[124.836281559660705,8.279373007456574],[124.836372320387326,8.279372590062739],[124.836371901354951,8.279282182519323],[124.836644183444378,8.279280930228069],[124.83664376435469,8.279190522698082],[124.836916046339454,8.279189270235275],[124.836914788912679,8.278918047684325],[124.837005549502734,8.278917630169383],[124.837005968660947,8.279008037682173],[124.83709672926696,8.279007620142009],[124.837097148450582,8.27909802764975],[124.83718790907254,8.279097610084364],[124.837188747495333,8.279278425089318],[124.837279508153941,8.279278007494085],[124.837279927393126,8.279368414991296],[124.837370688067637,8.279367997370843],[124.837371526601615,8.279548812354731],[124.837462287312775,8.279548394704431],[124.837464383833989,8.280000432133532],[124.837373623019431,8.280000849806941],[124.837374461619717,8.28018166478482],[124.837283700759031,8.280182082446871],[124.837284120045609,8.280272489939787],[124.8371933591595,8.280272907585857],[124.837193778430134,8.280363315082967],[124.837103017518615,8.280363732713052],[124.837103436773276,8.280454140214355],[124.837012675836334,8.280454557828456],[124.837013095075065,8.280544965333949],[124.8369223341127,8.280545382932067],[124.83692317256299,8.280726197951006],[124.837013933566737,8.280725780343648],[124.837014352819665,8.280816187847851],[124.837105113839328,8.280815770215263],[124.837105533117708,8.280906177714417],[124.837287055184206,8.280905342378182],[124.837287474508685,8.280995749867664],[124.837559757634978,8.2809944966949],[124.837559338248468,8.280904089219284],[124.837650099260401,8.280903671458439],[124.837649679857932,8.280813263987019],[124.837740440844442,8.280812846210193],[124.837740021426043,8.280722438742963],[124.837921543343484,8.28072160313674],[124.837921123888421,8.28063119567833],[124.838193406666988,8.280629942128327],[124.838192567646999,8.280449127237958],[124.838283328522337,8.280448709355992],[124.838282489479937,8.280267894473155],[124.838464011133681,8.280267058665913],[124.838464430693875,8.2803574660983],[124.838645952369987,8.280356630199391],[124.83864637197631,8.280447037622096],[124.838737132827944,8.280446619637113],[124.838736713200944,8.280356212219029],[124.838827474027156,8.280355794218066],[124.838826634746027,8.280174979389866],[124.838735873961198,8.28017539738158],[124.838735454348395,8.280084989962214],[124.839007736626684,8.280083735939137],[124.839007316956582,8.279993328533216],[124.839098077685847,8.279992910488943],[124.839096818642005,8.279721688282482],[124.839187579304465,8.279721270231486],[124.839186320241254,8.279450048035036],[124.839095559640839,8.279450466072154],[124.839093881039005,8.279088836452372],[124.839184641556713,8.27908841843376],[124.839184221897426,8.278998011032369],[124.839274982389682,8.278997592997781],[124.839274562714465,8.278907185600589],[124.839456083643398,8.278906349478865],[124.839457762538203,8.279267979028056],[124.839548523078264,8.279267560917782],[124.839549782361203,8.279538783061282],[124.839459021759083,8.279539201185434],[124.839460281022667,8.279810423338954],[124.839369520353756,8.279810841456387],[124.839369940097072,8.279901248844661],[124.839279179402737,8.279901666946117],[124.839279599130109,8.279992074338587],[124.839188838410365,8.279992492424066],[124.839189258121806,8.280082899820735],[124.839098497376611,8.280083317890238],[124.839098917072121,8.280173725291105],[124.839008156301475,8.280174143344629],[124.839008995665353,8.280354958154325],[124.838918234848634,8.280355376196498],[124.838918654517002,8.280445783605328],[124.839009415354411,8.28044536555853],[124.83901109415801,8.280806995171046],[124.838738811383337,8.280808249305139],[124.83873923103404,8.280898656721073],[124.838557709119158,8.28089949271669],[124.838558128733226,8.280989900141448],[124.838467367747981,8.280990318112972],[124.838467787346119,8.281080725541919],[124.838377026335465,8.281081143497463],[124.838378704692616,8.281442773227466],[124.838287943594466,8.281443191180898],[124.838288363174911,8.281533598616949],[124.838197602051338,8.281534016554403],[124.838198021615852,8.281624423994652],[124.838016499313099,8.281625259816982],[124.838016918840964,8.281715667266045],[124.8378353964779,8.281716503015195],[124.837835815969129,8.281806910473072],[124.837654293545711,8.281807746149036],[124.837655551923731,8.28207896854784],[124.837564790642844,8.282079386368775],[124.837565210090972,8.282169793838808],[124.837474448784647,8.282170211643756],[124.83747486821683,8.282260619117979],[124.837021061510811,8.282262707856708]]]}},
{"type":"Feature","properties":{"fid":287,"landuse":7},"geometry":{"type":"Polygon","coordinates":[[[124.847902267546047,8.280042669218908],[124.847901845848995,8.279952262267438],[124.847811085580801,8.279952682310213],[124.8478106639092,8.279862275353663],[124.847719903656937,8.27986269537119],[124.847719482010774,8.279772288409561],[124.847628721774427,8.279772708401836],[124.84762830015373,8.279682301435136],[124.847537539933299,8.279682721402157],[124.847537118338039,8.279592314430376],[124.847446358133539,8.279592734372152],[124.847445936563702,8.27950232739529],[124.847355176375103,8.279502747311817],[124.847354754830747,8.279412340329884],[124.847263994658078,8.27941276022116],[124.847263151624986,8.279231946246707],[124.847172391488911,8.27923236610809],[124.847170705562618,8.278870738135442],[124.847261465615986,8.278870318292649],[124.847261044125645,8.278779911303056],[124.847896364220986,8.278776971859218],[124.847897629140604,8.279048192729096],[124.848895989501173,8.279043571410238],[124.848898520833984,8.279586012831521],[124.848807760700964,8.279586433082324],[124.848808182585756,8.279676839989019],[124.848354381745665,8.279678940957259],[124.848354803531848,8.279769347886774],[124.847991762691251,8.279771028309122],[124.847993027830157,8.280042249150879],[124.847902267546047,8.280042669218908]]]}},
{"type":"Feature","properties":{"fid":288,"landuse":2},"geometry":{"type":"Polygon","coordinates":[[[124.840576299028683,8.285591472455353],[124.840575878717473,8.285501065154318],[124.840485116802014,8.285501483810668],[124.840483015420673,8.285049447275886],[124.840392253603937,8.285049865888473],[124.840391833362588,8.284959458575594],[124.840301071561811,8.284959877162933],[124.840300651345927,8.284869469844999],[124.840209889561109,8.284869888407092],[124.840209049184949,8.284689073760674],[124.840118287436752,8.284689492292896],[124.840117867276504,8.284599084964414],[124.840208629003982,8.284598666436823],[124.840206528170356,8.284146629811113],[124.840115766546347,8.284147048315559],[124.840115346414564,8.284056640984499],[124.840206108017867,8.284056222484683],[124.840203587202595,8.28351377851707],[124.840112825723423,8.283514196989112],[124.840111985530996,8.283333382320547],[124.840202746968799,8.283332963857765],[124.840202326859,8.283242556527462],[124.840293088271338,8.283242138048697],[124.840292668145622,8.283151730722599],[124.840383429532523,8.283151312227847],[124.84038174899429,8.282789682937675],[124.840472510293665,8.282789264440831],[124.840472090150286,8.282698857121844],[124.840744373957932,8.282697601521546],[124.840743953757212,8.282607194216022],[124.840925476230524,8.282606357055368],[124.840925055993196,8.282515949758672],[124.841106578406126,8.282515112524841],[124.841106158132163,8.282424705236977],[124.841196919310818,8.282424286593779],[124.841196078735749,8.282243472026028],[124.841105317598448,8.282243890659963],[124.841104477083718,8.282063076081231],[124.841013715983067,8.282063494685296],[124.841013295753527,8.281973087390654],[124.840831773579339,8.281973924527694],[124.840831353395927,8.281883517223358],[124.840649831244136,8.281884354268705],[124.840649411106838,8.281793946954682],[124.840558650044528,8.281794365441813],[124.84055822993264,8.281703958122733],[124.84046746888626,8.281704376584624],[124.840466628718133,8.281523561935908],[124.840375867708403,8.281523980367934],[124.840375447652136,8.281433573038301],[124.840284686658322,8.281433991445093],[124.840283006563496,8.28107236210375],[124.840192245647685,8.281072780471417],[124.840191405670126,8.280891965788912],[124.840100644790937,8.280892384126712],[124.84009854503347,8.280440347389785],[124.840189305809218,8.280439929075127],[124.840188045949603,8.280168707041705],[124.84027880665856,8.280168288720331],[124.840275867007435,8.279535437326381],[124.840366627566866,8.279535019016809],[124.840365787667892,8.279354204338217],[124.840547308689793,8.279353367675784],[124.840546888706058,8.279262960345102],[124.84063764918919,8.279262541987617],[124.840637229189539,8.279172134661131],[124.84081875010024,8.27917129789361],[124.840817490005605,8.278900075939378],[124.840908250391792,8.278899657538606],[124.840907830349053,8.278809250224297],[124.840998590709816,8.278808831807559],[124.840998170651162,8.278718424497454],[124.841270451642913,8.278717169137526],[124.841270871763612,8.278807576433737],[124.841361632105375,8.278807157934596],[124.84136247240238,8.278987972516468],[124.841634753523294,8.278986716867646],[124.841635173740954,8.279077124144042],[124.841816694505837,8.279076286932558],[124.84181711476964,8.279166694199256],[124.841998635556891,8.279165856896103],[124.841999055866765,8.279256264153107],[124.842271337074081,8.279255008029969],[124.842271757450746,8.279345415272639],[124.84245327827324,8.279344577744936],[124.842453698696033,8.279434984977909],[124.842635219540867,8.279434147358529],[124.842636901445033,8.279795776249044],[124.842546140942247,8.279796195087574],[124.842547822839691,8.280157823989757],[124.842366301654423,8.280158661642091],[124.842367142548909,8.280339476109139],[124.842276381907794,8.28033989491367],[124.842277222779913,8.280520709388275],[124.842095701400666,8.280521546954054],[124.842096121802484,8.28061195419998],[124.842005361085043,8.280612372956597],[124.842007042657087,8.28097400195454],[124.841825521042495,8.280974839443028],[124.841825941406,8.281065246700704],[124.841735180570893,8.281065665418673],[124.841736021270776,8.281246479942009],[124.841645260389555,8.281246898648636],[124.841645680725932,8.281337305914292],[124.841464158907854,8.281338143274992],[124.841464999512112,8.281518957823542],[124.841374238554593,8.281519376482247],[124.841375079136469,8.281700191038349],[124.841465840135371,8.281699772370379],[124.841466260454112,8.281790179643153],[124.84137549943452,8.28179059831575],[124.841375919737345,8.281881005592725],[124.841466680777614,8.281880586915491],[124.841467101105863,8.281970994187404],[124.841376340044903,8.281971412869273],[124.841376760357207,8.282061820145389],[124.841285999270781,8.282062238811276],[124.841288941445043,8.282695089764481],[124.841198180209062,8.282695508442183],[124.841199020831624,8.282876323005638],[124.841108259549515,8.282876741671995],[124.841108679847224,8.282967148957709],[124.841017918539691,8.282967567608088],[124.841018759107968,8.283148382187489],[124.840927997754278,8.283148800826517],[124.840928418024859,8.283239208120204],[124.841019179399211,8.283238789476544],[124.841020440301492,8.283510011341138],[124.841111201733213,8.283509592662973],[124.841113723790073,8.284052036352769],[124.841204485341194,8.284051617626204],[124.841204905721312,8.284142024901701],[124.8411141441495,8.284142443632899],[124.841114564513674,8.284232850912595],[124.841205326106191,8.284232432176768],[124.841208689356051,8.284955690361835],[124.841117927597992,8.284956109134717],[124.841119188832963,8.285227330960922],[124.841028427008055,8.285227749727079],[124.841029267813695,8.285408564284998],[124.84093850594266,8.285408983039803],[124.840938926331916,8.285499390322746],[124.8406666406282,8.285500646477351],[124.840667060960101,8.285591053773757],[124.840576299028683,8.285591472455353]]]}},
{"type":"Feature","properties":{"fid":289,"landuse":7},"geometry":{"type":"Polygon","coordinates":[[[124.839639703390532,8.27935755016388],[124.839638024311313,8.278995920653427],[124.839728784779865,8.278995502515833],[124.839727945227352,8.278814687767287],[124.839818705649805,8.278814269618353],[124.839818285860005,8.278723862248064],[124.839999806649288,8.278723025897648],[124.84000022648047,8.27881343325868],[124.840181747292135,8.278812596816607],[124.840183846726021,8.279264633569046],[124.84000232570753,8.279265470057405],[124.840002745567162,8.279355877415863],[124.839639703390532,8.27935755016388]]]}},
{"type":"Feature","properties":{"fid":290,"landuse":2},"geometry":{"type":"Polygon","coordinates":[[[124.829377886871697,8.278138958489075],[124.829377469497857,8.278048550584627],[124.829468230273463,8.278048134825587],[124.829468647667952,8.278138542725431],[124.829377886871697,8.278138958489075]]]}},
{"type":"Feature","properties":{"fid":291,"landuse":2},"geometry":{"type":"Polygon","coordinates":[[[124.847002252081168,8.281674194655524],[124.84700098736765,8.281402973683605],[124.846910226720865,8.281403393594687],[124.846909805179891,8.281312986598545],[124.847000565805985,8.281312566692108],[124.847000144249108,8.281222159700178],[124.846909383643677,8.28122257960197],[124.846900953919729,8.279414439580252],[124.846810193723243,8.279414859368522],[124.84680892949099,8.279143638336505],[124.846718169351789,8.279144058090235],[124.846716905224426,8.278872837040417],[124.846807665301569,8.278872417300622],[124.846806822532443,8.278691603274551],[124.846897582563486,8.278691183523447],[124.846897161165415,8.278600776514413],[124.846806401155021,8.278601196260871],[124.846804715692969,8.278239568201856],[124.846713955760549,8.278239987909133],[124.846713113099455,8.278059173867756],[124.846803872990506,8.278058754169772],[124.846803451646423,8.277968347153084],[124.846894211512023,8.27796792743915],[124.846893790152038,8.27787752042668],[124.8469845499922,8.27787710069679],[124.84698370724513,8.277696286679854],[124.847074467039192,8.277695866938661],[124.847079524055545,8.278780750958754],[124.847261044125645,8.278779911303056],[124.847261465615986,8.278870318292649],[124.847170705562618,8.278870738135442],[124.847172391488911,8.27923236610809],[124.847263151624986,8.279231946246707],[124.847263994658078,8.27941276022116],[124.847354754830747,8.279412340329884],[124.847355176375103,8.279502747311817],[124.847445936563702,8.27950232739529],[124.847446358133539,8.279592734372152],[124.847537118338039,8.279592314430376],[124.847537539933299,8.279682721402157],[124.84762830015373,8.279682301435136],[124.847629143399899,8.279863115368112],[124.847719903656937,8.27986269537119],[124.847720746963532,8.280043509293153],[124.847811507257163,8.280043089266334],[124.847812350624196,8.280223903177282],[124.847903110954405,8.280223483120562],[124.847903954381863,8.280404297020496],[124.847813194010243,8.280404717086512],[124.84781361571045,8.280495124040483],[124.847722855313393,8.280495544090545],[124.847723276997655,8.280585951048735],[124.847632516575146,8.280586371082839],[124.847635046656663,8.281128812850838],[124.847544286105304,8.281129232892225],[124.847545972838844,8.281490860747551],[124.847092169596763,8.281492960738337],[124.847093012785251,8.281673774709892],[124.847002252081168,8.281674194655524]]]}},
{"type":"Feature","properties":{"fid":292,"landuse":7},"geometry":{"type":"Polygon","coordinates":[[[124.846531593303055,8.278060013201932],[124.84653075074371,8.277879199140258],[124.8468030303071,8.277877940135971],[124.846801766317697,8.277606719082046],[124.847074045652136,8.277605459934193],[124.847074467039192,8.277695866938661],[124.84698370724513,8.277696286679854],[124.8469845499922,8.27787710069679],[124.846893790152038,8.27787752042668],[124.846894211512023,8.27796792743915],[124.846803451646423,8.277968347153084],[124.846803872990506,8.278058754169772],[124.846531593303055,8.278060013201932]]]}},
{"type":"Feature","properties":{"fid":293,"landuse":2},"geometry":{"type":"Polygon","coordinates":[[[124.829286291369129,8.277958558413594],[124.829285039352158,8.277687334682584],[124.829375800049775,8.27768691896255],[124.829377052128763,8.277958142679751],[124.829286291369129,8.277958558413594]]]}},
{"type":"Feature","properties":{"fid":294,"landuse":7},"geometry":{"type":"Polygon","coordinates":[[[124.84643999087973,8.277879618767159],[124.846439148380767,8.277698804694474],[124.84634838855338,8.27769922429149],[124.846347967331738,8.27760881724986],[124.846529486940412,8.277607978044523],[124.84653075074371,8.277879199140258],[124.84643999087973,8.277879618767159]]]}},
{"type":"Feature","properties":{"fid":295,"landuse":7},"geometry":{"type":"Polygon","coordinates":[[[124.832828884680751,8.278575183630096],[124.832827630145218,8.27830396044701],[124.832736869482247,8.278304376982039],[124.832734778787582,8.277852338311929],[124.832825539347112,8.277851921799952],[124.832824703060965,8.277671106338124],[124.83300622408315,8.27767027327082],[124.833005805905813,8.277579865548484],[124.833187326867744,8.277579032408012],[124.833187745086462,8.277669440121127],[124.833278505581006,8.277669023515378],[124.833278923825119,8.277759431223453],[124.833369684335608,8.277759014592496],[124.833370102605144,8.277849422295526],[124.833460863131592,8.277849005639364],[124.833461281426509,8.277939413337355],[124.833552041968915,8.27793899665598],[124.833553715278555,8.278300627425201],[124.833462954653427,8.278301044125026],[124.833463791295259,8.278481859516283],[124.83337303062406,8.278482276204732],[124.833373448931368,8.278572683904331],[124.832828884680751,8.278575183630096]]]}},
{"type":"Feature","properties":{"fid":296,"landuse":10},"geometry":{"type":"Polygon","coordinates":[[[124.832915463574409,8.277670689814773],[124.832915045417764,8.277580282087827],[124.833005805905813,8.277579865548484],[124.83300622408315,8.27767027327082],[124.832915463574409,8.277670689814773]]]}},
{"type":"Feature","properties":{"fid":297,"landuse":10},"geometry":{"type":"Polygon","coordinates":[[[124.833187745086462,8.277669440121127],[124.833187326867744,8.277579032408012],[124.833278087341625,8.277578615806876],[124.833278505581006,8.277669023515378],[124.833187745086462,8.277669440121127]]]}},
{"type":"Feature","properties":{"fid":298,"landuse":7},"geometry":{"type":"Polygon","coordinates":[[[124.8295598258794,8.278228534836],[124.829559408459517,8.278138126941188],[124.829468647667952,8.278138542725431],[124.829468230273463,8.278048134825587],[124.829377469497857,8.278048550584627],[124.829375382699524,8.277596511055956],[124.829466143371718,8.277596095319925],[124.829465726005509,8.277505687417504],[124.829828768564425,8.277504024285809],[124.829829186013342,8.277594432169822],[124.82991994666196,8.2775940163308],[124.829920364136242,8.277684424209777],[124.830011124800833,8.277684008345556],[124.8300132123465,8.278136047710989],[124.829922451578526,8.278136463598226],[124.829922869081145,8.278226871474628],[124.8295598258794,8.278228534836]]]}},
{"type":"Feature","properties":{"fid":299,"landuse":10},"geometry":{"type":"Polygon","coordinates":[[[124.833005805905813,8.277579865548484],[124.833004969565323,8.277399050102522],[124.833095730007287,8.277398633551808],[124.833095311823456,8.277308225832796],[124.833186072240011,8.277307809266095],[124.833185654040221,8.277217401551264],[124.833367174817838,8.277216568365292],[124.833367593058995,8.2773069760709],[124.833276832651862,8.277307392678795],[124.83327725087706,8.277397800388583],[124.833186490444533,8.277398216980494],[124.833187326867744,8.277579032408012],[124.833005805905813,8.277579865548484]]]}},
{"type":"Feature","properties":{"fid":300,"landuse":7},"geometry":{"type":"Polygon","coordinates":[[[124.833185654040221,8.277217401551264],[124.833184817654825,8.277036586120314],[124.83345709869009,8.277035336338132],[124.833457935199561,8.277216151741412],[124.833185654040221,8.277217401551264]]]}},
{"type":"Feature","properties":{"fid":301,"landuse":2},"geometry":{"type":"Polygon","coordinates":[[[124.845672027811432,8.28837061260522],[124.845671606193619,8.288280205577152],[124.845580843902582,8.288280625531982],[124.845579579139823,8.288009404431277],[124.845488816906126,8.288009824351555],[124.845487130705237,8.287648196192688],[124.845396368549586,8.287648616073772],[124.845395525519109,8.287467801982475],[124.845304763400094,8.287468221833652],[124.845303920430055,8.28728740773135],[124.845213158347704,8.287287827552626],[124.84521231543809,8.287107013439321],[124.845121553392389,8.287107433230691],[124.845120710543199,8.286926619106382],[124.845029948534133,8.286927038867844],[124.845029527137385,8.286836631800403],[124.844848003146382,8.286837471252193],[124.84484758179579,8.28674706417504],[124.844756819813838,8.28674748386536],[124.844755977168347,8.286566669700484],[124.844665215223046,8.286567089360906],[124.844663951352572,8.286295868096442],[124.844573189464612,8.286296287722326],[124.844572346949462,8.286115473534588],[124.844663108796027,8.286115053917987],[124.84465805385635,8.285030168811133],[124.844567292258176,8.285030588372052],[124.84456518633894,8.284578552869393],[124.844655947833644,8.284578133331674],[124.844654684277103,8.284306912038844],[124.844745445704973,8.284306492494434],[124.84474291859614,8.283764049925004],[124.844833679895089,8.283763630387826],[124.844830731673056,8.283130780736423],[124.844739970518944,8.283131200241117],[124.844738707128627,8.282859978941579],[124.844647946031841,8.282860398411742],[124.844646682746415,8.282589177094414],[124.844555921706956,8.282589596530046],[124.844549606232263,8.281233489815786],[124.8446403669614,8.281233070449755],[124.844637840947044,8.280690627764821],[124.844728601547331,8.280690208406027],[124.844726075580084,8.280147765733471],[124.844635315103915,8.280148185064423],[124.844634052246562,8.279876963708425],[124.844543291827691,8.279877383004855],[124.844542870905428,8.279786975880686],[124.844452110502488,8.279787395151873],[124.844451268713598,8.279606580892974],[124.844360508347251,8.279607000134279],[124.844360087480638,8.279516592999542],[124.844178566775057,8.279517431411069],[124.84417814595453,8.279427024266628],[124.84408738561531,8.279427443436848],[124.844086964820235,8.279337036287338],[124.844177725138778,8.279336617121755],[124.844175621131384,8.278884581390958],[124.844084860916212,8.278885000533343],[124.844084019387878,8.278704186228738],[124.843993259209341,8.278704605341247],[124.843992838473,8.278614198183663],[124.84390207831035,8.278614617270932],[124.843900816191876,8.278343395781683],[124.843991576292467,8.278342976708329],[124.843990734862544,8.278162162389291],[124.844081494917035,8.278161743304613],[124.844080653464772,8.27798092899314],[124.844171413473148,8.277980509897143],[124.844170992733481,8.277890102745399],[124.844261752716434,8.277889683633443],[124.84425880752714,8.277256833591688],[124.844349567360567,8.277256414491609],[124.844346622259579,8.276623564461284],[124.844437381943536,8.276623145373087],[124.844436540487536,8.276442331084121],[124.844618059758517,8.276441492864505],[124.844618901297181,8.276622307134907],[124.844709660966856,8.276621887984925],[124.844710502565931,8.27680270224433],[124.844801262272199,8.276802283064475],[124.844801683099533,8.276892690188893],[124.844892442821731,8.276892270983801],[124.844892863674517,8.276982678103149],[124.844983623412617,8.276982258872819],[124.844984465173795,8.277163073100946],[124.845075224948502,8.277162653840739],[124.84507564585688,8.277253060949517],[124.845166405647532,8.277252641664074],[124.845167668463247,8.277523862973906],[124.845258428311169,8.277523443653939],[124.845260533202591,8.277975479138529],[124.845169773251314,8.277975898481703],[124.845178193592915,8.279784040405511],[124.845268953957827,8.279783620969503],[124.84527063833724,8.280145249315082],[124.845361398780099,8.280144829839903],[124.845366031443561,8.281139307703731],[124.845456792109218,8.281138888156885],[124.845457634514901,8.281319702299079],[124.845548395217151,8.281319282722341],[124.845548816447831,8.28140968978815],[124.846002619991154,8.281407591572162],[124.846002198657075,8.281317184529568],[124.846274480663922,8.281315925366629],[124.84627490206006,8.28140633239529],[124.846093380685573,8.281407171867144],[124.84609380204509,8.281497578904661],[124.845912280610207,8.28149841830338],[124.845912701933116,8.281588825349756],[124.845821941187836,8.281589245022849],[124.845823626444414,8.28195087322263],[124.845732865611609,8.281951292893687],[124.845733286916939,8.282041699947202],[124.845642526058725,8.282042119602293],[124.845643789941249,8.282313340774188],[124.845553029016187,8.282313760422598],[124.845553871586958,8.28249457454433],[124.845644632553388,8.282494154886635],[124.845648003192395,8.283217411319233],[124.845738764319591,8.283216991603785],[124.845741714023404,8.283849840927248],[124.84583247529072,8.283849421158685],[124.845832896716715,8.283939828198532],[124.845742135428708,8.283940247971739],[124.84574339967314,8.284211469102628],[124.845652638318327,8.28421188886915],[124.845659381347616,8.285658401576182],[124.845750143033598,8.285657981735374],[124.845750564534058,8.285748388771266],[124.84584132623597,8.285747968905197],[124.845843012368306,8.286109597025895],[124.84593377414825,8.286109177120636],[124.845935038859565,8.286380398192714],[124.846116562529346,8.286379558292477],[124.846116984150697,8.286469965306356],[124.846298507842874,8.286469125314351],[124.846298929510382,8.286559532318513],[124.846571215075002,8.28655827216193],[124.84657501085583,8.287371935054619],[124.846484248819408,8.287372355169236],[124.846485092337247,8.287553169149948],[124.84639433025464,8.287553589253234],[124.846395173750111,8.287734403241519],[124.846304411621347,8.287734823333475],[124.846304833355518,8.287825230331615],[124.846214071201302,8.287825650407591],[124.846214492919529,8.287916057409946],[124.846123730739848,8.28791647746994],[124.846124152442115,8.288006884476513],[124.846033390236968,8.288007304520532],[124.846033811923306,8.288097711531316],[124.845943049692693,8.288098131559355],[124.845943893038267,8.288278945588916],[124.845853130761469,8.28827936560562],[124.845853552420678,8.288369772624401],[124.845672027811432,8.28837061260522]]]}},
{"type":"Feature","properties":{"fid":302,"landuse":2},"geometry":{"type":"Polygon","coordinates":[[[124.841899890573018,8.277448537505306],[124.841899050189298,8.27726772296443],[124.841808290227561,8.277268141508406],[124.841806189454786,8.276816105125532],[124.841896949313167,8.276815686604719],[124.841894848555739,8.276363650234277],[124.841985608306004,8.276363231716035],[124.84198476799493,8.276182417174118],[124.842075527699066,8.27618199864455],[124.842077208422907,8.276543627708131],[124.84225872798234,8.276542790550145],[124.842261249458687,8.277085234077028],[124.84217048955729,8.277085652694122],[124.842171330046057,8.277266467208916],[124.842080570098545,8.277266885814685],[124.842080990329393,8.27735729307607],[124.841990230356458,8.277357711665873],[124.841990650571361,8.277448118931465],[124.841899890573018,8.277448537505306]]]}},
{"type":"Feature","properties":{"fid":303,"landuse":7},"geometry":{"type":"Polygon","coordinates":[[[124.846165605357712,8.27742884226968],[124.84616518419169,8.277338435217471],[124.846074424432729,8.277338854734118],[124.846073582156322,8.277158040619133],[124.845982822433953,8.277158460105895],[124.845982401323568,8.277068053043108],[124.845891641617101,8.277068472504633],[124.845890799451965,8.276887658368491],[124.845800039782105,8.27688807780013],[124.845799197677323,8.276707263652984],[124.845889957305843,8.276706844230631],[124.84588785202385,8.276254808878468],[124.845978611544254,8.276254389458739],[124.845977348370141,8.275983168256218],[124.84624962671667,8.275981909915256],[124.846256365132589,8.277428422727793],[124.846165605357712,8.27742884226968]]]}},
{"type":"Feature","properties":{"fid":304,"landuse":5},"geometry":{"type":"Polygon","coordinates":[[[124.833361319938163,8.275950860441727],[124.833360901767904,8.275860452729683],[124.833451661839518,8.275860036174983],[124.833452080030426,8.275950443882415],[124.833361319938163,8.275950860441727]]]}},
{"type":"Feature","properties":{"fid":305,"landuse":11},"geometry":{"type":"Polygon","coordinates":[[[124.831452850563153,8.275417156570709],[124.831452432855386,8.275326748759291],[124.83154319290216,8.275326332664692],[124.831543610630618,8.275416740471503],[124.831452850563153,8.275417156570709]]]}},
{"type":"Feature","properties":{"fid":306,"landuse":11},"geometry":{"type":"Polygon","coordinates":[[[124.83145076207154,8.274965117509332],[124.831450344387363,8.274874709695768],[124.831631864269511,8.27487387753205],[124.831632281994985,8.274964285336397],[124.83145076207154,8.274965117509332]]]}},
{"type":"Feature","properties":{"fid":307,"landuse":2},"geometry":{"type":"Polygon","coordinates":[[[124.844886551382459,8.275626571267836],[124.844885709824382,8.275445757015827],[124.844794950432956,8.275446176146668],[124.844792846724374,8.274994140485934],[124.844883606012445,8.274993721378294],[124.844883185264322,8.274903314249501],[124.84497394452697,8.274902895125912],[124.844973523762945,8.274812488001329],[124.84506428300017,8.274812068861793],[124.845064703784871,8.274902475981733],[124.845155463037997,8.274902056816966],[124.845154621432002,8.274721242585933],[124.845245380639057,8.27472082340986],[124.845248747342524,8.275444080286546],[124.84515798797014,8.275444499499752],[124.845157567136212,8.27535409238703],[124.845066807779716,8.275354511575003],[124.845067649410979,8.275535325809306],[124.844976890008382,8.275535744985973],[124.844977310810478,8.275626152107121],[124.844886551382459,8.275626571267836]]]}},
{"type":"Feature","properties":{"fid":308,"landuse":2},"geometry":{"type":"Polygon","coordinates":[[[124.845245380639057,8.27472082340986],[124.845244959822523,8.27463041629834],[124.845335719004126,8.274629997106318],[124.845336139841336,8.274720404213193],[124.845245380639057,8.27472082340986]]]}},
{"type":"Feature","properties":{"fid":309,"landuse":7},"geometry":{"type":"Polygon","coordinates":[[[124.845339506710189,8.275443661052746],[124.845339085834908,8.275353253949303],[124.845248326487948,8.275353673178461],[124.845245380639057,8.27472082340986],[124.845336139841336,8.274720404213193],[124.845335298171705,8.274539589999012],[124.84542605732787,8.274539170791041],[124.845430266073052,8.275443241798355],[124.845339506710189,8.275443661052746]]]}},
{"type":"Feature","properties":{"fid":310,"landuse":7},"geometry":{"type":"Polygon","coordinates":[[[124.841433069901683,8.274648003770885],[124.841432230019123,8.274467189157063],[124.841522989358992,8.274466770839069],[124.841523829282906,8.274647585443626],[124.841433069901683,8.274648003770885]]]}},
{"type":"Feature","properties":{"fid":311,"landuse":11},"geometry":{"type":"Polygon","coordinates":[[[124.831358331477105,8.274603902289657],[124.831357913832491,8.274513494469772],[124.831448673697963,8.274513078437225],[124.83144909136324,8.274603486252504],[124.831358331477105,8.274603902289657]]]}},
{"type":"Feature","properties":{"fid":312,"landuse":2},"geometry":{"type":"Polygon","coordinates":[[[124.845335298171705,8.274539589999012],[124.845334877344015,8.274449182891278],[124.845425636479519,8.27444876368795],[124.84542605732787,8.274539170791041],[124.845335298171705,8.274539589999012]]]}},
{"type":"Feature","properties":{"fid":313,"landuse":7},"geometry":{"type":"Polygon","coordinates":[[[124.842069225661504,8.274825889594947],[124.842068805563642,8.274735482321537],[124.841978046190263,8.274735900776967],[124.841976365929042,8.274374271660509],[124.842430162335191,8.27437217927014],[124.842431002662977,8.274552993782891],[124.842521761971298,8.274552575233779],[124.842522182163009,8.274642982484874],[124.842431422833997,8.274643401038617],[124.842431843009777,8.274733808293918],[124.84234108365537,8.274734226831708],[124.84234150381522,8.274824634091217],[124.842069225661504,8.274825889594947]]]}},
{"type":"Feature","properties":{"fid":314,"landuse":11},"geometry":{"type":"Polygon","coordinates":[[[124.831725130751323,8.275415908211311],[124.831724712981554,8.275325500413718],[124.83154319290216,8.275326332664692],[124.831542775178434,8.275235924857455],[124.831633535199842,8.275235508746871],[124.831633117460157,8.275145100943808],[124.831542357459455,8.275145517049783],[124.831541939745165,8.275055109241686],[124.831632699725219,8.275054693140317],[124.831632281994985,8.274964285336397],[124.831723041949644,8.274963869219045],[124.83172011782564,8.274331014611853],[124.831992397227168,8.274329766233016],[124.831991979452056,8.274239358444097],[124.832082739222471,8.274238942281247],[124.8320823214314,8.274148534496506],[124.832626879830556,8.274146037114699],[124.832628551519235,8.274507668140462],[124.832447031906383,8.2745085007203],[124.832447449799005,8.274598908484888],[124.832356689964826,8.274599324748527],[124.832357107841517,8.274689732517297],[124.832084828248625,8.274690981198514],[124.832086499554578,8.275052612324602],[124.83199573959817,8.275053028528928],[124.831996993065218,8.275324251882818],[124.831906233042062,8.275324668080378],[124.831906650853185,8.275415075868754],[124.831725130751323,8.275415908211311]]]}},
{"type":"Feature","properties":{"fid":315,"landuse":2},"geometry":{"type":"Polygon","coordinates":[[[124.845242014240071,8.273997566505694],[124.845241593461594,8.273907159390744],[124.845332352477854,8.273906740235853],[124.845332773276979,8.273997147346163],[124.845242014240071,8.273997566505694]]]}},
{"type":"Feature","properties":{"fid":316,"landuse":2},"geometry":{"type":"Polygon","coordinates":[[[124.829083493428897,8.273348585397828],[124.829082659309961,8.273167769515419],[124.829173418983387,8.273167354066642],[124.82917258484197,8.272986538191718],[124.829354104092005,8.272985707250809],[124.829355772559012,8.273347338962125],[124.829083493428897,8.273348585397828]]]}},
{"type":"Feature","properties":{"fid":317,"landuse":7},"geometry":{"type":"Polygon","coordinates":[[[124.845333194080865,8.274087554456045],[124.845331510893857,8.273725926013944],[124.845240751918936,8.273726345159549],[124.845238648145539,8.273274309574052],[124.845329407017132,8.273273890451659],[124.845326882522087,8.272731447762752],[124.84541764126493,8.272731028647621],[124.845417220511735,8.272640621535942],[124.845598737941827,8.27263978325321],[124.845598317152081,8.272549376150387],[124.846052110540725,8.272547280106545],[124.846052531433799,8.272637687186153],[124.846143290117894,8.272637267910985],[124.846145815700311,8.273179710351757],[124.846055056892226,8.273180129654781],[124.846056740626352,8.273541757958617],[124.84614749951713,8.273541338637013],[124.846149604395237,8.273993373983927],[124.845695809377119,8.273995470502161],[124.845694546745989,8.27372424922565],[124.845422269864017,8.27372550684775],[124.845423953133704,8.274087135271284],[124.845333194080865,8.274087554456045]]]}},
{"type":"Feature","properties":{"fid":318,"landuse":7},"geometry":{"type":"Polygon","coordinates":[[[124.840609939390802,8.273295657518938],[124.840609519704344,8.273205250164128],[124.840518760606329,8.273205668211407],[124.840515823078718,8.272572816683278],[124.840606582032095,8.272572398668409],[124.84060532310086,8.272301176592377],[124.840696081987502,8.272300758570813],[124.840695662332564,8.272210351215907],[124.841058697748949,8.272208678942329],[124.841059117486495,8.272299086278714],[124.841149876349391,8.272298668154228],[124.841151135652552,8.272569890146904],[124.841241894572704,8.272569471987943],[124.841242314370575,8.272659879313347],[124.841423832237936,8.272659042924403],[124.841424252081893,8.272749450240115],[124.841515011029102,8.272749032010134],[124.841516270651454,8.273020253940789],[124.841334752628271,8.27302109040796],[124.841335172470551,8.273111497726587],[124.841153654387071,8.273112334120677],[124.841154074192758,8.273202741448136],[124.840972556048939,8.273203577769145],[124.840972975818033,8.273293985105434],[124.840609939390802,8.273295657518938]]]}},
{"type":"Feature","properties":{"fid":319,"landuse":2},"geometry":{"type":"Polygon","coordinates":[[[124.839884705364994,8.273479816140208],[124.839884285834387,8.273389408749217],[124.839793526657076,8.273389826641063],[124.839792687651425,8.273209011848543],[124.839883446787397,8.273208593965954],[124.839881768750359,8.272846964394272],[124.839791009697038,8.272847382258348],[124.839787234577173,8.272033715655308],[124.840241028866387,8.27203162633735],[124.840241448408491,8.272122033716263],[124.840422966132294,8.272121197835737],[124.840423805313378,8.272302012573753],[124.840514564209499,8.272301594593358],[124.84051792128902,8.273024853491227],[124.840336403161416,8.273025689505513],[124.840336822776365,8.273116096875077],[124.840155304588464,8.273116932816274],[124.840156143749951,8.273297747572624],[124.840065384607556,8.273298165521604],[124.840065804174756,8.273388572903764],[124.839975045006938,8.273388990836786],[124.839975464558208,8.273479398223147],[124.839884705364994,8.273479816140208]]]}},
{"type":"Feature","properties":{"fid":320,"landuse":11},"geometry":{"type":"Polygon","coordinates":[[[124.837967866240049,8.271137992812054],[124.837967028297982,8.270957177813051],[124.83814854572168,8.270956343081917],[124.838149383746398,8.271137158062427],[124.837967866240049,8.271137992812054]]]}},
{"type":"Feature","properties":{"fid":321,"landuse":2},"geometry":{"type":"Polygon","coordinates":[[[124.836502749780962,8.26834203287579],[124.836502331284933,8.268251625289265],[124.836593089455221,8.268251208401871],[124.836593507971941,8.268341615983777],[124.836502749780962,8.26834203287579]]]}},
{"type":"Feature","properties":{"fid":322,"landuse":2},"geometry":{"type":"Polygon","coordinates":[[[124.835049781755359,8.268167885028646],[124.835049363599239,8.268077477367376],[124.83514012180396,8.268077060818397],[124.835140539980742,8.268167468475053],[124.835049781755359,8.268167885028646]]]}},
{"type":"Feature","properties":{"fid":323,"landuse":2},"geometry":{"type":"Polygon","coordinates":[[[124.838591443916343,8.268603661592346],[124.838591024931063,8.268513254113417],[124.83850026680301,8.268513671467311],[124.838499009937522,8.268242449014078],[124.838589768003587,8.268242031674061],[124.838585997477182,8.267428364332835],[124.838767513223388,8.267427529674332],[124.838767932193107,8.267517937149156],[124.838858690079761,8.267517519784423],[124.838859109074875,8.267607927254193],[124.838949866977416,8.267607509864261],[124.838950285997939,8.267697917328976],[124.83904104391641,8.267697499913846],[124.8390414629623,8.267787907373506],[124.839132220896673,8.267787489933179],[124.839134735395547,8.268329934654375],[124.839043977337255,8.268330352122462],[124.839044815500159,8.268511167035349],[124.83895405739581,8.268511584492112],[124.838954476463741,8.268601991952536],[124.838591443916343,8.268603661592346]]]}},
{"type":"Feature","properties":{"fid":324,"landuse":5},"geometry":{"type":"Polygon","coordinates":[[[124.833774987646152,8.267269637340698],[124.833774569826431,8.267179229610543],[124.833865327890848,8.267178813395722],[124.833865745731231,8.267269221121268],[124.833774987646152,8.267269637340698]]]}},
{"type":"Feature","properties":{"fid":325,"landuse":2},"geometry":{"type":"Polygon","coordinates":[[[124.839037272716666,8.266883832757605],[124.839036853718184,8.266793425293661],[124.839127611425411,8.266793007904219],[124.839128030444527,8.266883415363539],[124.839037272716666,8.266883832757605]]]}},
{"type":"Feature","properties":{"fid":326,"landuse":2},"geometry":{"type":"Polygon","coordinates":[[[124.837675068857095,8.266709276133113],[124.837673812833501,8.266438053529315],[124.837946085906438,8.26643680228041],[124.837947342115882,8.266708024842606],[124.837675068857095,8.266709276133113]]]}},
{"type":"Feature","properties":{"fid":327,"landuse":7},"geometry":{"type":"Polygon","coordinates":[[[124.841846983498158,8.266057218077039],[124.841846563902266,8.265966810752747],[124.842028078646109,8.265965974761354],[124.842028498283284,8.266056382076378],[124.841846983498158,8.266057218077039]]]}},
{"type":"Feature","properties":{"fid":328,"landuse":7},"geometry":{"type":"Polygon","coordinates":[[[124.833864910055226,8.267088405669748],[124.833864492224308,8.266997997943342],[124.833682976173321,8.266998830333955],[124.833679216279535,8.266185160694009],[124.8335884584328,8.266185576816946],[124.833588040711106,8.26609516907242],[124.833678798537193,8.266094752954094],[124.833678380799583,8.266004345213751],[124.833769138600317,8.266003929079469],[124.833768720846777,8.265913521343307],[124.834040994158613,8.26591227283089],[124.834040576347874,8.265821865108139],[124.834222091824159,8.265821032672914],[124.834222509676195,8.265911440386438],[124.834313267427888,8.265911024133358],[124.834313685305318,8.266001431841838],[124.834404443072927,8.266001015563578],[124.834406532634176,8.266453054076473],[124.834497290500309,8.26645263775457],[124.834497708447401,8.26654304545125],[124.834406950560606,8.266543461777765],[124.834407786427676,8.266724277179067],[124.83431702849488,8.266724693494242],[124.834317446414857,8.26681510119886],[124.834226688456667,8.266815517498081],[124.834227106360714,8.266905925206888],[124.834136348377157,8.266906341490149],[124.834136766265303,8.266996749203141],[124.834046008256351,8.266997165470446],[124.834046426128566,8.267087573187625],[124.833864910055226,8.267088405669748]]]}},
{"type":"Feature","properties":{"fid":329,"landuse":2},"geometry":{"type":"Polygon","coordinates":[[[124.834495618759263,8.26609100696357],[124.834494365003138,8.265819783865815],[124.834585122719986,8.26581936755565],[124.834585540654615,8.265909775250716],[124.834676298387393,8.265909358915364],[124.834677134312145,8.266090174294975],[124.834495618759263,8.26609100696357]]]}},
{"type":"Feature","properties":{"fid":330,"landuse":2},"geometry":{"type":"Polygon","coordinates":[[[124.841047786238349,8.269858088045789],[124.841046947024282,8.269677273349425],[124.840956188755783,8.269677691319027],[124.840952412713349,8.268864025122486],[124.840861654626011,8.26886444302983],[124.84085871811449,8.268231591487195],[124.840767960166986,8.268232009341553],[124.840765862904405,8.267779972489366],[124.840675105055396,8.267780390299999],[124.840674685637779,8.267689982923645],[124.840765443466111,8.267689565117641],[124.840764185179751,8.267418342999894],[124.840854942941377,8.26741792518721],[124.84085452350142,8.267327517818401],[124.840945281237694,8.267327099989776],[124.840944442330724,8.267146285260131],[124.841035200020926,8.267145867420195],[124.841033941634137,8.266874645336404],[124.841124699257634,8.266874227489794],[124.841121763043361,8.266241375978359],[124.841031005564389,8.266241793792554],[124.841028069727244,8.26560894222769],[124.841118827061678,8.265608524445911],[124.841117988252492,8.265427709718498],[124.841208745540882,8.265427291925418],[124.841208326122768,8.265336884565698],[124.841662112390296,8.265334795314956],[124.841662531911638,8.265425202651516],[124.841753289171564,8.265424784735037],[124.841753708718301,8.265515192066534],[124.8418444659941,8.265514774124853],[124.841844885566232,8.265605181451287],[124.841754128269798,8.265605599397599],[124.841754547826028,8.265696006728243],[124.84184530514311,8.265695588777296],[124.841846983498158,8.266057218077039],[124.842028498283284,8.266056382076378],[124.842029757223287,8.26632760401888],[124.842120514670668,8.266327185973802],[124.842121773715377,8.266598407898543],[124.842212531219943,8.266597989818989],[124.842213370648125,8.266778804424076],[124.842304128189255,8.266778386314684],[124.842305387429093,8.267049608205189],[124.842396145027422,8.267049190061327],[124.842397404371937,8.267320411934071],[124.842488162027465,8.267319993755732],[124.842489001655551,8.267500808326146],[124.842579759347629,8.267500390117968],[124.84258017918944,8.267590797397897],[124.842670936897406,8.267590379164512],[124.842673456171951,8.268132822807269],[124.842582698340067,8.268133241068467],[124.842583957979514,8.268404462897962],[124.842493200080909,8.268404881152488],[124.842495719364152,8.2689473248277],[124.842404961336882,8.268947743089459],[124.842405801094642,8.269128557653705],[124.842224284943228,8.269129394134037],[124.842224704787924,8.269219801424782],[124.842133946684427,8.269220219638719],[124.842134366513235,8.269310626933668],[124.842043608384344,8.269311045131662],[124.842044028197236,8.26940145243082],[124.841862511883875,8.269402288774343],[124.841862931660188,8.269492696082336],[124.841681415286558,8.26949353235282],[124.841681835026307,8.269583939669651],[124.841591076811696,8.269584357778662],[124.841591496535557,8.269674765099694],[124.84140998005077,8.269675601265247],[124.841410399738066,8.269766008595118],[124.841319641467905,8.26976642665166],[124.841320061139285,8.269856833985733],[124.841047786238349,8.269858088045789]]]}},
{"type":"Feature","properties":{"fid":331,"landuse":2},"geometry":{"type":"Polygon","coordinates":[[[124.842930194545275,8.264786499038472],[124.842929774768152,8.264696091763792],[124.84283901773513,8.26469650991055],[124.842838597983416,8.264606102630806],[124.842929354995775,8.264605684488679],[124.842928935228159,8.264515277213139],[124.843019692215108,8.264514859055089],[124.843020531796398,8.264695673596467],[124.843111288819912,8.264695255408578],[124.843111708638332,8.26478566267399],[124.842930194545275,8.264786499038472]]]}},
{"type":"Feature","properties":{"fid":332,"landuse":7},"geometry":{"type":"Polygon","coordinates":[[[124.83095689594964,8.266288043312485],[124.830955644580939,8.266016819677919],[124.83086488663379,8.266017235174582],[124.830861967083209,8.265384379980018],[124.830771209275881,8.265384795423872],[124.830770792236748,8.265294387532613],[124.830861550023471,8.265293972093364],[124.830860298872466,8.265022748430839],[124.830769541147703,8.265023163856274],[124.830768290101119,8.264751940176074],[124.830677532433583,8.264752355567126],[124.830677115448125,8.264661947668266],[124.830767873095027,8.264661532281817],[124.830767456093682,8.26457112438713],[124.831130486551515,8.264569462654112],[124.831130069472309,8.26447905477742],[124.831311584631607,8.264478223796736],[124.831312001752124,8.264568631664213],[124.831402759345337,8.264568216138418],[124.831403176491222,8.264658624000864],[124.831493934100351,8.264658208449893],[124.831495185628242,8.264929432020828],[124.831404427957168,8.264929847585618],[124.831406513828185,8.265381886884979],[124.83131575604915,8.265382302452235],[124.831316173216891,8.265472710315429],[124.831406931016559,8.265472294743564],[124.831409851467328,8.266105149741671],[124.831319093523135,8.266105565345782],[124.831319927938836,8.26628638106488],[124.83095689594964,8.266288043312485]]]}},
{"type":"Feature","properties":{"fid":333,"landuse":2},"geometry":{"type":"Polygon","coordinates":[[[124.832652381297279,8.279660909511563],[124.832651963098698,8.279570501780228],[124.83247044117013,8.279571334876366],[124.832470023017635,8.27948092713538],[124.832288501111535,8.279481760139888],[124.832286828714231,8.279120129134787],[124.832196067836833,8.2791205455877],[124.832195649769986,8.279030137830741],[124.832104888908546,8.279030554258442],[124.832104052830402,8.278849738734021],[124.832194813650517,8.278849322315537],[124.832194395597838,8.278758914557292],[124.832103634798429,8.278759330971171],[124.832102798748636,8.278578515444174],[124.83192127721837,8.278579348191693],[124.831920859241919,8.278488940418331],[124.832011619988734,8.278488524059481],[124.832011201996352,8.278398116290301],[124.831920441270213,8.278398532644543],[124.831920023303212,8.278308124870323],[124.831829262593033,8.27830854119936],[124.831828426714566,8.278127725640422],[124.831737666040993,8.278128141939638],[124.831737248129542,8.278037734154918],[124.831646487471957,8.27803815042893],[124.83164565170452,8.277857334848983],[124.831464130457888,8.277858167316783],[124.831463712622622,8.277767759516953],[124.831372952012885,8.277768175715348],[124.831373369827475,8.277858583519784],[124.831282609192357,8.27785899970219],[124.831283862602433,8.278130223126752],[124.831193101900553,8.278130639302377],[124.831193519692661,8.278221047114309],[124.831102758965386,8.278221463273942],[124.831106101306872,8.278944725790824],[124.831015340409436,8.278945141966705],[124.831015758202668,8.279035549783988],[124.830834236352274,8.279036382083159],[124.83083465410887,8.279126789909228],[124.830743893155898,8.279127206032515],[124.830743475419979,8.279036798201844],[124.830561953541235,8.279037630377408],[124.830561535851373,8.278947222537097],[124.830470774925629,8.278947638589374],[124.830470357261177,8.278857230744027],[124.830288835436846,8.278858062777564],[124.830288000204845,8.278677247067169],[124.830197239326949,8.27867766304383],[124.830195986576385,8.278406439461204],[124.830014464930528,8.278407271325099],[124.830014047397796,8.27831686345416],[124.829832525774435,8.278317695226447],[124.829832108287775,8.278227287345871],[124.829922869081145,8.278226871474628],[124.829922451578526,8.278136463598226],[124.8300132123465,8.278136047710989],[124.830011124800833,8.277684008345556],[124.829920364136242,8.277684424209777],[124.82991994666196,8.2775940163308],[124.829829186013342,8.277594432169822],[124.829828768564425,8.277504024285809],[124.829647247294417,8.27750485589285],[124.829646829891601,8.277414447999206],[124.829919111727492,8.277413200571555],[124.829918694267349,8.277322792691294],[124.830190975998789,8.277321545092077],[124.830191393520963,8.277411952958531],[124.830372914693015,8.277411121113527],[124.830372079570651,8.277230305398607],[124.830281319028344,8.277230721322198],[124.830280066442256,8.276959497732786],[124.830189305957248,8.276959913621969],[124.830188888458665,8.276869505753369],[124.830098127989643,8.276869921617351],[124.830096875584232,8.276598697995167],[124.830187635991237,8.276598282144995],[124.83018721851154,8.276507874274678],[124.83027797889315,8.276507458408515],[124.830277143906528,8.276326642675805],[124.83045866457293,8.276325810900111],[124.830458247045357,8.276235403042321],[124.830549007350797,8.276234987128186],[124.830547337205005,8.27587335571115],[124.830638097423034,8.275872939794843],[124.830636844801219,8.275601716241376],[124.830727604952514,8.275601300318289],[124.830726769853555,8.275420484623043],[124.830817529958779,8.275420068688572],[124.830816694837381,8.275239253000821],[124.830725934773511,8.275239668926082],[124.830725099712311,8.275058853227399],[124.830634339685062,8.275059269122858],[124.830633087190691,8.274788045557804],[124.830542327220741,8.274788461418854],[124.830541492289427,8.274607645697468],[124.830632252218038,8.274607229845627],[124.83063183473881,8.274516821988897],[124.830541074830847,8.274517237836131],[124.830538987608776,8.274065198523004],[124.830629747413397,8.274064782698792],[124.830629329962463,8.273974374839488],[124.830720089741689,8.273973958999292],[124.830719672274824,8.273883551144161],[124.830810432028656,8.273883135287983],[124.830810014545833,8.273792727437028],[124.831263813140836,8.27379064787034],[124.831262977982703,8.273609832213205],[124.831353737646197,8.273609416247318],[124.831354572845683,8.273790231895241],[124.831626851931858,8.273788983846403],[124.831627687274249,8.27396979946497],[124.831718447001535,8.273969383398303],[124.831718864700477,8.274059791202333],[124.831628104952529,8.274060207273608],[124.831628522635512,8.274150615081819],[124.831447003084108,8.274151447171821],[124.83144658544245,8.274061039354397],[124.831355825680319,8.274061455363908],[124.8313562433013,8.274151863185937],[124.831265483513818,8.274152279179466],[124.83126673634311,8.274423502656804],[124.831175976488865,8.274423918643565],[124.831176394087407,8.274514326473094],[124.831085634207753,8.274514742443868],[124.831086469377681,8.274695558110848],[124.831177229298646,8.274695142130861],[124.831178899777768,8.275056773441252],[124.831269659776709,8.275056357422246],[124.831271330414097,8.275417988707344],[124.831180570332464,8.275418404744775],[124.831183076306132,8.27596085168719],[124.831092316095749,8.275961267731669],[124.831093151416738,8.276142083384919],[124.831183911668461,8.276141667331231],[124.831184329356716,8.276232075152606],[124.831093569084302,8.276232491210903],[124.831094404433628,8.276413306861578],[124.831185164747367,8.276412890794072],[124.831185582449791,8.276503298614159],[124.831276342779475,8.276502882521454],[124.831278013719043,8.276864513779088],[124.831368774126716,8.27686409764736],[124.831369609666169,8.277044913264392],[124.831551130550068,8.277044080920716],[124.831551548368239,8.277134488719373],[124.831642308823774,8.277134072512032],[124.83164189098494,8.277043664717983],[124.831732651415052,8.277043248494657],[124.831732233560274,8.276952840704787],[124.831822993965019,8.27695242446547],[124.831822158228249,8.276771608893652],[124.831912918586909,8.276771192642958],[124.831912082827671,8.276590377078641],[124.832093603448143,8.276589544533895],[124.832092767625085,8.276408728986297],[124.832183527886897,8.276408312692249],[124.8321826920414,8.276227497152155],[124.832273452257112,8.276227080846729],[124.832273034320778,8.276136673080646],[124.83236379451111,8.276136256759234],[124.832362540668441,8.27586503347224],[124.832271780540125,8.275865449779822],[124.83227094470999,8.275684634243795],[124.832180184618295,8.275685050521567],[124.832179766730988,8.275594642748301],[124.832089006655252,8.275595059000867],[124.832088170936146,8.275414243443826],[124.831997410897031,8.275414659666586],[124.83199573959817,8.275053028528928],[124.832086499554578,8.275052612324602],[124.832084828248625,8.274690981198514],[124.832357107841517,8.274689732517297],[124.832356689964826,8.274599324748527],[124.832447449799005,8.274598908484888],[124.832447031906383,8.2745085007203],[124.832628551519235,8.274507668140462],[124.832626879830556,8.274146037114699],[124.832536120109197,8.274146453396471],[124.832535702219502,8.274056045634349],[124.832444942514059,8.274056461890925],[124.832444524649759,8.273966054123763],[124.832353764960288,8.273966470355139],[124.832352929287197,8.273785654810309],[124.832262169634305,8.273786071011878],[124.832259662852508,8.273243624339441],[124.832168903318902,8.273244040492767],[124.832168067804076,8.273063224922637],[124.83171427027186,8.2730653053344],[124.831714687923579,8.273155713142719],[124.831623928382285,8.273156129167921],[124.831624346018074,8.27324653698042],[124.831533586451386,8.273246952989643],[124.831534004071216,8.273337360806318],[124.831443244479161,8.273337776799561],[124.83143990381808,8.272614514217272],[124.83153066324482,8.272614098260886],[124.831527322720632,8.271890835688005],[124.831436563459206,8.271891251607535],[124.831430718558366,8.270625541974445],[124.831339959581484,8.270625957808893],[124.831334115895316,8.26936024802726],[124.831243357202936,8.269360663776636],[124.831242105166822,8.269089440227248],[124.831151346531684,8.269089855942228],[124.831145087298381,8.26773373806831],[124.831054328968321,8.267734153693624],[124.831053077311083,8.267462930093448],[124.830962319038264,8.267463345684371],[124.830959815975149,8.266920898444809],[124.831050574124063,8.26692048288152],[124.831047653954016,8.266287627781438],[124.831319927938836,8.26628638106488],[124.831319093523135,8.266105565345782],[124.831409851467328,8.266105149741671],[124.831408599817237,8.265833926173626],[124.831680873435687,8.265832679279345],[124.831681290709597,8.265923087121969],[124.831953564347472,8.265921840028755],[124.831953981688059,8.266012247857125],[124.832317013221697,8.266010584759783],[124.832317430649596,8.266100992569289],[124.833315767204468,8.266096417303986],[124.83331785555049,8.26654845609152],[124.833408613494001,8.266548040011839],[124.833409448906778,8.266728855514632],[124.833500206886853,8.26672843940516],[124.833500624620982,8.266818847151297],[124.833591382617016,8.266818431016643],[124.83359180037651,8.26690883875774],[124.833682558388432,8.266908422597901],[124.833682976173321,8.266998830333955],[124.833864492224308,8.266997997943342],[124.833864910055226,8.267088405669748],[124.834046426128566,8.267087573187625],[124.834046008256351,8.266997165470446],[124.834136766265303,8.266996749203141],[124.834136348377157,8.266906341490149],[124.83440862231366,8.26690509257865],[124.834409040263765,8.266995500277799],[124.834681314219623,8.266994251167322],[124.83468173223639,8.267084658852202],[124.83486324822465,8.2670838259998],[124.834863666287447,8.267174233675018],[124.835045182298046,8.267173400731098],[124.835044346094591,8.266992585398697],[124.835135104051517,8.26699216890511],[124.835134685936225,8.266901761242885],[124.835225443867742,8.266901344733347],[124.835224189488329,8.266630121757942],[124.835133431618758,8.266630538253629],[124.835132595430764,8.266449722925316],[124.834951079760003,8.266450555836524],[124.834950661714402,8.266360148162494],[124.834859903892564,8.266360564582627],[124.834859485872343,8.266270156903547],[124.834768728066436,8.266270573298499],[124.834767892081487,8.266089757929828],[124.834858649846097,8.266089341544109],[124.834859067856854,8.266179749224046],[124.834949825637395,8.266179332813143],[124.834949407605961,8.266088925137826],[124.835130923111549,8.266088092263548],[124.83513050504358,8.265997684597037],[124.835221262768627,8.265997268133662],[124.835220844684741,8.265906860471333],[124.835311602384408,8.265906443992005],[124.835310766189522,8.265725628675298],[124.83549228149208,8.265724795673407],[124.835491863360446,8.265634388023646],[124.835582620983971,8.265633971496465],[124.835581784693602,8.265453156204892],[124.835672542271126,8.26545273966638],[124.835669615259363,8.26481988616468],[124.835578857826377,8.26482030267087],[124.835578021621203,8.264639487371578],[124.835487264224767,8.264639903847968],[124.835485591953741,8.264278273225772],[124.835576349267612,8.264277856767853],[124.835575513119224,8.264097041463417],[124.835666270387051,8.264096624994167],[124.835665852299329,8.264006217345926],[124.835938124012515,8.264004967828644],[124.835937705867579,8.263914560193827],[124.836119220278079,8.263913727088728],[124.836118802096621,8.263823319462718],[124.836844859384186,8.263819986256765],[124.836845277730802,8.263910393845816],[124.83675452056579,8.263910810573151],[124.83675493889649,8.264001218166397],[124.836845696082165,8.264000801434442],[124.836846951164645,8.264272024197744],[124.836665436664759,8.264272857668811],[124.836669201796326,8.265086526018736],[124.836759959234456,8.265086109251904],[124.836762469659149,8.265628554771508],[124.836671712097143,8.265628971566063],[124.836672967311472,8.265900194333939],[124.836582209682788,8.265900611121788],[124.836583464877805,8.266171833899667],[124.836492707182458,8.266172250680805],[124.836493125569618,8.26626265827719],[124.836402367848905,8.266263075042382],[124.836402786220134,8.266353482642959],[124.836312028474026,8.2663538993922],[124.836312446829353,8.266444306996968],[124.836221689057851,8.266444723730256],[124.836222107397276,8.266535131339216],[124.836131349600407,8.266535548056556],[124.836132186252129,8.266716363282429],[124.836041428409231,8.266716779988435],[124.836041846721528,8.266807187605345],[124.835951088853236,8.2668076042954],[124.835951925450772,8.266988419537173],[124.83586116753645,8.266988836215893],[124.835862004111618,8.26716965146519],[124.835771246151253,8.267170068132577],[124.835772082704054,8.267350883389391],[124.835681324697674,8.267351300045439],[124.835682161228107,8.267532115309777],[124.835591403175684,8.26753253195449],[124.835591821427343,8.267622939590632],[124.835501063349511,8.26762335621939],[124.835501481585283,8.267713763859721],[124.835319965374154,8.267714597064755],[124.835320383573332,8.267805004713889],[124.835048109159217,8.267806254380993],[124.83504852730114,8.267896662043549],[124.834957769132984,8.267897078562724],[124.834959023525258,8.268168301561667],[124.835049781755359,8.268167885028646],[124.835050199916253,8.268258292689486],[124.834959441665475,8.268258709227123],[124.834959859810425,8.26834911689215],[124.834869101534252,8.268349533413826],[124.834868683409965,8.268259125744185],[124.834777925149751,8.268259542240672],[124.834777088956656,8.268078726890867],[124.833960264773523,8.268082474350367],[124.833961936435102,8.268444105214376],[124.83387117808627,8.268444521514352],[124.833872431820154,8.268715744671693],[124.833963190230932,8.268715328357883],[124.833963608172326,8.268805736071526],[124.834054366599048,8.268805319732525],[124.834055620513595,8.269076542857043],[124.833783345033353,8.269077791853841],[124.833783762952365,8.269168199574997],[124.833602245900579,8.269169032145873],[124.833603081670148,8.269349847605346],[124.833512323095874,8.269350263869146],[124.833513576723689,8.269621487068978],[124.833604335359951,8.269621070791342],[124.833605171176799,8.269801886246528],[124.83369592984964,8.26980146993909],[124.833696765726685,8.269982285383334],[124.833787524436119,8.269981869046095],[124.833787942402409,8.270072276762964],[124.833878701127773,8.270071860400533],[124.833879119119445,8.270162268112355],[124.833969877860739,8.27016185172473],[124.833970713899561,8.270342667137868],[124.834152231450588,8.270341834282428],[124.83415264951843,8.270432241979126],[124.834243408307501,8.270431825515926],[124.834243826400723,8.270522233207579],[124.834334585205738,8.270521816719183],[124.834340021116503,8.271697116611689],[124.834430780185357,8.271696700042726],[124.834431616591573,8.271877515395145],[124.834340857481394,8.271877931973336],[124.834342112064206,8.272149155012585],[124.834251352887279,8.272149571584034],[124.834251771070356,8.272239979267541],[124.834161011868062,8.272240395823021],[124.834161430035181,8.272330803510712],[124.834070670807492,8.272331220050221],[124.83407108895868,8.272421627742098],[124.833980329705597,8.272422044265637],[124.833980747840855,8.272512451961695],[124.833799229279137,8.272513284956247],[124.833799647377816,8.272603692661107],[124.833708888069211,8.272604109132116],[124.833709724239384,8.272784924549773],[124.833618964884721,8.272785341009424],[124.833619382956243,8.272875748722219],[124.8335286235762,8.272876165165901],[124.833529041631763,8.272966572882877],[124.833438282226325,8.27296698931058],[124.833439118310324,8.273147804752481],[124.833529877757101,8.273147388315548],[124.833530713901354,8.273328203746503],[124.833621473384738,8.273327787279763],[124.833622309589231,8.273508602699781],[124.833713069109223,8.273508186203228],[124.833713905373969,8.273689001612302],[124.833804664930582,8.273688585085935],[124.833805501255554,8.273869400484067],[124.833896260848775,8.273868983927889],[124.833899606503167,8.27459224546635],[124.833808846744617,8.274592662059435],[124.833809264952023,8.274683069754424],[124.833718505168079,8.274683486331531],[124.833719341555735,8.274864301729451],[124.833628581725705,8.274864718295191],[124.83362941809095,8.275045533700617],[124.833538658214863,8.275045950254992],[124.833539912736143,8.275317173373754],[124.833449152793307,8.275317589921377],[124.833450825471871,8.275679220758832],[124.8335415854974,8.27567880419276],[124.833542840117957,8.275950027302509],[124.833633600200784,8.275949610702009],[124.833634018437763,8.276040018399787],[124.833543258334274,8.2760404350049],[124.833543676555308,8.276130842706863],[124.833634436679489,8.276130426097138],[124.833636109693614,8.276492056882246],[124.833545349486741,8.276492473510418],[124.83354618598085,8.276673288909624],[124.833455425727905,8.276673705526425],[124.833455843961374,8.276764113229996],[124.833365083683034,8.276764529830816],[124.833365501900531,8.27685493753857],[124.833456262199562,8.276854520933137],[124.833456680442467,8.276944928635851],[124.833365920122759,8.276945345245897],[124.833366338349748,8.27703575295279],[124.833184817654825,8.277036586120314],[124.833186072240011,8.277307809266095],[124.833095311823456,8.277308225832796],[124.833095730007287,8.277398633551808],[124.833004969565323,8.277399050102522],[124.833005805905813,8.277579865548484],[124.832915045417764,8.277580282087827],[124.832915463574409,8.277670689814773],[124.832824703060965,8.277671106338124],[124.832825539347112,8.277851921799952],[124.832734778787582,8.277852338311929],[124.832736869482247,8.278304376982039],[124.832827630145218,8.27830396044701],[124.832828466497503,8.278484775902829],[124.832737705793235,8.278485192447077],[124.832738542123082,8.278666007910401],[124.8326477813727,8.278666424443271],[124.832648617680093,8.278847239914098],[124.832557856883625,8.278847656435586],[124.832558275023743,8.278938064174964],[124.832649035840888,8.278937647648867],[124.8326494540064,8.279028055383204],[124.832740214839518,8.279027638831895],[124.832741051226066,8.279208454290064],[124.832831812095804,8.279208037708933],[124.832833485008379,8.279569668601679],[124.83274272405589,8.279570085201255],[124.832743142275163,8.279660492927979],[124.832652381297279,8.279660909511563]],[[124.833361319938163,8.275950860441727],[124.833452080030426,8.275950443882415],[124.833451661839518,8.275860036174983],[124.833360901767904,8.275860452729683],[124.833361319938163,8.275950860441727]],[[124.833774987646152,8.267269637340698],[124.833865745731231,8.267269221121268],[124.833865327890848,8.267178813395722],[124.833774569826431,8.267179229610543],[124.833774987646152,8.267269637340698]]]}},
{"type":"Feature","properties":{"fid":334,"landuse":2},"geometry":{"type":"Polygon","coordinates":[[[124.837931014719643,8.263182131233171],[124.837930596163218,8.263091723696149],[124.83802135308089,8.263091306743108],[124.838021771657935,8.263181714275502],[124.837931014719643,8.263182131233171]]]}},
{"type":"Feature","properties":{"fid":335,"landuse":2},"geometry":{"type":"Polygon","coordinates":[[[124.836661671916673,8.26345918928417],[124.836659580555718,8.2630071512777],[124.836750337519064,8.263006734617129],[124.836749919240418,8.262916327019168],[124.836840676178383,8.262915910342659],[124.836842767722089,8.263367948305069],[124.836752010680911,8.263368365004681],[124.836752428983246,8.263458772600499],[124.836661671916673,8.26345918928417]]]}},
{"type":"Feature","properties":{"fid":336,"landuse":7},"geometry":{"type":"Polygon","coordinates":[[[124.829498099047782,8.264848161737641],[124.829497682325993,8.264757753779366],[124.829316166854071,8.264758583965072],[124.829315333507253,8.264577768028824],[124.829043060387846,8.264579013125539],[124.829041810588762,8.26430778917654],[124.829314083522362,8.264306544121235],[124.829306584504394,8.262679200594723],[124.830758700155286,8.262672558499764],[124.830759117057539,8.262762966403448],[124.830849874266235,8.262762551093147],[124.830850708126178,8.262943366890012],[124.830941465371467,8.26294295154994],[124.830941882329128,8.26303335944313],[124.831032639590319,8.26303294407789],[124.831033056573375,8.263123351966044],[124.831214571122885,8.26312252116467],[124.831214988151913,8.263212929043181],[124.831487260002689,8.263211682673091],[124.83148767709838,8.263302090537357],[124.831669191683233,8.263301259511941],[124.83167002597132,8.263482075220754],[124.831760783297952,8.263481659667992],[124.831762034827477,8.263752883214174],[124.8316712774389,8.26375329878076],[124.831672111774253,8.263934114485291],[124.831218324554285,8.263936192055853],[124.831217907487456,8.263845784180768],[124.831036392607686,8.263846615055838],[124.831036809633247,8.263937022940135],[124.830946052165615,8.263937438351432],[124.830946469175245,8.264027846239905],[124.830855711682275,8.264028261635245],[124.830856128675975,8.264118669527896],[124.830765371157639,8.264119084907277],[124.830765788135409,8.264209492804104],[124.830675030591706,8.264209908167526],[124.830676698467414,8.264571539768975],[124.830495183200739,8.264572370470963],[124.830495600140154,8.264662778379465],[124.830404842479084,8.264663193704214],[124.830405259402596,8.264753601616892],[124.829679197779058,8.264756923511394],[124.829679614542115,8.264847331460466],[124.829498099047782,8.264848161737641]]]}},
{"type":"Feature","properties":{"fid":337,"landuse":5},"geometry":{"type":"Polygon","coordinates":[[[124.843922222257802,8.263425789615704],[124.843921382396744,8.263244975155063],[124.843558355766376,8.263246648226735],[124.843557935925531,8.263156240977217],[124.843648692569616,8.263155822744777],[124.8436474330137,8.262884601007572],[124.843738189591122,8.262884182768488],[124.843737769728008,8.262793775526532],[124.843828526280035,8.262793357271523],[124.843828106401048,8.262702950033777],[124.84391886292768,8.262702531762846],[124.843918443032805,8.262612124529312],[124.844009199534028,8.26261170624246],[124.844012978944789,8.263425371287106],[124.843922222257802,8.263425789615704]]]}},
{"type":"Feature","properties":{"fid":338,"landuse":7},"geometry":{"type":"Polygon","coordinates":[[[124.835567988635418,8.262469703646365],[124.835567570653495,8.26237929598579],[124.835476813773099,8.26237971234675],[124.83547555991764,8.262108489348606],[124.83556631673612,8.262108073001496],[124.83556589877314,8.262017665339208],[124.835747412354664,8.262016832592547],[124.835747830358912,8.262107240245598],[124.836020100757608,8.26210599095757],[124.836021773069675,8.262467621510082],[124.835567988635418,8.262469703646365]]]}},
{"type":"Feature","properties":{"fid":339,"landuse":2},"geometry":{"type":"Polygon","coordinates":[[[124.831572178143972,8.2619455570951],[124.831571761098445,8.261855149229014],[124.831662518058295,8.261854733779744],[124.831662935124427,8.261945141641222],[124.831572178143972,8.2619455570951]]]}},
{"type":"Feature","properties":{"fid":340,"landuse":7},"geometry":{"type":"Polygon","coordinates":[[[124.840471788066054,8.263080041239011],[124.840471368936477,8.262989633831101],[124.840380612167465,8.262990051334654],[124.840380193063254,8.262899643921681],[124.840289436310144,8.26290006140005],[124.840289017231328,8.262809653982021],[124.840198260494091,8.262810071435194],[124.840197841440656,8.262719664012113],[124.840107084719321,8.262720081440099],[124.840106665691266,8.262629674011956],[124.839925152275669,8.26263050879699],[124.839924733293628,8.262540101359164],[124.839833976599365,8.262540518716211],[124.839833138690778,8.262359703830016],[124.839742382033052,8.262360121157251],[124.839741125267693,8.262088898810859],[124.839831881863503,8.262088481497512],[124.839831462930562,8.261998074052485],[124.839922219501034,8.261997656723205],[124.83992180055219,8.261907249282379],[124.840103313637599,8.261906414571401],[124.840102894652233,8.261816007139403],[124.840375164182859,8.26181475493264],[124.840375583230127,8.261905162350752],[124.840466339751458,8.261904744902752],[124.84046717790153,8.26208555972843],[124.840648691012532,8.262084724752238],[124.840649110135956,8.262175132155175],[124.841012136383611,8.262173461937575],[124.841012555594304,8.262263869321561],[124.841103312165004,8.262263451711137],[124.841102892933648,8.262173044331778],[124.841193649478939,8.262172626705427],[124.84119323023171,8.262082219330273],[124.841102473707053,8.262082636951995],[124.841102054485191,8.261992229571785],[124.841192810989213,8.261991811954692],[124.841191972518459,8.261810997202245],[124.841282728976466,8.261810579573856],[124.841282309727575,8.261720172201622],[124.841463822588082,8.261719336892442],[124.841463403302654,8.261628929529044],[124.841644916102908,8.261628094146895],[124.841645335429604,8.261718501501033],[124.841736091843245,8.261718083774491],[124.841737769279987,8.262079713168216],[124.84164701278381,8.262080130913287],[124.841647432134252,8.262170538265279],[124.841556675612679,8.262170955994426],[124.841557094947206,8.262261363350623],[124.841466338400267,8.262261781063843],[124.841466757718919,8.262352188424241],[124.841285244569505,8.262353023798269],[124.841285663851622,8.262443431167503],[124.841194907249161,8.26244384882831],[124.841196165062073,8.262715070947339],[124.841105408392949,8.262715488601479],[124.841106246917349,8.262896303354614],[124.841015490202196,8.26289672099746],[124.841015909450874,8.26298712837802],[124.840925152710355,8.262987546004934],[124.840925571943131,8.263077953389692],[124.840471788066054,8.263080041239011]]]}},
{"type":"Feature","properties":{"fid":341,"landuse":5},"geometry":{"type":"Polygon","coordinates":[[[124.844185673411602,8.26152598293819],[124.844184833626386,8.261345168487377],[124.844275589824449,8.261344750203795],[124.844276429650932,8.26152556464533],[124.844185673411602,8.26152598293819]]]}},
{"type":"Feature","properties":{"fid":342,"landuse":7},"geometry":{"type":"Polygon","coordinates":[[[124.840191137230818,8.261273145184489],[124.840190718258,8.261182737754119],[124.840372230984798,8.261181902993858],[124.840372649998855,8.261272310414972],[124.840191137230818,8.261273145184489]]]}},
{"type":"Feature","properties":{"fid":343,"landuse":2},"geometry":{"type":"Polygon","coordinates":[[[124.832021374623281,8.260948993323089],[124.832020957526566,8.260858585475331],[124.832111714235793,8.260858169973959],[124.832112131353171,8.260948577817111],[124.832021374623281,8.260948993323089]]]}},
{"type":"Feature","properties":{"fid":344,"landuse":2},"geometry":{"type":"Polygon","coordinates":[[[124.832110045813536,8.260496538597089],[124.832109628719778,8.2604061307518],[124.832200385321116,8.260405715252922],[124.832200802435523,8.260496123093603],[124.832110045813536,8.260496538597089]]]}},
{"type":"Feature","properties":{"fid":345,"landuse":2},"geometry":{"type":"Polygon","coordinates":[[[124.843108350224057,8.2640624045387],[124.843107090897092,8.263791182730893],[124.843197847709419,8.263790764568803],[124.843197008140606,8.263609950037395],[124.843106251369548,8.263610368190212],[124.843104572371473,8.263248739103703],[124.843013815678233,8.263249157217414],[124.843010458075312,8.262525898986729],[124.843101214603422,8.26252548091011],[124.843099535833431,8.262163851803018],[124.843008779387858,8.262164269861099],[124.843005422241021,8.261441011589264],[124.843096178521506,8.261440593568276],[124.843095339241032,8.2612597790053],[124.843004583001814,8.26126019701702],[124.843004163389352,8.261169789730252],[124.843094919607935,8.261169371723174],[124.843094499979571,8.261078964440612],[124.843003743781637,8.261079382443063],[124.843002484986997,8.260808160578906],[124.84291172884619,8.260808578546888],[124.842911309278108,8.260718171253345],[124.843002065398267,8.260717753289997],[124.843000387090939,8.260356124130077],[124.8430911431238,8.260355706164722],[124.843090723538197,8.260265298878309],[124.843181479545692,8.260264880897033],[124.843181059944229,8.260174473614823],[124.843271815926343,8.260174055617631],[124.843271396308978,8.260083648339634],[124.843362152265698,8.260083230326522],[124.843361732632474,8.25999282305273],[124.843543244490391,8.259991986974132],[124.843542824820659,8.259901579709183],[124.843633580721871,8.259901161643691],[124.843633161036252,8.259810754382954],[124.84390542864945,8.259809500077075],[124.843905008906688,8.259719092829824],[124.843814253060998,8.259719510947697],[124.843813833343631,8.259629103695378],[124.843904589168687,8.259628685582143],[124.843904169435419,8.259538278334032],[124.843994925235094,8.259537860204883],[124.843996184510999,8.25980908193401],[124.844086940367802,8.259808663770395],[124.844087779950115,8.259989478245059],[124.84417853584344,8.259989060051614],[124.844180215147645,8.260350688977248],[124.844270971118718,8.26035027074469],[124.844272230708668,8.260621492420499],[124.844362986736911,8.260621074153475],[124.844364246431567,8.260892295811507],[124.844273490341436,8.260892714092449],[124.844275589824449,8.261344750203795],[124.844184833626386,8.261345168487377],[124.844185673411602,8.26152598293819],[124.844004160918658,8.261526819462244],[124.844009199534028,8.26261170624246],[124.843918443032805,8.262612124529312],[124.84391886292768,8.262702531762846],[124.843828106401048,8.262702950033777],[124.843828526280035,8.262793357271523],[124.843737769728008,8.262793775526532],[124.843738189591122,8.262884182768488],[124.8436474330137,8.262884601007572],[124.843648692569616,8.263155822744777],[124.843557935925531,8.263156240977217],[124.843558355766376,8.263246648226735],[124.843921382396744,8.263244975155063],[124.843922222257802,8.263425789615704],[124.844012978944789,8.263425371287106],[124.844013398903087,8.263515778512149],[124.843922642195466,8.263516196845382],[124.843923482085032,8.263697011303451],[124.843832725331382,8.263697429625401],[124.843833145262664,8.26378783685843],[124.843651631699785,8.263788673449918],[124.843652051594532,8.263879080691794],[124.843561294785317,8.263879498961336],[124.843561714664176,8.26396990620742],[124.843198687297246,8.263971579098497],[124.8431991070983,8.264061986362702],[124.843108350224057,8.2640624045387]]]}},
{"type":"Feature","properties":{"fid":346,"landuse":2},"geometry":{"type":"Polygon","coordinates":[[[124.844810467428019,8.25926287451],[124.844810047507494,8.25917246730657],[124.844719291833115,8.259172885602121],[124.844718871937971,8.259082478393619],[124.844628116279495,8.259082896663983],[124.844627696409717,8.258992489450415],[124.8445369407671,8.258992907695587],[124.844536520922745,8.258902500476951],[124.844627276544728,8.258902082236419],[124.844626856684457,8.258811675021994],[124.844717612281045,8.258811256765551],[124.844717192404929,8.258720849555338],[124.844626436828946,8.258721267807138],[124.844626016978197,8.258630860591857],[124.844716772533545,8.258630442344698],[124.844716352666936,8.258540035133628],[124.845170130269167,8.258537943612787],[124.845172230165502,8.258989979547836],[124.844899963309032,8.258991234591601],[124.844901223118242,8.259262456189255],[124.844810467428019,8.25926287451]]]}},
{"type":"Feature","properties":{"fid":347,"landuse":2},"geometry":{"type":"Polygon","coordinates":[[[124.832554234542215,8.258415080854144],[124.832553817453942,8.258324673022052],[124.832644573557147,8.258324257526429],[124.832644990666054,8.258414665353909],[124.832554234542215,8.258415080854144]]]}},
{"type":"Feature","properties":{"fid":348,"landuse":7},"geometry":{"type":"Polygon","coordinates":[[[124.845079374758214,8.258538361958054],[124.845078954813857,8.258447954765115],[124.844897443818965,8.258448791384719],[124.844896604027014,8.258267976978997],[124.844987359485572,8.258267558688754],[124.844986939576103,8.258177151489889],[124.845349961280291,8.258175478141988],[124.845350801269007,8.258356292502155],[124.845260045808843,8.258356710879234],[124.845260465789721,8.258447118063316],[124.845169710304177,8.258447536424491],[124.845170130269167,8.258537943612787],[124.845079374758214,8.258538361958054]]]}},
{"type":"Feature","properties":{"fid":349,"landuse":2},"geometry":{"type":"Polygon","coordinates":[[[124.845260465789721,8.258447118063316],[124.845260045808843,8.258356710879234],[124.845350801269007,8.258356292502155],[124.845349961280291,8.258175478141988],[124.845440716694441,8.258175059753643],[124.845441976746542,8.258446281279324],[124.845260465789721,8.258447118063316]]]}},
{"type":"Feature","properties":{"fid":350,"landuse":2},"geometry":{"type":"Polygon","coordinates":[[[124.832462644283069,8.258234680659999],[124.832462227224866,8.258144272822438],[124.832552983291563,8.258143857356581],[124.832553400370401,8.258234265189531],[124.832462644283069,8.258234680659999]]]}},
{"type":"Feature","properties":{"fid":351,"landuse":2},"geometry":{"type":"Polygon","coordinates":[[[124.845258785894757,8.258085489324417],[124.845258365932921,8.257995082138619],[124.845349121310576,8.257994663780106],[124.845348281359904,8.257813849416515],[124.845439036691573,8.257813431046738],[124.845440296686576,8.258084652577558],[124.845258785894757,8.258085489324417]]]}},
{"type":"Feature","properties":{"fid":352,"landuse":5},"geometry":{"type":"Polygon","coordinates":[[[124.844626016978197,8.258630860591857],[124.844625177290979,8.258450046160009],[124.844715932805073,8.258449627922127],[124.844714253405186,8.258087999071845],[124.844805008832012,8.258087580831976],[124.84480458897329,8.257997173622977],[124.84498609977139,8.257996337090876],[124.844985679876189,8.257905929890727],[124.845167190614049,8.25790509328572],[124.845166350755406,8.257724278902701],[124.84525710607592,8.257723860578661],[124.845256686133112,8.257633453391151],[124.845438196718675,8.25763261669071],[124.845439036691573,8.257813431046738],[124.845348281359904,8.257813849416515],[124.845349121310576,8.257994663780106],[124.845258365932921,8.257995082138619],[124.845258785894757,8.258085489324417],[124.845440296686576,8.258084652577558],[124.845440716694441,8.258175059753643],[124.844986939576103,8.258177151489889],[124.844987359485572,8.258267558688754],[124.844896604027014,8.258267976978997],[124.844897443818965,8.258448791384719],[124.845078954813857,8.258447954765115],[124.845079374758214,8.258538361958054],[124.844716352666936,8.258540035133628],[124.844716772533545,8.258630442344698],[124.844626016978197,8.258630860591857]]]}},
{"type":"Feature","properties":{"fid":353,"landuse":5},"geometry":{"type":"Polygon","coordinates":[[[124.845346181566484,8.257361813500026],[124.84534576162207,8.257271406315443],[124.845255006409417,8.257271824636826],[124.84525458649037,8.257181417447171],[124.84543609686969,8.257180580793149],[124.845436936795011,8.25736139515346],[124.845346181566484,8.257361813500026]]]}},
{"type":"Feature","properties":{"fid":354,"landuse":11},"geometry":{"type":"Polygon","coordinates":[[[124.844536101083108,8.258812093257884],[124.844535681248232,8.25872168603839],[124.844263414477524,8.25872294060885],[124.844262994709297,8.258632533375012],[124.844172239130188,8.258632951519424],[124.844171819387327,8.258542544280516],[124.844262574945816,8.258542126140739],[124.84426215518711,8.258451718906045],[124.844352910720204,8.258451300750357],[124.844352071175749,8.258270486288955],[124.844261315683895,8.258270904435363],[124.84425627906414,8.257186017575293],[124.844347034308498,8.257185599484558],[124.844346614600468,8.257095192248068],[124.844800390647734,8.257093101509396],[124.844800810458892,8.257183508722685],[124.84525458649037,8.257181417447171],[124.845255006409417,8.257271824636826],[124.84534576162207,8.257271406315443],[124.845346181566484,8.257361813500026],[124.845164671095162,8.257362650131528],[124.845165930833204,8.257633871710551],[124.845256686133112,8.257633453391151],[124.84525710607592,8.257723860578661],[124.845166350755406,8.257724278902701],[124.845167190614049,8.25790509328572],[124.844985679876189,8.257905929890727],[124.84498609977139,8.257996337090876],[124.84480458897329,8.257997173622977],[124.844805008832012,8.258087580831976],[124.844714253405186,8.258087999071845],[124.844715932805073,8.258449627922127],[124.844625177290979,8.258450046160009],[124.844626436828946,8.258721267807138],[124.844717192404929,8.258720849555338],[124.844717612281045,8.258811256765551],[124.844536101083108,8.258812093257884]]]}},
{"type":"Feature","properties":{"fid":355,"landuse":5},"geometry":{"type":"Polygon","coordinates":[[[124.84425627906414,8.257186017575293],[124.844255859376744,8.257095610334167],[124.844346614600468,8.257095192248068],[124.844347034308498,8.257185599484558],[124.84425627906414,8.257186017575293]]]}},
{"type":"Feature","properties":{"fid":356,"landuse":5},"geometry":{"type":"Polygon","coordinates":[[[124.844800810458892,8.257183508722685],[124.844800390647734,8.257093101509396],[124.845072656219017,8.257091846819646],[124.845073076092049,8.257182254019012],[124.844800810458892,8.257183508722685]]]}},
{"type":"Feature","properties":{"fid":357,"landuse":11},"geometry":{"type":"Polygon","coordinates":[[[124.842263435803019,8.258008876442332],[124.842263016526587,8.257918469103062],[124.84217226100796,8.257918886758322],[124.842171422510617,8.257738072069225],[124.842080667028497,8.257738489694665],[124.842080247807573,8.257648082344843],[124.841807981394567,8.257649335083988],[124.841807562240248,8.257558927719836],[124.841716806780397,8.257559345253826],[124.841716387651459,8.257468937884614],[124.841625632207467,8.257469355393424],[124.84162521310391,8.257378948019149],[124.841715968527311,8.25737853051497],[124.841713872977635,8.256926493660337],[124.841804628293133,8.256926076158777],[124.841804209176814,8.256835668791197],[124.84198571975233,8.256834833735706],[124.841985300599518,8.256744426376965],[124.84216681111478,8.256743591248563],[124.842167230308846,8.256833998598038],[124.842257985579991,8.256833580998391],[124.842258824023588,8.257014395686783],[124.842349579331241,8.257013978057321],[124.842349998580787,8.257104385396239],[124.842440753904285,8.257103967741596],[124.842441173179225,8.257194375075457],[124.842531928518596,8.257193957395632],[124.842531509223036,8.257103550066406],[124.842622264537042,8.257103132370672],[124.842623103174148,8.257283947019422],[124.842713858524661,8.257283529293874],[124.842715535938368,8.257645158567692],[124.842534025067593,8.257645994035329],[124.842534863720445,8.257826808688208],[124.842444108236677,8.257827226400474],[124.842444527549617,8.257917633730905],[124.842353772040482,8.257918051427255],[124.842354191337535,8.258008458761894],[124.842263435803019,8.258008876442332]]]}},
{"type":"Feature","properties":{"fid":358,"landuse":2},"geometry":{"type":"Polygon","coordinates":[[[124.833905559664288,8.256239059764583],[124.833903890555774,8.25587742866921],[124.833994646031258,8.255877012989906],[124.833996315222251,8.256238644066823],[124.833905559664288,8.256239059764583]]]}},
{"type":"Feature","properties":{"fid":359,"landuse":11},"geometry":{"type":"Polygon","coordinates":[[[124.840803806295995,8.256388223028367],[124.840803387435002,8.256297815607271],[124.840712632211662,8.256298232850421],[124.840711794545186,8.256117417997682],[124.840621039358325,8.256117835211031],[124.840620201752074,8.255937020347316],[124.840710956897695,8.25593660314323],[124.840710538081055,8.255846195715362],[124.840801293201295,8.255845778495361],[124.840801712038541,8.255936185918598],[124.840892467174669,8.255935768673423],[124.840891629463655,8.255754953835782],[124.840982384553797,8.255754536579325],[124.840982803427536,8.255844943993733],[124.841073558533552,8.255844526712105],[124.841075234158509,8.256206156346922],[124.84098447897,8.256206573647072],[124.840984897867472,8.256296981059332],[124.840894142653624,8.256297398343573],[124.840894561535222,8.256387805760038],[124.840803806295995,8.256388223028367]]]}},
{"type":"Feature","properties":{"fid":360,"landuse":2},"geometry":{"type":"Polygon","coordinates":[[[124.833813135075573,8.255877844327976],[124.833812717830867,8.255787436548449],[124.833903473290462,8.255787020894298],[124.833903890555774,8.25587742866921],[124.833813135075573,8.255877844327976]]]}},
{"type":"Feature","properties":{"fid":361,"landuse":7},"geometry":{"type":"Polygon","coordinates":[[[124.830394420925046,8.26240299574807],[124.83039025312921,8.261498916490643],[124.831207065407256,8.261495179278198],[124.831204563841936,8.260952731951862],[124.830932293496517,8.260953977791452],[124.83092854202431,8.260140306648678],[124.831291568399308,8.260138645653933],[124.831290317745939,8.25986742198724],[124.831562587291927,8.259866176066827],[124.831561336495398,8.259594952437739],[124.831289067135074,8.259596198316688],[124.831282397928049,8.258149672008669],[124.831373154056124,8.258149256809943],[124.831373570866802,8.258239664702803],[124.831555083150064,8.25823883423449],[124.831553415770742,8.257877202697351],[124.831825683912697,8.257875956896054],[124.831823182614073,8.257333509660436],[124.83209545034228,8.257332263757155],[124.832094199571088,8.257061040175037],[124.832366467071154,8.257059794128317],[124.832363965285097,8.256517347035485],[124.832908499415225,8.256514854553263],[124.832907248214724,8.256243631084043],[124.833451781803575,8.256241137945221],[124.833449278787796,8.255698691161221],[124.833721545147228,8.255697444397489],[124.833721962366567,8.255787852182054],[124.833812717830867,8.255787436548449],[124.833813135075573,8.255877844327976],[124.833903890555774,8.25587742866921],[124.833905559664288,8.256239059764583],[124.833814804101593,8.256239475441797],[124.833815221369932,8.25632988321918],[124.833724465781884,8.256330298880465],[124.833724883034307,8.256420706662036],[124.833634127420922,8.256421122307389],[124.833634544657457,8.256511530093141],[124.83345303337525,8.25651236133144],[124.833453450575277,8.25660276912599],[124.833271939232915,8.256603600291331],[124.833272356396407,8.256694008094676],[124.832909333572502,8.256695670197269],[124.832909750658231,8.256786078018626],[124.83272823917666,8.256786908955874],[124.832728656225882,8.256877316786031],[124.832637900457385,8.256877732228446],[124.832638734528715,8.257058547896687],[124.832547978714246,8.257058963327777],[124.832549229794793,8.257330186840758],[124.832458473913732,8.257330602265133],[124.832459724974953,8.257601825788088],[124.832368969027272,8.25760224120574],[124.832371054120628,8.258054280425149],[124.832461810171409,8.258053864984451],[124.832462644283069,8.258234680659999],[124.832553400370401,8.258234265189531],[124.832554651635192,8.258505488685811],[124.832463895485972,8.258505904170105],[124.832464312563076,8.258596312005956],[124.832373556388518,8.258596727474311],[124.832373973449691,8.258687135314339],[124.832283217249781,8.258687550766755],[124.832284051345056,8.25886836645474],[124.83219329509916,8.258868781895826],[124.832194129172066,8.259049597591321],[124.832103372880212,8.259050013021071],[124.83210796039198,8.260044499366362],[124.832198716910796,8.260044083885917],[124.832200385321116,8.260405715252922],[124.832109628719778,8.2604061307518],[124.832111714235793,8.260858169973959],[124.832020957526566,8.260858585475331],[124.832021374623281,8.260948993323089],[124.832112131353171,8.260948577817111],[124.832112965602079,8.26112939350212],[124.832203722368504,8.26112897796637],[124.832204973839211,8.261400201476848],[124.832114217010883,8.261400617026421],[124.832115051307014,8.26158143270715],[124.832024294432713,8.261581848245381],[124.832025128706476,8.261762663933611],[124.831934371786161,8.261763079460506],[124.831934788909479,8.261853487308587],[124.83139024716462,8.261855980065883],[124.83139066416885,8.261946387941181],[124.831027636161934,8.261948049386644],[124.831028053088332,8.262038457279937],[124.830937296054188,8.262038872594513],[124.830937712964669,8.262129280491983],[124.830756198840902,8.262130111068668],[124.830756615714833,8.262220518974923],[124.830665858625238,8.262220934237034],[124.830666692345972,8.262401750057464],[124.830394420925046,8.26240299574807]]]}},
{"type":"Feature","properties":{"fid":362,"landuse":11},"geometry":{"type":"Polygon","coordinates":[[[124.841073558533552,8.255844526712105],[124.841072720749551,8.255663711892126],[124.841163475809566,8.255663294599216],[124.84116431363482,8.255844109409932],[124.841073558533552,8.255844526712105]]]}},
{"type":"Feature","properties":{"fid":363,"landuse":11},"geometry":{"type":"Polygon","coordinates":[[[124.841253811938728,8.255572469884397],[124.841253393017368,8.255482062482599],[124.84134414802665,8.25548164515787],[124.841344566968644,8.255572052555037],[124.841253811938728,8.255572469884397]]]}},
{"type":"Feature","properties":{"fid":364,"landuse":2},"geometry":{"type":"Polygon","coordinates":[[[124.837729417446226,8.258843402382697],[124.837728580875478,8.258662587248603],[124.837547069029114,8.25866342055776],[124.837546650792135,8.258573012980825],[124.837455894882481,8.258573429599958],[124.837455476670826,8.258483022017973],[124.837546232559859,8.258482605403465],[124.837544559678193,8.25812097508973],[124.837453803871654,8.258121391685751],[124.837453385683702,8.258030984101627],[124.837362629893079,8.258031400672479],[124.837357194148865,8.25685610197978],[124.837266438621612,8.256856518470002],[124.837265602465578,8.256675703270846],[124.837174846974861,8.256676119731278],[124.837173592838184,8.256404896915463],[124.837082837404594,8.256405313341489],[124.837082001378391,8.256224498119565],[124.837172756770727,8.256224081702777],[124.837170666685026,8.255772043663573],[124.837261421969544,8.255771627249352],[124.837260585927154,8.255590812039916],[124.837169830683891,8.255591228444894],[124.837169412690429,8.255500820834913],[124.837260167913058,8.255500404434553],[124.83725891389922,8.255229181615904],[124.8373496690553,8.255228765208868],[124.837350505101014,8.255409580412486],[124.837441260293573,8.255409163975665],[124.837441678344149,8.255499571572212],[124.837532433552582,8.255499155110231],[124.837533269709212,8.255679970292793],[124.837714780194347,8.255679137288713],[124.837715198321007,8.255769544870105],[124.837805953577103,8.255769128332631],[124.83780637172913,8.255859535908977],[124.838441658533398,8.255856619539092],[124.83844124023706,8.255766211995111],[124.838531995455227,8.255765795293298],[124.838531158835465,8.255584980213305],[124.838621914007661,8.255584563500198],[124.838621495684265,8.255494155964183],[124.838712250831122,8.25549373923516],[124.838711832491853,8.255403331703342],[124.838802587613316,8.255402914958401],[124.838801750907777,8.255222099902733],[124.838892505983267,8.255221683146504],[124.838895434680026,8.255854535801472],[124.838804679460168,8.255854952590079],[124.8388055162321,8.25603576763975],[124.838533250420411,8.256037017910073],[124.838533668751623,8.256127425448142],[124.838624424047524,8.256127008707285],[124.838625260765411,8.25630782377289],[124.838534505428228,8.256308240522994],[124.838535342123819,8.256489055596136],[124.838444586740664,8.256489472334946],[124.838445841757718,8.256760694955316],[124.838355086307971,8.256761111687457],[124.838355504635842,8.256851519231351],[124.8382647491607,8.256851935947566],[124.838265167472699,8.256942343495655],[124.838174411972204,8.256942760195953],[124.838175666874747,8.257213982851519],[124.838084911307647,8.257214399545141],[124.838086166190934,8.257485622210723],[124.838176921819922,8.257485205503226],[124.838177758473734,8.257666020602226],[124.838087002803505,8.257666437318965],[124.838090349443263,8.258389697734815],[124.8379995936033,8.258390114467998],[124.838000848609497,8.258661337130745],[124.837910092702913,8.258661753857247],[124.837910511027147,8.258752161415261],[124.837819755095211,8.258752578125836],[124.837820173403557,8.258842985688046],[124.837729417446226,8.258843402382697]]]}},
{"type":"Feature","properties":{"fid":365,"landuse":2},"geometry":{"type":"Polygon","coordinates":[[[124.843157569845204,8.255111665127362],[124.843157150514571,8.255021257820736],[124.843247905321036,8.25502084008782],[124.843248324672288,8.255111247389809],[124.843157569845204,8.255111665127362]]]}},
{"type":"Feature","properties":{"fid":366,"landuse":5},"geometry":{"type":"Polygon","coordinates":[[[124.835079953737917,8.255058353786159],[124.835079118761044,8.254877538348175],[124.835169873948217,8.254877122452589],[124.835170708966359,8.255057937881343],[124.835079953737917,8.255058353786159]]]}},
{"type":"Feature","properties":{"fid":367,"landuse":2},"geometry":{"type":"Polygon","coordinates":[[[124.835170291454915,8.254967530167182],[124.835169873948217,8.254877122452589],[124.835260629130673,8.254876706536464],[124.83526104665799,8.254967114246439],[124.835170291454915,8.254967530167182]]]}},
{"type":"Feature","properties":{"fid":368,"landuse":2},"geometry":{"type":"Polygon","coordinates":[[[124.843631062679421,8.259358718072841],[124.843630643022337,8.259268310809533],[124.84353988726555,8.259268728842564],[124.843539048006832,8.259087914305386],[124.843448292286553,8.259088332308592],[124.843447872684962,8.258997925034725],[124.843357116980556,8.258998343012742],[124.84335669740436,8.258907935733809],[124.843265941715813,8.258908353686641],[124.843265522164998,8.25881794640264],[124.843174766492325,8.258818364330285],[124.84317434696689,8.258727957041222],[124.843083591310119,8.258728374943679],[124.843083171810051,8.258637967649555],[124.842992416169139,8.258638385526828],[124.842991577224538,8.258457570928012],[124.842900821620134,8.258457988775467],[124.842899982735759,8.258277174165668],[124.842809227167876,8.258277591983301],[124.842804613870427,8.257283111547775],[124.842713858524661,8.257283529293874],[124.842713439183115,8.257193121974346],[124.842804194508233,8.257192704232885],[124.842803775150827,8.257102296917564],[124.842713019846315,8.25710271465439],[124.842710923233568,8.256650678048196],[124.842801678434967,8.256650260334546],[124.842801259106054,8.256559853016656],[124.842982769453329,8.256559017536993],[124.842981930727248,8.256378202918473],[124.843072685852533,8.256377785157097],[124.843069330973265,8.255654526702966],[124.842978576012968,8.255654944427253],[124.842978156695054,8.255564537113925],[124.84288740175063,8.255564954813032],[124.842886982458111,8.255474547494638],[124.842796227529533,8.255474965168572],[124.84279538899996,8.25529415052123],[124.842886143887284,8.255293732856565],[124.842885724608976,8.255203325536884],[124.842976479470934,8.255202907856319],[124.842976060176795,8.255112500540848],[124.843066815013373,8.255112082844377],[124.843068072971946,8.255383304775597],[124.843158827865622,8.255382887044677],[124.843158408520736,8.255292479739335],[124.843430673111442,8.255291226437233],[124.843430253709428,8.255200819145372],[124.843521008542893,8.255200401341561],[124.843519750303557,8.254929179477317],[124.843610505070373,8.254928761666877],[124.843610085646148,8.254838354382578],[124.843700840387626,8.254837936556234],[124.843700420947528,8.254747529276141],[124.843881930374963,8.254746693571112],[124.843883188833203,8.255017915382277],[124.843973943601654,8.255017497485039],[124.843976880314941,8.255650348330288],[124.844067635222942,8.255649930380041],[124.844070572313498,8.256282781171837],[124.843979817261143,8.256283199154554],[124.843981076023667,8.256554420929955],[124.84407183113791,8.256554002933326],[124.844073509636985,8.256915631942643],[124.844164264828962,8.256915213906911],[124.84416468448623,8.257005621153532],[124.844255439694081,8.257005203092616],[124.844261315683895,8.258270904435363],[124.844352071175749,8.258270486288955],[124.844352910720204,8.258451300750357],[124.84426215518711,8.258451718906045],[124.844262574945816,8.258542126140739],[124.844171819387327,8.258542544280516],[124.844172658877781,8.258723358757901],[124.844081903273278,8.258723776886406],[124.844082742741506,8.258904591371357],[124.843991987091002,8.25890500948859],[124.843992406811594,8.258995416735059],[124.843901651135724,8.258995834836377],[124.843902490549937,8.259176649337309],[124.843811734828023,8.259177067427355],[124.843812574220024,8.25935788193585],[124.843631062679421,8.259358718072841]]]}},
{"type":"Feature","properties":{"fid":369,"landuse":11},"geometry":{"type":"Polygon","coordinates":[[[124.840796267524382,8.254760889383093],[124.840795429977973,8.254580074525052],[124.840976939626898,8.254579240153079],[124.840977777255745,8.254760054992596],[124.840796267524382,8.254760889383093]]]}},
{"type":"Feature","properties":{"fid":370,"landuse":2},"geometry":{"type":"Polygon","coordinates":[[[124.834992955949389,8.255872439161717],[124.834991703425274,8.255601216001809],[124.834900948063691,8.255601631893239],[124.834901365546372,8.255692039618252],[124.834810610159423,8.255692455493755],[124.834809357787421,8.255421232303584],[124.834900113112511,8.25542081644193],[124.834895938640429,8.254516739159694],[124.835077448864013,8.254515907467072],[124.835078701279684,8.254787130628539],[124.835169456446238,8.254786714737572],[124.835169873948217,8.254877122452589],[124.835079118761044,8.254877538348175],[124.835079953737917,8.255058353786159],[124.835170708966359,8.255057937881343],[124.835172796594463,8.25550997644573],[124.83508204126295,8.25551039237363],[124.8350837113681,8.255872023235899],[124.834992955949389,8.255872439161717]]]}},
{"type":"Feature","properties":{"fid":371,"landuse":11},"geometry":{"type":"Polygon","coordinates":[[[124.840976939626898,8.254579240153079],[124.840976520819581,8.25448883273268],[124.841067275616297,8.254488415520512],[124.841067694444234,8.254578822936283],[124.840976939626898,8.254579240153079]]]}},
{"type":"Feature","properties":{"fid":372,"landuse":7},"geometry":{"type":"Polygon","coordinates":[[[124.8351753019043,8.256052422708867],[124.83517488434083,8.255962014999415],[124.835084128906217,8.255962430950392],[124.83508204126295,8.25551039237363],[124.835172796594463,8.25550997644573],[124.835170291454915,8.254967530167182],[124.83526104665799,8.254967114246439],[124.835259376577085,8.254605483403978],[124.835350131692962,8.25460506748116],[124.835349714163939,8.254514659774092],[124.835440469254436,8.254514243835349],[124.83544005170954,8.254423836132469],[124.835803071941797,8.254422172190591],[124.835803489569159,8.254512579875001],[124.835894244636023,8.254512163833565],[124.835894662288723,8.254602571512933],[124.835985417371461,8.25460215544634],[124.835987923510871,8.255144601485837],[124.835897168304456,8.255145017580137],[124.83589967449052,8.255687463631928],[124.83580891915561,8.255687879733395],[124.835809754547611,8.255868695089806],[124.835718999166716,8.255869111179964],[124.835719416849187,8.255959518862143],[124.835628661442939,8.25595993493638],[124.835629079109538,8.256050342622748],[124.8351753019043,8.256052422708867]]]}},
{"type":"Feature","properties":{"fid":373,"landuse":2},"geometry":{"type":"Polygon","coordinates":[[[124.843152957469513,8.254117184730903],[124.843152538191134,8.254026777419561],[124.843243292770794,8.254026359737646],[124.843243712069807,8.254116767044351],[124.843152957469513,8.254117184730903]]]}},
{"type":"Feature","properties":{"fid":374,"landuse":2},"geometry":{"type":"Polygon","coordinates":[[[124.843969329237098,8.254023017542952],[124.843968909777914,8.253932610272919],[124.844059664294207,8.253932192410803],[124.844060083773996,8.254022599676196],[124.843969329237098,8.254023017542952]]]}},
{"type":"Feature","properties":{"fid":375,"landuse":5},"geometry":{"type":"Polygon","coordinates":[[[124.844423101874028,8.254020928003795],[124.844422682311802,8.253930520756958],[124.844513436804306,8.253930102792152],[124.844513856387181,8.25402051003435],[124.844423101874028,8.254020928003795]]]}},
{"type":"Feature","properties":{"fid":376,"landuse":7},"geometry":{"type":"Polygon","coordinates":[[[124.845073076092049,8.257182254019012],[124.845072656219017,8.257091846819646],[124.844255859376744,8.257095610334167],[124.844255439694081,8.257005203092616],[124.84416468448623,8.257005621153532],[124.844164264828962,8.256915213906911],[124.844073509636985,8.256915631942643],[124.84407183113791,8.256554002933326],[124.843981076023667,8.256554420929955],[124.843979817261143,8.256283199154554],[124.844070572313498,8.256282781171837],[124.844067635222942,8.255649930380041],[124.843976880314941,8.255650348330288],[124.843973943601654,8.255017497485039],[124.843883188833203,8.255017915382277],[124.84388151089837,8.254656286299868],[124.843972265584355,8.254655868421182],[124.843971426604242,8.254475053886688],[124.844062181244212,8.254474635996742],[124.844061761740662,8.254384228733487],[124.844152516355265,8.254383810827637],[124.844152096835856,8.254293403568594],[124.844242851425093,8.254292985646845],[124.844242431889811,8.25420257839202],[124.844333186453682,8.254202160454371],[124.844332766902539,8.25411175320375],[124.844423521441058,8.254111335250204],[124.844423101874028,8.254020928003795],[124.844513856387181,8.25402051003435],[124.844513436804306,8.253930102792152],[124.844604191292049,8.25392968480681],[124.844603771693329,8.253839277568822],[124.844876035066235,8.253838023503492],[124.844883169942733,8.255374946254369],[124.845155434324312,8.255373691767518],[124.845154174943019,8.255102470156361],[124.845970967274198,8.255098705711937],[124.845978947604891,8.256816441723648],[124.845706682361936,8.256817696987968],[124.845707942385573,8.257088918491149],[124.84543567691415,8.257090173612349],[124.84543609686969,8.257180580793149],[124.845073076092049,8.257182254019012]]]}},
{"type":"Feature","properties":{"fid":377,"landuse":11},"geometry":{"type":"Polygon","coordinates":[[[124.840883672155826,8.254037212792721],[124.840882834644134,8.25385639793709],[124.840973589301285,8.25385598077788],[124.840974008075378,8.253946388201276],[124.841064762748388,8.253945971016897],[124.841065181547847,8.254036378435236],[124.840883672155826,8.254037212792721]]]}},
{"type":"Feature","properties":{"fid":378,"landuse":5},"geometry":{"type":"Polygon","coordinates":[[[124.844513436804306,8.253930102792152],[124.844513017226191,8.253839695549525],[124.844603771693329,8.253839277568822],[124.844604191292049,8.25392968480681],[124.844513436804306,8.253930102792152]]]}},
{"type":"Feature","properties":{"fid":379,"landuse":11},"geometry":{"type":"Polygon","coordinates":[[[124.84079166125413,8.253766407642678],[124.840791242530742,8.253676000209161],[124.840881997151413,8.253675583079747],[124.840882415895408,8.253765990508633],[124.84079166125413,8.253766407642678]]]}},
{"type":"Feature","properties":{"fid":380,"landuse":2},"geometry":{"type":"Polygon","coordinates":[[[124.834803096565949,8.254065116294949],[124.834802679189025,8.253974708557616],[124.834711924189108,8.253975124324889],[124.834711089490682,8.253794308839709],[124.834801844449373,8.253793893081667],[124.834801009728622,8.253613077604001],[124.834982519549328,8.253612246044765],[124.834983354352545,8.253793061503968],[124.835074109297054,8.253792645684314],[124.835075361599181,8.254063868856056],[124.834803096565949,8.254065116294949]]]}},
{"type":"Feature","properties":{"fid":381,"landuse":5},"geometry":{"type":"Polygon","coordinates":[[[124.840699231825553,8.253405195001029],[124.840698813141785,8.253314787561171],[124.84051730404164,8.253315621680272],[124.840516885403858,8.25322521423073],[124.840789148985081,8.253223963035156],[124.840789986389126,8.253404777906045],[124.840699231825553,8.253405195001029]]]}},
{"type":"Feature","properties":{"fid":382,"landuse":5},"geometry":{"type":"Polygon","coordinates":[[[124.842965998542383,8.252942724841054],[124.842965579367004,8.252852317514876],[124.843056333688196,8.252851899934299],[124.843056752884181,8.252942307255841],[124.842965998542383,8.252942724841054]]]}},
{"type":"Feature","properties":{"fid":383,"landuse":7},"geometry":{"type":"Polygon","coordinates":[[[124.83443173146469,8.25225862406209],[124.834430897069652,8.25207780853296],[124.83461240622735,8.252076977294914],[124.834612823463743,8.252167385050466],[124.834522068866633,8.25216780068437],[124.834522486087138,8.252258208444108],[124.83443173146469,8.25225862406209]]]}},
{"type":"Feature","properties":{"fid":384,"landuse":2},"geometry":{"type":"Polygon","coordinates":[[[124.843881091426567,8.254565879028197],[124.843880252497186,8.25438506448357],[124.843971007121283,8.254384646618794],[124.843970587643113,8.254294239350477],[124.844061342241858,8.254293821469807],[124.844060503258518,8.254113006941163],[124.844151257811276,8.25411258904923],[124.844150418805739,8.253931774528144],[124.844059664294207,8.253932192410803],[124.844058825348881,8.253751377878732],[124.844149579819202,8.253750960005354],[124.844149160333046,8.253660552743312],[124.844239914777972,8.253660134854037],[124.844238656286251,8.253388913079263],[124.844329410664585,8.253388495183369],[124.844327732659707,8.253026866162898],[124.84423697836381,8.253027284040238],[124.844236139431146,8.252846469518158],[124.844145385171728,8.252846887365687],[124.84414454629929,8.252666072832611],[124.844416808939556,8.252664819256259],[124.844416389448611,8.252574412003],[124.844507143631915,8.252573994107788],[124.844506724125125,8.252483586858737],[124.844597478283063,8.252483168947633],[124.844597058760428,8.252392761702795],[124.844687812892985,8.252392343775792],[124.844687393354491,8.252301936535163],[124.844868901564141,8.252301100628845],[124.844868481989153,8.252210693397071],[124.844959236066245,8.252210275417751],[124.84495755773149,8.251848646504936],[124.844866803736835,8.25184906446569],[124.844865125560617,8.251487435527462],[124.845137387282918,8.251486181639283],[124.845145360472571,8.25320391877033],[124.844873097575402,8.253205172923037],[124.844876035066235,8.253838023503492],[124.844513017226191,8.253839695549525],[124.844513436804306,8.253930102792152],[124.844422682311802,8.253930520756958],[124.844423521441058,8.254111335250204],[124.844332766902539,8.25411175320375],[124.844333186453682,8.254202160454371],[124.844242431889811,8.25420257839202],[124.844242851425093,8.254292985646845],[124.844152096835856,8.254293403568594],[124.844152516355265,8.254383810827637],[124.844061761740662,8.254384228733487],[124.844062181244212,8.254474635996742],[124.843971426604242,8.254475053886688],[124.843971846091918,8.254565461154151],[124.843881091426567,8.254565879028197]]]}},
{"type":"Feature","properties":{"fid":385,"landuse":2},"geometry":{"type":"Polygon","coordinates":[[[124.844774371643652,8.251487853449124],[124.844773952132087,8.251397446208856],[124.844864706028432,8.251397028291834],[124.844865125560617,8.251487435527462],[124.844774371643652,8.251487853449124]]]}},
{"type":"Feature","properties":{"fid":386,"landuse":11},"geometry":{"type":"Polygon","coordinates":[[[124.841599656764629,8.251864097378512],[124.841598819150946,8.251683282576431],[124.841508065021713,8.251683699768234],[124.841506389933755,8.251322070140411],[124.841597143980536,8.251321652967139],[124.841597562766026,8.251412060370102],[124.841688316828638,8.251411643171668],[124.84168873563948,8.251502050569574],[124.841870243791746,8.251501216101843],[124.84187066264856,8.251591623490055],[124.841961416738144,8.251591206220761],[124.841961835620324,8.25168161360391],[124.841871081510092,8.25168203087784],[124.841871500376399,8.251772438265196],[124.841689992100484,8.251773272760722],[124.841690410930326,8.251863680156914],[124.841599656764629,8.251864097378512]]]}},
{"type":"Feature","properties":{"fid":387,"landuse":2},"geometry":{"type":"Polygon","coordinates":[[[124.839509381397448,8.251240835248172],[124.839508963095454,8.251150427737867],[124.839599717205402,8.251150011025532],[124.839600135527988,8.251240418531209],[124.839509381397448,8.251240835248172]]]}},
{"type":"Feature","properties":{"fid":388,"landuse":10},"geometry":{"type":"Polygon","coordinates":[[[124.844773113123239,8.251216631727035],[124.844772274133419,8.251035817243499],[124.844863027947312,8.25103539934504],[124.844863866978358,8.251216213819291],[124.844773113123239,8.251216631727035]]]}},
{"type":"Feature","properties":{"fid":389,"landuse":7},"geometry":{"type":"Polygon","coordinates":[[[124.83606364368967,8.251889509069116],[124.836063226137725,8.251799101386144],[124.835881717255077,8.251799933253544],[124.835881299749047,8.251709525560907],[124.835790545321231,8.25170994145919],[124.835790127840582,8.251619533761508],[124.835699373428625,8.251619949634641],[124.835698955973299,8.251529541931914],[124.835608201577259,8.251529957779898],[124.835605697068317,8.250987511526853],[124.835696451340709,8.25098709570657],[124.835696868767641,8.251077503411862],[124.835787623055936,8.251077087566438],[124.835787205608383,8.250986679865761],[124.836694748024755,8.250982520328497],[124.836695583336763,8.251163335637047],[124.83678633759358,8.251162919561159],[124.836787172965728,8.251343734858755],[124.836877927259025,8.251343318753102],[124.836879180414599,8.251614541682425],[124.836788426059471,8.251614957801943],[124.836788843766854,8.251705365448815],[124.836698089386374,8.251705781552419],[124.836698507077884,8.251796189203484],[124.836607752672066,8.251796605291174],[124.836608170347702,8.25188701294643],[124.83606364368967,8.251889509069116]]]}},
{"type":"Feature","properties":{"fid":390,"landuse":7},"geometry":{"type":"Polygon","coordinates":[[[124.844681520314751,8.251036235121433],[124.844681100847552,8.250945827874382],[124.84486260843893,8.25094499210727],[124.844863027947312,8.25103539934504],[124.844681520314751,8.251036235121433]]]}},
{"type":"Feature","properties":{"fid":391,"landuse":11},"geometry":{"type":"Polygon","coordinates":[[[124.84141396095265,8.250960857639949],[124.841413123516347,8.250780042810783],[124.841503877444211,8.250779625685832],[124.84150471492174,8.250960440505738],[124.84141396095265,8.250960857639949]]]}},
{"type":"Feature","properties":{"fid":392,"landuse":11},"geometry":{"type":"Polygon","coordinates":[[[124.841503458712552,8.250689218275236],[124.841503039985668,8.250598810864213],[124.841593793867574,8.250598393728001],[124.841594212615078,8.250688801134391],[124.841503458712552,8.250689218275236]]]}},
{"type":"Feature","properties":{"fid":393,"landuse":10},"geometry":{"type":"Polygon","coordinates":[[[124.843497109308956,8.250047185261909],[124.843496271019703,8.249866370637363],[124.843587024632285,8.249865953086607],[124.843587862962735,8.250046767701878],[124.843497109308956,8.250047185261909]]]}},
{"type":"Feature","properties":{"fid":394,"landuse":10},"geometry":{"type":"Polygon","coordinates":[[[124.84349585188221,8.249775963324447],[124.843495432749478,8.249685556011107],[124.843586186320834,8.249685138469623],[124.843586605474187,8.249775545778329],[124.84349585188221,8.249775963324447]]]}},
{"type":"Feature","properties":{"fid":395,"landuse":11},"geometry":{"type":"Polygon","coordinates":[[[124.839528628414485,8.255399580259384],[124.839528209894382,8.255309172768776],[124.839437454831469,8.255309589673418],[124.839437036336705,8.255219182177756],[124.839346281289664,8.255219599057233],[124.839345862820267,8.255129191556509],[124.8392551077891,8.255129608410821],[124.839254689345069,8.255039200905046],[124.839345444355629,8.25503878405536],[124.83934460744058,8.25485796905178],[124.839435362405155,8.254857552190812],[124.839434943934094,8.254767144693004],[124.839525698873331,8.25476672781612],[124.839524861904238,8.254585912828478],[124.839615616797488,8.25458549594031],[124.839614361317572,8.254314273469515],[124.839795870966114,8.254313439659326],[124.839794196894346,8.253951809729291],[124.83988495162906,8.253951392811901],[124.8398841145804,8.253770577853572],[124.839974869269099,8.253770160924901],[124.839973613669855,8.253498938498078],[124.839882859042973,8.253499355412863],[124.839879511151878,8.252776095552143],[124.839970265613857,8.252775678674379],[124.839965662532506,8.251781196372059],[124.839874908297261,8.251781613198911],[124.839873653072857,8.251510390729949],[124.839964407246271,8.251509973916981],[124.839963988827023,8.251419566431098],[124.839873234674229,8.25141998323944],[124.839870306016493,8.250787130793887],[124.839961060025018,8.250786714017941],[124.839960641643714,8.250696306528635],[124.840051395626901,8.250695889736788],[124.840050558837291,8.250515074766149],[124.84014131277452,8.250514657963031],[124.84014047596267,8.250333842999936],[124.840231229853927,8.250333426185543],[124.840229556204733,8.249971796272737],[124.840320310008806,8.24997137945633],[124.840317799553659,8.249428934602051],[124.840499306900384,8.249428100963213],[124.840498888466584,8.249337693495264],[124.840680395753097,8.249336859783577],[124.840680814228094,8.24942726724227],[124.840771567884843,8.249426850351007],[124.840771986385178,8.249517257804643],[124.840953493725664,8.249516423951281],[124.84095474937881,8.249787646281838],[124.84086399564913,8.249788063232671],[124.840864414189085,8.249878470679965],[124.841318182893033,8.249876385697362],[124.841317345611827,8.24969557084866],[124.841408099297183,8.249695153799818],[124.841407680643087,8.249604746379456],[124.841498434303077,8.249604329314721],[124.84149801563315,8.249513921898563],[124.841770276522809,8.249512670595095],[124.841769857795825,8.249422263192406],[124.841860611395603,8.249421846054833],[124.841861867652668,8.249693068247719],[124.84213412860899,8.249691816670136],[124.84213454743265,8.249782224053007],[124.84222530109588,8.249781806814791],[124.842226138798665,8.249962621569985],[124.842316892498346,8.249962204301978],[124.842317730261328,8.250143019046192],[124.842408483997474,8.250142601748388],[124.842408902906698,8.250233009115217],[124.842318149149946,8.250233426417656],[124.842319405844307,8.250504648529484],[124.842228652020992,8.250505065825299],[124.842228233138727,8.250414658450484],[124.842137479331271,8.250415075721135],[124.842137898192917,8.250505483100582],[124.842047144360109,8.250505900355336],[124.842047563205909,8.25059630773899],[124.841866055484829,8.250597142196183],[124.84186563668024,8.250506734803263],[124.841774882833164,8.25050715199643],[124.841774464053955,8.250416744598452],[124.841592956386819,8.250417578913938],[124.84159253765354,8.250327171506262],[124.841320276179033,8.250328422811632],[124.841319857512346,8.250238015389632],[124.841229103698623,8.250238432445734],[124.841230359651149,8.250509654724338],[124.841139605770863,8.250510071773807],[124.841140443055039,8.250690886633331],[124.841049689128795,8.25069130367153],[124.841051363671667,8.251052933403969],[124.840960609658268,8.251053350440163],[124.84096228419466,8.251414980184277],[124.840871530094049,8.251415397218462],[124.84087236734949,8.25159621209721],[124.840781613202907,8.251596629120124],[124.840782450436123,8.251777444006427],[124.840873204623918,8.251777026974251],[124.84087487922973,8.252138656723186],[124.840965633495216,8.252138239651956],[124.840967308259394,8.252499869375519],[124.841058062602585,8.252499452265234],[124.841058481326087,8.252589859690424],[124.84096772696229,8.252590276805343],[124.840968564382337,8.252771091663698],[124.841059318787359,8.252770674539519],[124.841059737525114,8.252861081963426],[124.840878228669084,8.252861916200509],[124.840879066076397,8.253042731065559],[124.840788311600036,8.253043148162561],[124.8407887302902,8.253133555599074],[124.840879484787152,8.253133138497443],[124.840881159677679,8.253494768220691],[124.840790405098261,8.253495185340844],[124.840791242530742,8.253676000209161],[124.840700487905352,8.25367641731804],[124.84070006920733,8.253586009879463],[124.840609314597813,8.253586426963173],[124.840609733275187,8.253676834406377],[124.840518978640304,8.25367725147418],[124.840519815968079,8.253858066368563],[124.84042906128721,8.253858483425086],[124.84043031725264,8.254129705777343],[124.840339562505179,8.254130122827217],[124.840339981149171,8.254220530281742],[124.840430735917266,8.254220113227234],[124.840431154586625,8.2543105206767],[124.840340399797924,8.254310937735832],[124.840341655772662,8.254582160095552],[124.840250900917368,8.254582577148035],[124.840251738216324,8.254763392061628],[124.840160983315059,8.254763809102828],[124.840161401951036,8.254854216563615],[124.839979892093041,8.254855050593651],[124.839980729296755,8.255035865532451],[124.839889974319377,8.255036282525916],[124.839890811500865,8.255217097472258],[124.839800056477515,8.255217514454438],[124.839800475054744,8.255307921931596],[124.839709720006013,8.255308338897862],[124.839710138567369,8.255398746379216],[124.839528628414485,8.255399580259384]],[[124.840699231825553,8.253405195001029],[124.840789986389126,8.253404777906045],[124.840789148985081,8.253223963035156],[124.840516885403858,8.25322521423073],[124.84051730404164,8.253315621680272],[124.840698813141785,8.253314787561171],[124.840699231825553,8.253405195001029]]]}},
{"type":"Feature","properties":{"fid":396,"landuse":2},"geometry":{"type":"Polygon","coordinates":[[[124.839778296997153,8.250516325052333],[124.839776623722145,8.250154695050382],[124.839867377591162,8.250154278327361],[124.839864031103914,8.249431018339939],[124.839954784803354,8.249430601633414],[124.83995394818777,8.249249786641535],[124.840135455489985,8.249248953185417],[124.840135037148087,8.249158545698094],[124.840225790771484,8.249158128943877],[124.840225372413741,8.249067721460753],[124.840406879605098,8.2490668879],[124.840408134816215,8.249338110320314],[124.840317381161086,8.249338527124841],[124.840319473171462,8.249790564506617],[124.840228719408572,8.249790981313762],[124.840229137804258,8.249881388793463],[124.840138384016029,8.249881805584709],[124.840139220780458,8.250062620552086],[124.840048466946271,8.250063037332062],[124.840049722066652,8.250334259793798],[124.839958968165888,8.25033467656713],[124.839959804895329,8.25051549154874],[124.839778296997153,8.250516325052333]]]}},
{"type":"Feature","properties":{"fid":397,"landuse":11},"geometry":{"type":"Polygon","coordinates":[[[124.83932452716877,8.250518408452059],[124.839323690727838,8.250337593405668],[124.839232936789159,8.250338010014771],[124.839232100408424,8.250157194957419],[124.83905059259925,8.250158028095539],[124.839051010746033,8.250248435633683],[124.83886950287669,8.250249268698941],[124.838869920987008,8.250339676245908],[124.838688413057483,8.250340509238306],[124.838687158864374,8.250069286568369],[124.8387779127697,8.25006887009631],[124.838777494694213,8.249978462543432],[124.838686740809493,8.249978879010863],[124.838686322759344,8.249888471452934],[124.838777076623444,8.249888054990128],[124.838775404387846,8.249526424772633],[124.838866158164777,8.249526008307797],[124.838865322034195,8.249345193205732],[124.838956075765211,8.249344776729624],[124.838955239612389,8.249163961635094],[124.839045993297418,8.249163545147709],[124.839045575207521,8.24907313760443],[124.839136328867198,8.249072721101147],[124.839135910761442,8.248982313562063],[124.839226664395795,8.24898189704288],[124.83922624627418,8.248891489507997],[124.839316999883181,8.248891072972917],[124.839316581745678,8.248800665442232],[124.839588842482442,8.248799415727717],[124.839589678885801,8.248980230760893],[124.839771186102354,8.24897939749675],[124.83977076785709,8.248888989989632],[124.839861521437669,8.248888573331399],[124.839861939703511,8.24897898083389],[124.839952693299935,8.248978564150507],[124.839953529887069,8.249159379144952],[124.839862776249447,8.249159795837594],[124.839863194529528,8.249250203338804],[124.83977244086654,8.249250620015546],[124.839773695673429,8.249521842530489],[124.839682941943906,8.249522259200589],[124.839683778464334,8.249703074217669],[124.839502270908611,8.2497039075148],[124.839502689134733,8.249794315031949],[124.839411935329181,8.249794731654349],[124.83941235353943,8.249885139175701],[124.839593861187026,8.249884305901116],[124.839594279443219,8.249974713412785],[124.839685033280531,8.249974296740078],[124.839685869848367,8.250155111752873],[124.839595115969871,8.25015552843484],[124.839595952515467,8.250336343455182],[124.839505198591013,8.250336760125871],[124.839505616850303,8.250427167640028],[124.839414862900483,8.250427584294817],[124.839415281143928,8.250517991813172],[124.83932452716877,8.250518408452059]]]}},
{"type":"Feature","properties":{"fid":398,"landuse":5},"geometry":{"type":"Polygon","coordinates":[[[124.83623179196033,8.248995631338625],[124.836230957081625,8.248814815963344],[124.836321710826368,8.248814400110208],[124.836322128283939,8.248904807793444],[124.836412882044556,8.248904391915161],[124.836413299527479,8.248994799593348],[124.83623179196033,8.248995631338625]]]}},
{"type":"Feature","properties":{"fid":399,"landuse":11},"geometry":{"type":"Polygon","coordinates":[[[124.839588842482442,8.248799415727717],[124.839588006098083,8.248618600692824],[124.839678759626324,8.248618184089525],[124.839679596051894,8.248798999115161],[124.839588842482442,8.248799415727717]]]}},
{"type":"Feature","properties":{"fid":400,"landuse":11},"geometry":{"type":"Polygon","coordinates":[[[124.840224117368948,8.248796499008815],[124.840223280696122,8.248615684038713],[124.840314034191152,8.248615267291745],[124.840314870905203,8.248796082252587],[124.840224117368948,8.248796499008815]]]}},
{"type":"Feature","properties":{"fid":401,"landuse":5},"geometry":{"type":"Polygon","coordinates":[[[124.843671491058544,8.248509425915772],[124.843670652848473,8.248328611295223],[124.843761406101265,8.248328193782251],[124.843762244352533,8.248509008393524],[124.843671491058544,8.248509425915772]]]}},
{"type":"Feature","properties":{"fid":402,"landuse":11},"geometry":{"type":"Polygon","coordinates":[[[124.839769094923525,8.248527359956869],[124.839768676701979,8.248436952447607],[124.83985943017953,8.248436535812516],[124.839858593709479,8.248255720801962],[124.839949347141072,8.248255304155602],[124.839950183652334,8.248436119156896],[124.840040937120406,8.248435702480755],[124.840041355403727,8.248526109976135],[124.839769094923525,8.248527359956869]]]}},
{"type":"Feature","properties":{"fid":403,"landuse":7},"geometry":{"type":"Polygon","coordinates":[[[124.836413299527479,8.248994799593348],[124.836412882044556,8.248904391915161],[124.836322128283939,8.248904807793444],[124.836321710826368,8.248814400110208],[124.836230957081625,8.248814815963344],[124.836230539649364,8.248724408275063],[124.836502800807565,8.248723160667936],[124.836500295942571,8.248180714612397],[124.837226324500534,8.248177386978742],[124.837226742131037,8.248267794618769],[124.83713598855725,8.24826821064943],[124.837136823791184,8.248449025937449],[124.837046070171482,8.248449441956826],[124.837046905383175,8.248630257252371],[124.836865398047124,8.248631089248038],[124.836865815618864,8.248721496904412],[124.836684308222686,8.24872232882722],[124.836684725757962,8.248812736492408],[124.836593972032148,8.248813152427642],[124.836594807075684,8.248993967765971],[124.836413299527479,8.248994799593348]]]}},
{"type":"Feature","properties":{"fid":404,"landuse":7},"geometry":{"type":"Polygon","coordinates":[[[124.844499593237217,8.250946663559377],[124.84449917381599,8.250856256302621],[124.844317666227823,8.250857091896217],[124.844317246852583,8.250766684629752],[124.844226493071986,8.250767102391118],[124.844226073722112,8.250676695119585],[124.844044566187847,8.250677530571446],[124.844044146883945,8.250587123290211],[124.843953393130278,8.25058754098071],[124.843952973851742,8.250497133694411],[124.843862220113948,8.250497551359743],[124.843861800860765,8.250407144068374],[124.843771047138816,8.250407561708538],[124.84377062791097,8.250317154412105],[124.843679874204881,8.250317572027102],[124.84367945500243,8.250227164725603],[124.843588701312186,8.250227582315434],[124.843587024632285,8.249865953086607],[124.843496271019703,8.249866370637363],[124.84349585188221,8.249775963324447],[124.843586605474187,8.249775545778329],[124.843585348028398,8.249504323850926],[124.843676101553783,8.249503906298191],[124.843675263239163,8.24932309168706],[124.843766016718604,8.249322674123073],[124.843765178381759,8.249141859519501],[124.843855931815241,8.249141441944266],[124.84385425511617,8.248779812750541],[124.84376350176511,8.248780230307226],[124.843760567868983,8.248147379169263],[124.843851321075832,8.248146961645046],[124.843850901946226,8.248056554342549],[124.844032408304486,8.248055719241815],[124.844031989138415,8.247965311948166],[124.844213495436435,8.247964476774619],[124.844213076233942,8.24787406948982],[124.844394582471736,8.24787323424346],[124.844395001715455,8.247963641518984],[124.844485754847824,8.247963223860385],[124.844487012669276,8.248234445670461],[124.844577765858688,8.24823402797742],[124.844581539765215,8.249047693342787],[124.844309279626415,8.249048946485608],[124.844313053361716,8.24986261194157],[124.844040792623829,8.249863865024912],[124.844043308290381,8.250406308726458],[124.844587830465215,8.250403802208021],[124.844590347044758,8.250946245727148],[124.844499593237217,8.250946663559377]]]}},
{"type":"Feature","properties":{"fid":405,"landuse":5},"geometry":{"type":"Polygon","coordinates":[[[124.837317078048983,8.248176970932182],[124.837315825124165,8.24790574802339],[124.837406578606064,8.247905331970172],[124.837407831592685,8.248176554865095],[124.837317078048983,8.248176970932182]]]}},
{"type":"Feature","properties":{"fid":406,"landuse":5},"geometry":{"type":"Polygon","coordinates":[[[124.837406578606064,8.247905331970172],[124.837405325662104,8.247634109071395],[124.837496079077468,8.247633693011519],[124.837497332083231,8.247904915896429],[124.837406578606064,8.247905331970172]]]}},
{"type":"Feature","properties":{"fid":407,"landuse":10},"geometry":{"type":"Polygon","coordinates":[[[124.840308177724353,8.247349562517932],[124.840307759440847,8.247259155030878],[124.840398512622158,8.247258738332823],[124.840398930926241,8.247349145815248],[124.840308177724353,8.247349562517932]]]}},
{"type":"Feature","properties":{"fid":408,"landuse":10},"geometry":{"type":"Polygon","coordinates":[[[124.840217006254846,8.247259571708414],[124.840216587996679,8.247169164216306],[124.840307341162116,8.247168747543398],[124.840307759440847,8.247259155030878],[124.840217006254846,8.247259571708414]]]}},
{"type":"Feature","properties":{"fid":409,"landuse":10},"geometry":{"type":"Polygon","coordinates":[[[124.840125834826523,8.247169580868693],[124.840124998365653,8.246988765873931],[124.840215751494654,8.246988349230802],[124.840216587996679,8.247169164216306],[124.840125834826523,8.247169580868693]]]}},
{"type":"Feature","properties":{"fid":410,"landuse":2},"geometry":{"type":"Polygon","coordinates":[[[124.841668219491225,8.247072087568878],[124.841667800913001,8.246981680150002],[124.841758553961299,8.246981263158032],[124.841758972560143,8.247071670572273],[124.841668219491225,8.247072087568878]]]}},
{"type":"Feature","properties":{"fid":411,"landuse":10},"geometry":{"type":"Polygon","coordinates":[[[124.840034245231934,8.246989182496545],[124.840032572449559,8.246627552483375],[124.839941819393474,8.246627969066951],[124.839940983071941,8.246447154048546],[124.8400317360868,8.246446737474228],[124.840031317912562,8.246356329969009],[124.840212823886887,8.24635549676807],[124.840213242102351,8.24644590426403],[124.840122489096942,8.246446320879388],[124.840124998365653,8.246988765873931],[124.840034245231934,8.246989182496545]]]}},
{"type":"Feature","properties":{"fid":412,"landuse":10},"geometry":{"type":"Polygon","coordinates":[[[124.841483365175847,8.246349662063421],[124.841482946676805,8.246259254631861],[124.841573699569821,8.246258837717985],[124.841574118089483,8.246349245144916],[124.841483365175847,8.246349662063421]]]}},
{"type":"Feature","properties":{"fid":413,"landuse":2},"geometry":{"type":"Polygon","coordinates":[[[124.837512789326254,8.251249997827028],[124.837511535794718,8.250978774989616],[124.837420781616984,8.250979191220502],[124.837418692595534,8.250527153126473],[124.837327938516125,8.250527569313725],[124.837326267466636,8.250165938812314],[124.837235513464904,8.250166354960546],[124.837233842573639,8.249804724433801],[124.837324596492934,8.249804308304055],[124.837323761034497,8.249623493047361],[124.837414514907834,8.249623076906328],[124.837414097165137,8.249532669281962],[124.837504851013122,8.249532253125025],[124.837504015500699,8.249351437884251],[124.837594769302768,8.249351021716032],[124.837594351533042,8.249260614099624],[124.837685105309774,8.249260197915502],[124.837681763157718,8.248536937005817],[124.837591009545818,8.248537353152958],[124.837590174096377,8.248356537912013],[124.83740866694076,8.248357370126241],[124.837408249264371,8.248266962495881],[124.837317495700049,8.248267378567588],[124.837317078048983,8.248176970932182],[124.837407831592685,8.248176554865095],[124.837406578606064,8.247905331970172],[124.837497332083231,8.247904915896429],[124.837496079077468,8.247633693011519],[124.837677585893971,8.247632860830201],[124.837675915121082,8.247271230347977],[124.838038928367709,8.24726956581304],[124.838039346136199,8.247359973415747],[124.838311606083195,8.247358724785204],[124.838312023918249,8.247449132373612],[124.838584283884373,8.247447883544508],[124.838583865987545,8.247357475969974],[124.838946879126993,8.247355810595701],[124.838946461152489,8.247265403039238],[124.839127967652573,8.247264570238229],[124.839127549641631,8.247174162690587],[124.839218302863955,8.247173746263929],[124.83921788483714,8.247083338720486],[124.83930863803414,8.247082922277935],[124.839307801953538,8.246902107199023],[124.839398555104609,8.246901690745203],[124.839397300957472,8.246630468137507],[124.839488054041979,8.246630051677046],[124.839487217926418,8.246449236612367],[124.839577970964996,8.246448820140639],[124.839577552893729,8.246358412612285],[124.839668305906983,8.246357996124667],[124.839667887819857,8.24626758860051],[124.839758640807759,8.246267172096999],[124.839758222704788,8.246176764577044],[124.839848975667337,8.246176348057645],[124.839849393790928,8.246266755572973],[124.839940146769351,8.246266339028427],[124.83994056491828,8.246356746538702],[124.840031317912562,8.246356329969009],[124.8400317360868,8.246446737474228],[124.839940983071941,8.246447154048546],[124.839941819393474,8.246627969066951],[124.840032572449559,8.246627552483375],[124.840034245231934,8.246989182496545],[124.840124998365653,8.246988765873931],[124.840126253064042,8.24725998836543],[124.840035499868549,8.247260405001926],[124.840036336316643,8.247441220003378],[124.840127089553363,8.247440803357621],[124.840128344322892,8.247712025842704],[124.840037591024398,8.247712442502339],[124.840038009269804,8.24780285000114],[124.839947255945944,8.247803266644882],[124.839947674175505,8.247893674147882],[124.839766167472348,8.247894507383059],[124.839767422065833,8.248165729917256],[124.839676668645353,8.248166146517944],[124.839677505023502,8.248346961547863],[124.839586751557064,8.248347378137279],[124.839587169732653,8.248437785656222],[124.839496416240905,8.248438202229746],[124.83949683440062,8.248528609752887],[124.839406080883506,8.248529026310511],[124.83940649902739,8.248619433837852],[124.839315745484924,8.248619850379578],[124.839316163612935,8.248710257911121],[124.839225410045131,8.24871067443695],[124.839225828157296,8.248801081972688],[124.839135074564126,8.248801498482621],[124.839135492660418,8.248891906022557],[124.839044739041938,8.248892322516587],[124.839045157122342,8.248982730060723],[124.83895440347851,8.248983146538855],[124.838955239612389,8.249163961635094],[124.838864485922613,8.249164378101955],[124.838864903976031,8.249254785654054],[124.838774150260917,8.249255202105015],[124.838774986340795,8.249436017217187],[124.838684232579723,8.24943643365687],[124.838684650606154,8.249526841216941],[124.838593896819759,8.24952725764072],[124.838594732845664,8.249708072768827],[124.838503979013282,8.24970848918133],[124.838505651039554,8.2500701194509],[124.838414897120003,8.250070535861376],[124.838417405177935,8.250612981280641],[124.838326651130046,8.250613397698331],[124.838327069135659,8.250703805271336],[124.838236315062403,8.250704221673121],[124.83823715104667,8.250885036827093],[124.838055642803525,8.250885869587574],[124.838056478724283,8.251066684758328],[124.837965724554394,8.251067101117018],[124.837966142501287,8.251157508706374],[124.837784634106058,8.251158341371413],[124.837785052016457,8.251248748969587],[124.837512789326254,8.251249997827028]]]}},
{"type":"Feature","properties":{"fid":414,"landuse":11},"geometry":{"type":"Polygon","coordinates":[[[124.839849393790928,8.246266755572973],[124.839848975667337,8.246176348057645],[124.839939728625183,8.246175931517728],[124.839940146769351,8.246266339028427],[124.839849393790928,8.246266755572973]]]}},
{"type":"Feature","properties":{"fid":415,"landuse":10},"geometry":{"type":"Polygon","coordinates":[[[124.840211987470212,8.246174681774868],[124.840211569269002,8.246084274277624],[124.840302322187256,8.246083857660262],[124.840302740409072,8.246174265152874],[124.840211987470212,8.246174681774868]]]}},
{"type":"Feature","properties":{"fid":416,"landuse":10},"geometry":{"type":"Polygon","coordinates":[[[124.841482109692933,8.24607843976745],[124.841481272728061,8.245897624901328],[124.841572025538682,8.245897208005983],[124.841572862544751,8.246078022862841],[124.841482109692933,8.24607843976745]]]}},
{"type":"Feature","properties":{"fid":417,"landuse":7},"geometry":{"type":"Polygon","coordinates":[[[124.837675497439733,8.247180822726351],[124.837670068012898,8.246005523606295],[124.837942327089877,8.246004275430028],[124.837940656410908,8.245642644972479],[124.838031409344708,8.24564222889118],[124.83803391551514,8.246184674547196],[124.838124668567772,8.246184258417641],[124.838126339525218,8.24654588882794],[124.838035586390177,8.246546304975988],[124.838036004120795,8.24663671258212],[124.838126757276427,8.246636296429447],[124.838128010558449,8.246907519231396],[124.838037257341043,8.246907935397937],[124.83803767509059,8.246998343002355],[124.837946921847831,8.246998759153001],[124.837947339581532,8.247089166761613],[124.837765833040635,8.247089999010591],[124.837766250737872,8.247180406628022],[124.837675497439733,8.247180822726351]]]}},
{"type":"Feature","properties":{"fid":418,"landuse":10},"geometry":{"type":"Polygon","coordinates":[[[124.841570351583499,8.245535578287138],[124.84156993310657,8.245445170856357],[124.841660685809487,8.245444753963657],[124.841661104307022,8.245535161389803],[124.841570351583499,8.245535578287138]]]}},
{"type":"Feature","properties":{"fid":419,"landuse":2},"geometry":{"type":"Polygon","coordinates":[[[124.843059687389186,8.253575158494645],[124.843059268159919,8.253484751176099],[124.842968513694444,8.253485168789126],[124.842968094490573,8.253394761465517],[124.843149603375551,8.253393926228199],[124.843149184135186,8.253303518913434],[124.842876920862423,8.2533047717247],[124.84287650168865,8.2532143643956],[124.842785747275514,8.253214781953647],[124.842785328127107,8.253124374619482],[124.842694573729844,8.253124792152358],[124.842694154606804,8.253034384813132],[124.842603400225386,8.253034802320837],[124.842601304784495,8.252582765595108],[124.842510550501387,8.252583183059103],[124.842510131448066,8.252492775708037],[124.842419377180846,8.252493193146867],[124.842416444084876,8.251860341644974],[124.842234935824735,8.251861176396154],[124.84223451687123,8.251770769027759],[124.842325270983082,8.251770351667071],[124.842324433049129,8.251589536938264],[124.84241518711498,8.251589119566313],[124.84241434915883,8.251408304845064],[124.842323595134161,8.251408722207749],[124.842322757238207,8.251227907475521],[124.842232003250004,8.251228324808409],[124.84223032759752,8.250866695320278],[124.842321081503272,8.250866278005928],[124.8423206625814,8.250775870637458],[124.842411416461786,8.250775453307215],[124.84241099752407,8.25068504594295],[124.842501751379103,8.25068462859681],[124.842500494532629,8.250413406515358],[124.842591248321085,8.250412989162594],[124.84258789677456,8.249689730296961],[124.842497143150965,8.24969014761265],[124.842496724249614,8.249599740247886],[124.842405970641863,8.24960015753841],[124.842404295166432,8.249238528056535],[124.842313541636329,8.249238945308001],[124.842311866319307,8.24887731580074],[124.842221112866866,8.248877733013142],[124.842220694070107,8.248787325630625],[124.842311447501899,8.248786908422856],[124.842310191078255,8.248515686286634],[124.842400944443526,8.248515269072241],[124.842400106810274,8.24833445432189],[124.842309353486229,8.24833487152701],[124.842308934697328,8.248244464146556],[124.842399688000782,8.248244046946068],[124.842398850396037,8.24806323219315],[124.842671110154342,8.248061980496352],[124.842671947882693,8.248242795221465],[124.842853454446868,8.248241960635781],[124.842854292276627,8.248422775340643],[124.842945045592799,8.248422358007744],[124.84294546453539,8.248512765354899],[124.843217724517217,8.248511513219153],[124.843217305512809,8.248421105885912],[124.843398812102393,8.248420271035402],[124.843397554994056,8.248149049060917],[124.843306801763447,8.248149466482522],[124.843305544759687,8.247878244490277],[124.843396297928493,8.247877827082583],[124.843395878916141,8.247787419755612],[124.843305125767941,8.247787837158674],[124.843303449848449,8.247426207827978],[124.843212696777883,8.247426625191967],[124.84321143994994,8.247155403175544],[124.843120686936416,8.247155820505105],[124.843119849116107,8.246975005816079],[124.84302909613902,8.246975423115847],[124.84302825837888,8.246794608415835],[124.842937505438258,8.246795025685815],[124.842935411224033,8.24634298890512],[124.843026164061669,8.246342571658323],[124.843024069863219,8.245890534890105],[124.842933317128569,8.245890952113726],[124.842931641937696,8.245529322672914],[124.842840889280652,8.245529739857476],[124.842839214248173,8.245168110391274],[124.842929966822823,8.245167693225255],[124.842929548055977,8.245077285862271],[124.843020300605318,8.245076868680369],[124.843019881822627,8.244986461321593],[124.843110634346601,8.244986044123813],[124.84311021554808,8.244895636769245],[124.843291720540591,8.244894802321413],[124.843289626413295,8.244442765588518],[124.84338037879948,8.244442348357014],[124.843379959967677,8.244351941013788],[124.843289207602098,8.244352358240656],[124.843287113617336,8.243900321494928],[124.843196361349982,8.243900738678098],[124.843194686330037,8.243539109255273],[124.843103934140288,8.243539526399388],[124.843100165808693,8.242725860131282],[124.84319091781316,8.24272544302889],[124.843190499112808,8.242635035668265],[124.843281251091966,8.242634618550001],[124.843280413664331,8.242453803836739],[124.84337116559756,8.242453386707238],[124.843372003066335,8.242634201411226],[124.843462755035972,8.242633784251943],[124.84346233627862,8.242543376904798],[124.843553088222905,8.242542959729644],[124.843553507000877,8.24263336707215],[124.843644258960992,8.242632949871851],[124.843644677764274,8.242723357209291],[124.843916933677917,8.242722105471421],[124.843917352547706,8.242812512794522],[124.844008104530019,8.242812095502911],[124.844008523425146,8.242902502820945],[124.844190027416658,8.242901668166915],[124.844190446357715,8.242992075475245],[124.844371950371396,8.242991240729895],[124.844375302400408,8.243714499106918],[124.844284550231237,8.24371491652696],[124.844288740489475,8.244618989506133],[124.844016483335736,8.244620241782345],[124.84402905510909,8.24733246088064],[124.844301314116422,8.247331208186951],[124.844302571714437,8.247602430033851],[124.84457483086436,8.247601177113722],[124.844577765858688,8.24823402797742],[124.844487012669276,8.248234445670461],[124.844485754847824,8.247963223860385],[124.844395001715455,8.247963641518984],[124.844394582471736,8.24787323424346],[124.844213076233942,8.24787406948982],[124.844213495436435,8.247964476774619],[124.844031989138415,8.247965311948166],[124.844032408304486,8.248055719241815],[124.843850901946226,8.248056554342549],[124.843851321075832,8.248146961645046],[124.843760567868983,8.248147379169263],[124.843761406101265,8.248328193782251],[124.843670652848473,8.248328611295223],[124.843671491058544,8.248509425915772],[124.843762244352533,8.248509008393524],[124.84376350176511,8.248780230307226],[124.84385425511617,8.248779812750541],[124.843855931815241,8.249141441944266],[124.843765178381759,8.249141859519501],[124.843766016718604,8.249322674123073],[124.843675263239163,8.24932309168706],[124.843676101553783,8.249503906298191],[124.843585348028398,8.249504323850926],[124.843586186320834,8.249685138469623],[124.843495432749478,8.249685556011107],[124.843496271019703,8.249866370637363],[124.843314763780299,8.249867205677294],[124.843315182881327,8.249957612999056],[124.843224429233913,8.249958030492868],[124.843229877711835,8.251133325697078],[124.843320631627165,8.251132908142988],[124.843321469967023,8.251313722774096],[124.843412223918804,8.251313305190209],[124.843414319954675,8.2517653417373],[124.843505074004753,8.251764924109695],[124.84350717026247,8.252216960622899],[124.843416416109321,8.252217378273686],[124.843418093118572,8.252579007495093],[124.843599601584998,8.252578172135882],[124.843600020890392,8.252668579430889],[124.843509266638961,8.252668997125397],[124.843510524521889,8.25294021902176],[124.843419770203866,8.252940636709646],[124.843420189487048,8.253031044012213],[124.843329435143644,8.2530314616842],[124.84333027368308,8.253212276297329],[124.843421028067723,8.253211858616064],[124.84342186666737,8.253392673218205],[124.843240357810913,8.253393508578737],[124.843241196347122,8.253574323197711],[124.843059687389186,8.253575158494645]],[[124.842965998542383,8.252942724841054],[124.843056752884181,8.252942307255841],[124.843056333688196,8.252851899934299],[124.842965579367004,8.252852317514876],[124.842965998542383,8.252942724841054]]]}},
{"type":"Feature","properties":{"fid":420,"landuse":5},"geometry":{"type":"Polygon","coordinates":[[[124.838312023918249,8.247449132373612],[124.838311606083195,8.247358724785204],[124.838039346136199,8.247359973415747],[124.838038928367709,8.24726956581304],[124.837675915121082,8.247271230347977],[124.837675497439733,8.247180822726351],[124.837766250737872,8.247180406628022],[124.837765833040635,8.247089999010591],[124.837947339581532,8.247089166761613],[124.837946921847831,8.246998759153001],[124.83803767509059,8.246998343002355],[124.838037257341043,8.246907935397937],[124.838128010558449,8.246907519231396],[124.838126757276427,8.246636296429447],[124.838036004120795,8.24663671258212],[124.838035586390177,8.246546304975988],[124.838126339525218,8.24654588882794],[124.838124668567772,8.246184258417641],[124.83803391551514,8.246184674547196],[124.838031409344708,8.24564222889118],[124.837940656410908,8.245642644972479],[124.837934392039898,8.244286530695721],[124.838478907718255,8.244284034316312],[124.838477654601334,8.24401281153264],[124.838749912191204,8.244011563107627],[124.838748658931621,8.243740340361729],[124.839020916293549,8.243739091793731],[124.839019662891317,8.243467869085613],[124.839291920025275,8.243466620374642],[124.83929066648038,8.243195397704309],[124.839562923386396,8.24319414885038],[124.839559998181926,8.242561296035133],[124.840013758876523,8.242559214363668],[124.840013340906197,8.242468806840062],[124.840104093010311,8.24246839044887],[124.840103675024153,8.242377982929463],[124.840375931246257,8.242376733646726],[124.840376767346839,8.242557548657336],[124.840286015236359,8.242557965114685],[124.840291868183513,8.24382367020589],[124.840201115780076,8.243824086707528],[124.840202370042221,8.244095309230056],[124.840111617572248,8.244095725725069],[124.840115380429495,8.244909393311209],[124.840206133084791,8.244908976774536],[124.840206969368637,8.245089791779716],[124.840297722060356,8.245089375213272],[124.840298140230004,8.245179782710593],[124.840388892937568,8.245179366119006],[124.840389311132554,8.245269773611268],[124.840480063855978,8.245269356994536],[124.840480482076273,8.245359764481741],[124.840571234815556,8.245359347839864],[124.84057165306119,8.245449755322008],[124.84048090030133,8.245450171968518],[124.840482573248991,8.245811801911353],[124.840391820402004,8.24581221855586],[124.840392238630187,8.245902626045128],[124.840301485757863,8.245903042673749],[124.840302322187256,8.246083857660262],[124.840211569269002,8.246084274277624],[124.840212823886887,8.24635549676807],[124.83994056491828,8.246356746538702],[124.839939728625183,8.246175931517728],[124.839758222704788,8.246176764577044],[124.839758640807759,8.246267172096999],[124.839667887819857,8.24626758860051],[124.839668305906983,8.246357996124667],[124.839577552893729,8.246358412612285],[124.839577970964996,8.246448820140639],[124.839487217926418,8.246449236612367],[124.839488054041979,8.246630051677046],[124.839397300957472,8.246630468137507],[124.839398555104609,8.246901690745203],[124.839307801953538,8.246902107199023],[124.83930863803414,8.247082922277935],[124.83921788483714,8.247083338720486],[124.839218302863955,8.247173746263929],[124.839127549641631,8.247174162690587],[124.839127967652573,8.247264570238229],[124.838946461152489,8.247265403039238],[124.838946879126993,8.247355810595701],[124.838583865987545,8.247357475969974],[124.838584283884373,8.247447883544508],[124.838312023918249,8.247449132373612]]]}},
{"type":"Feature","properties":{"fid":421,"landuse":2},"geometry":{"type":"Polygon","coordinates":[[[124.839559998181926,8.242561296035133],[124.839559162451906,8.242380480941213],[124.839286906101762,8.242381729670221],[124.839284399396007,8.241839284294924],[124.83973815933831,8.241837203116171],[124.839738577213652,8.241927610656655],[124.839829329208484,8.241927194354757],[124.839828911312523,8.241836786818901],[124.840373423058352,8.241834288604622],[124.840373841077806,8.24192469611271],[124.840464593039428,8.241924279667259],[124.840465429133744,8.242105094672889],[124.840374677130953,8.242105511127596],[124.840375931246257,8.242376733646726],[124.840103675024153,8.242377982929463],[124.840104093010311,8.24246839044887],[124.840013340906197,8.242468806840062],[124.840013758876523,8.242559214363668],[124.839559998181926,8.242561296035133]]]}},
{"type":"Feature","properties":{"fid":422,"landuse":2},"geometry":{"type":"Polygon","coordinates":[[[124.839283146107135,8.241568061601503],[124.839281475121666,8.241206431337622],[124.839372226975513,8.241206015175273],[124.83937389804332,8.241567645420647],[124.839283146107135,8.241568061601503]]]}},
{"type":"Feature","properties":{"fid":423,"landuse":7},"geometry":{"type":"Polygon","coordinates":[[[124.840672445629508,8.247619117987099],[124.840672027249397,8.247528710519848],[124.840581274020536,8.247529127293356],[124.840580855665763,8.247438719821046],[124.84049010245279,8.247439136569406],[124.840489684123369,8.247348729092039],[124.840398930926241,8.247349145815248],[124.840398512622158,8.247258738332823],[124.840307759440847,8.247259155030878],[124.840307341162116,8.247168747543398],[124.840216587996679,8.247169164216306],[124.840215751494654,8.246988349230802],[124.840124998365653,8.246988765873931],[124.840122489096942,8.246446320879388],[124.840213242102351,8.24644590426403],[124.840211987470212,8.246174681774868],[124.840302740409072,8.246174265152874],[124.840301485757863,8.245903042673749],[124.840392238630187,8.245902626045128],[124.840391820402004,8.24581221855586],[124.840482573248991,8.245811801911353],[124.84048090030133,8.245450171968518],[124.84057165306119,8.245449755322008],[124.840571234815556,8.245359347839864],[124.840480482076273,8.245359764481741],[124.840480063855978,8.245269356994536],[124.840389311132554,8.245269773611268],[124.840388892937568,8.245179366119006],[124.840298140230004,8.245179782710593],[124.840297722060356,8.245089375213272],[124.840206969368637,8.245089791779716],[124.840206133084791,8.244908976774536],[124.840115380429495,8.244909393311209],[124.840111617572248,8.244095725725069],[124.840202370042221,8.244095309230056],[124.840201115780076,8.243824086707528],[124.840291868183513,8.24382367020589],[124.840286015236359,8.242557965114685],[124.840376767346839,8.242557548657336],[124.840374677130953,8.242105511127596],[124.840465429133744,8.242105094672889],[124.840465847188014,8.242195502175061],[124.840556599206636,8.242195085695217],[124.840557017286244,8.242285493192334],[124.840647769320711,8.242285076687349],[124.840648605535335,8.24246589167104],[124.840739357606239,8.24246547513629],[124.840739775741241,8.242555882622865],[124.840921279909978,8.242555049482574],[124.840921698090909,8.24264545695946],[124.841012450188771,8.242645040353921],[124.841008686545948,8.241831373088223],[124.841099438453782,8.241830956503852],[124.841097765764673,8.241469326615395],[124.841188517585408,8.24146891002904],[124.841188099404434,8.241378502560488],[124.841278851199831,8.241378085958258],[124.841278433002984,8.241287678493912],[124.841369184773086,8.241287261875806],[124.841368766560407,8.241196854415664],[124.841459518305157,8.241196437781689],[124.841458681852899,8.241015622869377],[124.841640185245822,8.241014789558436],[124.841639766985637,8.240924382110904],[124.842002773632217,8.240922715261492],[124.842003191974726,8.241013122690491],[124.842184695310706,8.24101228913349],[124.842185532092302,8.241193103971677],[124.84227628379432,8.241192687153152],[124.842279212823556,8.241825539040892],[124.842188460977425,8.241825955891857],[124.842193482464694,8.242910844849133],[124.84210273036679,8.242911261735189],[124.84210440426547,8.243272891392468],[124.842013652080468,8.243273308276548],[124.84201658144184,8.243906160192747],[124.841925829107964,8.243906577088751],[124.841927084558009,8.244177799346032],[124.841836332157612,8.24417821623542],[124.841837169106867,8.244359031080739],[124.841746416660555,8.24435944795888],[124.841748090533642,8.244721077662907],[124.841657338000203,8.244721494539066],[124.841660685809487,8.245444753963657],[124.84156993310657,8.245445170856357],[124.841572025538682,8.245897208005983],[124.841481272728061,8.245897624901328],[124.841483365175847,8.246349662063421],[124.841574118089483,8.246349245144916],[124.841574955143017,8.246530059997493],[124.841665708093089,8.246529643049206],[124.841666545206806,8.246710457890808],[124.841757298193329,8.246710040912737],[124.841758553961299,8.246981263158032],[124.841667800913001,8.246981680150002],[124.841668219491225,8.247072087568878],[124.841577466417576,8.247072504544962],[124.841577884979941,8.247162911968038],[124.841487131880939,8.247163328928234],[124.841487550427459,8.247253736355521],[124.841396797303119,8.247254153299826],[124.84139721583378,8.247344560731314],[124.841306462684116,8.247344977659731],[124.841306881198932,8.247435385095423],[124.841216128023888,8.247435802007951],[124.841216546522844,8.247526209447845],[124.841125793322462,8.247526626344483],[124.841126211805573,8.247617033788583],[124.840672445629508,8.247619117987099]]]}},
{"type":"Feature","properties":{"fid":424,"landuse":10},"geometry":{"type":"Polygon","coordinates":[[[124.842003191974726,8.241013122690491],[124.842002773632217,8.240922715261492],[124.842093525281996,8.240922298497876],[124.842093943645082,8.241012705922245],[124.842003191974726,8.241013122690491]]]}},
{"type":"Feature","properties":{"fid":425,"landuse":2},"geometry":{"type":"Polygon","coordinates":[[[124.840921698090909,8.24264545695946],[124.840921279909978,8.242555049482574],[124.840739775741241,8.242555882622865],[124.840739357606239,8.24246547513629],[124.840648605535335,8.24246589167104],[124.840647769320711,8.242285076687349],[124.840557017286244,8.242285493192334],[124.840556599206636,8.242195085695217],[124.840465847188014,8.242195502175061],[124.840465429133744,8.242105094672889],[124.840556181131774,8.242104678197672],[124.840554926935667,8.241833455702471],[124.840736430794024,8.241832622718293],[124.840736012696951,8.2417422152283],[124.840826764598432,8.241741798710081],[124.840826346485528,8.241651391224288],[124.840917098361686,8.241650974690192],[124.840916680232937,8.241560567208603],[124.841007432083757,8.241560150658632],[124.841006595799371,8.24137933570343],[124.84091584398972,8.241379752244139],[124.84091542587521,8.241289344761265],[124.840824674081418,8.241289761276841],[124.840823837907806,8.241108946300551],[124.840733086150436,8.241109362786361],[124.84073266809132,8.241018955292946],[124.840641916349767,8.241019371753618],[124.840641498316018,8.240928964255147],[124.840550746590282,8.240929380690684],[124.840550328581841,8.240838973187154],[124.841094838741455,8.240836474294129],[124.841094420614255,8.240746066817954],[124.841185172270343,8.24074565026865],[124.841184754127298,8.240655242796677],[124.841275505758034,8.240654826231497],[124.841275923921671,8.240745233698838],[124.841366675568239,8.240744817108524],[124.841367093757185,8.240835224570807],[124.841639348730226,8.240833974662943],[124.841640185245822,8.241014789558436],[124.841458681852899,8.241015622869377],[124.841459518305157,8.241196437781689],[124.841368766560407,8.241196854415664],[124.841369184773086,8.241287261875806],[124.841278433002984,8.241287678493912],[124.841278851199831,8.241378085958258],[124.841188099404434,8.241378502560488],[124.841188517585408,8.24146891002904],[124.841097765764673,8.241469326615395],[124.841099438453782,8.241830956503852],[124.841008686545948,8.241831373088223],[124.841012450188771,8.242645040353921],[124.840921698090909,8.24264545695946]]]}},
{"type":"Feature","properties":{"fid":426,"landuse":7},"geometry":{"type":"Polygon","coordinates":[[[124.840465429133744,8.242105094672889],[124.840464593039428,8.241924279667259],[124.840373841077806,8.24192469611271],[124.840373423058352,8.241834288604622],[124.839828911312523,8.241836786818901],[124.839829329208484,8.241927194354757],[124.839738577213652,8.241927610656655],[124.83973815933831,8.241837203116171],[124.839556655375603,8.241838035649193],[124.839555401901478,8.241566812997414],[124.83937389804332,8.241567645420647],[124.839372226975513,8.241206015175273],[124.839553730668982,8.241205182789054],[124.839551223962545,8.240662737463689],[124.839823479096708,8.240661488813863],[124.839822225622271,8.240390266187054],[124.840457487003803,8.240387352050348],[124.840459158888862,8.240748982088972],[124.840549910578147,8.240748565683198],[124.840550746590282,8.240929380690684],[124.840641498316018,8.240928964255147],[124.840641916349767,8.241019371753618],[124.84073266809132,8.241018955292946],[124.840733086150436,8.241109362786361],[124.840823837907806,8.241108946300551],[124.840824674081418,8.241289761276841],[124.84091542587521,8.241289344761265],[124.84091584398972,8.241379752244139],[124.841006595799371,8.24137933570343],[124.841007432083757,8.241560150658632],[124.840916680232937,8.241560567208603],[124.840917098361686,8.241650974690192],[124.840826346485528,8.241651391224288],[124.840826764598432,8.241741798710081],[124.840736012696951,8.2417422152283],[124.840736430794024,8.241832622718293],[124.840554926935667,8.241833455702471],[124.840556181131774,8.242104678197672],[124.840465429133744,8.242105094672889]]]}},
{"type":"Feature","properties":{"fid":427,"landuse":7},"geometry":{"type":"Polygon","coordinates":[[[124.840994053811002,8.2386671111702],[124.840993217830288,8.238486296187641],[124.841174720118218,8.238485463341078],[124.841175138147378,8.238575870823308],[124.841084386985187,8.23857628726147],[124.841084804998502,8.238666694747907],[124.840994053811002,8.2386671111702]]]}},
{"type":"Feature","properties":{"fid":428,"landuse":7},"geometry":{"type":"Polygon","coordinates":[[[124.841534379916496,8.237760537676932],[124.841533961847773,8.237670130209379],[124.841624712780472,8.237669713715043],[124.841625130869787,8.237760121177965],[124.841534379916496,8.237760537676932]]]}},
{"type":"Feature","properties":{"fid":429,"landuse":11},"geometry":{"type":"Polygon","coordinates":[[[124.843246513816226,8.235130806512483],[124.843246095494379,8.235040399120585],[124.843336845740311,8.235039982371269],[124.843337264082734,8.235130389758536],[124.843246513816226,8.235130806512483]]]}},
{"type":"Feature","properties":{"fid":430,"landuse":7},"geometry":{"type":"Polygon","coordinates":[[[124.842340683402256,8.235496602673745],[124.842339010890029,8.235134972925023],[124.842611261817751,8.235133723216405],[124.842610425466702,8.234952908367287],[124.842882676228314,8.234951658502068],[124.842883512702741,8.235132473323379],[124.842792762412486,8.235132889974878],[124.842793598864802,8.235313704803746],[124.842612098187786,8.235314538063816],[124.842612516379916,8.235404945486877],[124.842431015642774,8.235405778674249],[124.842431433798509,8.235496186106159],[124.842340683402256,8.235496602673745]]]}},
{"type":"Feature","properties":{"fid":431,"landuse":11},"geometry":{"type":"Polygon","coordinates":[[[124.843155345243687,8.235040815849407],[124.843154926947136,8.234950408452447],[124.843245677177237,8.234949991728261],[124.843246095494379,8.235040399120585],[124.843155345243687,8.235040815849407]]]}},
{"type":"Feature","properties":{"fid":432,"landuse":5},"geometry":{"type":"Polygon","coordinates":[[[124.836939192322134,8.32321851918444],[124.836938770909484,8.323128111868289],[124.83666645865992,8.323129370944187],[124.836665615973615,8.322948556282864],[124.836756386686645,8.322948136620852],[124.836755965329786,8.322857729294162],[124.836665194637575,8.322858148951553],[124.836664773306282,8.322767741619813],[124.836392461263586,8.322769000453857],[124.836390354990044,8.322316963719377],[124.836481125571709,8.322316544151841],[124.836477334390622,8.321502878044166],[124.836386563996086,8.321503297570123],[124.836385721605112,8.32132248286554],[124.83629495124741,8.321322902361548],[124.836294530079812,8.32123249500399],[124.836112989391808,8.321233333924644],[124.836112568270508,8.321142926557416],[124.836021797940191,8.321143345982062],[124.836021376844442,8.321052938609785],[124.835930606530155,8.321053358009106],[124.835930185459929,8.320962950631776],[124.835839415161729,8.320963370005773],[124.835838573077055,8.320782555240582],[124.835747802815661,8.320782974584631],[124.835745697790784,8.320330937641016],[124.835836467948212,8.320330518320057],[124.835835204927761,8.320059296162565],[124.835925975018085,8.320058876834761],[124.835923869974764,8.31960683992007],[124.835833099988349,8.319607259224785],[124.835832679014686,8.319516851835935],[124.835923448980282,8.319516432535838],[124.835922186025329,8.319245210380556],[124.836012955923849,8.319244791073613],[124.836012534927548,8.319154383692274],[124.836103304800545,8.319153964369248],[124.836102041777707,8.318882742236502],[124.836192811583615,8.318882322906633],[124.836191969550484,8.318701508158551],[124.836101199786157,8.318701927479184],[124.836100778797487,8.318611520099877],[124.836191548541024,8.318611100783864],[124.836191127536324,8.318520693408743],[124.836100357813535,8.318521112720138],[124.836099094890159,8.318249890578334],[124.836008325224981,8.318250309855168],[124.836007062406594,8.317979087695624],[124.835916292799013,8.317979506937903],[124.835915450985325,8.317798692153481],[124.835643142258959,8.317799949728411],[124.835644825655919,8.318161579350951],[124.835735595319235,8.318161160161536],[124.835735174442107,8.318070752761162],[124.835825944079929,8.318070333555665],[124.835826785880457,8.318251148346736],[124.835736016201082,8.318251567561477],[124.835737278875087,8.318522789758701],[124.835646509128651,8.318523208966592],[124.835646088253355,8.318432801563329],[124.835555318522935,8.318433220745897],[124.835554897673191,8.318342813337587],[124.835373358239735,8.318343651631393],[124.835372095843539,8.318072429376162],[124.83546286550029,8.318072010253463],[124.835462023884944,8.317891195423718],[124.835371254269759,8.317891614537185],[124.835370412714894,8.317710799696481],[124.835007334373088,8.317712475906417],[124.835006493003419,8.317531661027054],[124.834915723447679,8.317532080018557],[124.834912778948407,8.316899227894893],[124.835003548358671,8.316898808935703],[124.835001865808664,8.316537179159726],[124.83491109648152,8.316537598100449],[124.834911517091143,8.316628005549711],[124.834820747738476,8.316628424474354],[124.834820327149643,8.316538017020481],[124.834638788471651,8.31653885479845],[124.834634583259046,8.315634780143693],[124.834543814120721,8.315635198955482],[124.834543393646257,8.315544791483019],[124.834634162763791,8.315544372675847],[124.834633321787521,8.315363557738857],[124.834724090858771,8.315363138920224],[124.834722408879912,8.315001509059536],[124.834813177863353,8.31500109023867],[124.834812757359671,8.314910682777038],[124.834903526317603,8.314910263940098],[124.834903105797892,8.314819856482648],[124.83481233686075,8.314820275314972],[124.834810654912374,8.3144586454624],[124.834719886053605,8.314459064255569],[124.834721147445464,8.314730286659492],[124.834630378519634,8.314730705445818],[124.83462995807173,8.314640297973661],[124.834539189161916,8.314640716734681],[124.834538768739506,8.314550309257475],[124.83444799984575,8.314550727993188],[124.834447579448863,8.314460320510934],[124.834356810571151,8.314460739221344],[124.834355969833098,8.314279924246318],[124.834174432146554,8.314280761586602],[124.834173591510506,8.314099946591393],[124.834082822701689,8.314100365221275],[124.834080301031705,8.313557920197619],[124.833989532342784,8.313558338779124],[124.833986590755089,8.312925486199616],[124.833895822206841,8.312925904728138],[124.833894561659676,8.312654682173756],[124.833803793168983,8.312655100667753],[124.833802532726665,8.31238387809565],[124.833711764293568,8.31238429655512],[124.833710503956127,8.3121130739653],[124.833619735580598,8.312113492390244],[124.833619315498339,8.312023084854831],[124.83371008385312,8.312022666434499],[124.833709663754817,8.311932258903267],[124.833618895420827,8.311932677318984],[124.83361763521664,8.311661454708863],[124.83352686694019,8.311661873090058],[124.833526026869251,8.311481058005263],[124.833435258629592,8.311481476356551],[124.833434838621983,8.311391068808895],[124.833344070398383,8.311391487134886],[124.833342810466206,8.311120264475493],[124.83325204230016,8.311120682766965],[124.833251622353004,8.311030275208362],[124.833160854202987,8.311030693474542],[124.833157494961952,8.3103074329533],[124.83324826294583,8.310307014724016],[124.833247843041221,8.310216607161532],[124.833338610999633,8.310216188916179],[124.83333819107898,8.310125781357881],[124.833428959011911,8.310125363096461],[124.833427699216031,8.309854140432806],[124.8333369313454,8.30985455868039],[124.833336511443676,8.309764151120367],[124.833427279293545,8.309763732877395],[124.833426859375777,8.309673325321551],[124.833517627200152,8.309672907062513],[124.833516367412955,8.309401684406238],[124.833425599650838,8.309402102651436],[124.833425179751998,8.309311695093871],[124.833334412005925,8.309312113313778],[124.833333572263911,8.309131298188131],[124.833424339968474,8.309130879977445],[124.833423080328672,8.308859657299575],[124.833513847966202,8.30885923908205],[124.833513008188447,8.308678423970541],[124.833694543366335,8.308677587491911],[124.833694123443024,8.308587179944737],[124.833784891004129,8.308586761679024],[124.833784471064803,8.308496354136032],[124.833875238600399,8.308495935854255],[124.833873978748528,8.308224713236534],[124.833783211275204,8.308225131504466],[124.833782791354793,8.308134723959755],[124.833692023897513,8.308135142202405],[124.833691184112396,8.307954327102452],[124.833509649266631,8.307955163507275],[124.833509229422674,8.307864755947429],[124.833418462013455,8.307865174114218],[124.833417622381262,8.307684358984005],[124.833508389748957,8.307683940826443],[124.833507969919211,8.307593533265305],[124.833417202572249,8.307593951418257],[124.833416782767983,8.307503543852073],[124.833507550094183,8.307503125703736],[124.833506290647449,8.307231903016442],[124.833415523383522,8.307232321150945],[124.833415103598156,8.307141913583038],[124.833505870841336,8.30714149545315],[124.833505031243291,8.306960680325274],[124.83332349683522,8.306961516545929],[124.833323077084799,8.306871108972119],[124.833232309894427,8.306871527046829],[124.833232729624086,8.306961934625249],[124.833141962408206,8.3069623526839],[124.833140283600926,8.306600722349183],[124.833231050733758,8.306600304308981],[124.833229791615679,8.306329081567256],[124.83332055868155,8.306328663520221],[124.83331971925162,8.306147848366143],[124.833410486271262,8.306147430307661],[124.83340922709958,8.305876207587149],[124.833499994052232,8.305875789521837],[124.833499574317045,8.305785381952081],[124.83340880738514,8.305785800012785],[124.833407548270202,8.305514577287104],[124.833316781395823,8.305514995313301],[124.833315522385703,8.305243772569911],[124.83322475556885,8.305244190561606],[124.833224335929017,8.305153782975001],[124.833133569128165,8.305154200941415],[124.833133149513827,8.30506379334977],[124.833042382729005,8.305064211290903],[124.833041963140104,8.304973803694214],[124.832951196371326,8.304974221610074],[124.832949098601546,8.30452218359712],[124.833039865266628,8.304521765704319],[124.833039445706092,8.304431358105047],[124.832948679061786,8.304431775993239],[124.832947839996422,8.304250960784183],[124.83303860659926,8.304250542905212],[124.8330377675113,8.304069727703657],[124.833128534067896,8.304069309813249],[124.833128114510274,8.303978902216434],[124.833218881041404,8.303978484309971],[124.833217202775188,8.303616853936864],[124.833307969218595,8.303616436028186],[124.833306710506335,8.303345213257668],[124.833397476882794,8.303344795342165],[124.833393700814696,8.302531127048875],[124.833302934624953,8.302531544922871],[124.833303354148413,8.302621952517347],[124.833212587933161,8.302622370375296],[124.833211748932456,8.30244155517669],[124.833030216570748,8.302442390812157],[124.83302937767192,8.302261575593377],[124.832938611525464,8.3022619933709],[124.832937772687018,8.302081178141181],[124.83284700657731,8.30208159588882],[124.832845329040111,8.30171996540577],[124.832936095066827,8.301719547676571],[124.832935256285126,8.301538732441687],[124.833298320178869,8.301537061355212],[124.833297900712125,8.301446653755571],[124.833388666652993,8.30144623593692],[124.833387827692263,8.301265420745567],[124.833478593586932,8.301265002915484],[124.833476076693714,8.300722557358769],[124.833385310923461,8.300722975161181],[124.833384052602938,8.300451752363179],[124.833293286890168,8.300452170131097],[124.8332924480749,8.300271354921051],[124.833383213746188,8.300270937162356],[124.833382794324919,8.300180529561301],[124.833292028674364,8.300180947315383],[124.833291189887461,8.300000132102756],[124.833381955496563,8.299999714357899],[124.833381116687107,8.299818899152774],[124.833471882249995,8.299818481396485],[124.833469785205438,8.299366443399208],[124.833560550659911,8.299366025645327],[124.833559711833729,8.299185210452626],[124.833650477242031,8.299184792687321],[124.833646283187491,8.298280716744136],[124.833555517986511,8.298281134463315],[124.833551743928325,8.297467466036144],[124.833642508942717,8.297467048358479],[124.83364041230557,8.297015010351391],[124.833549647394818,8.29701542800599],[124.833548808814527,8.296834612790919],[124.833458043940482,8.296835030415648],[124.833457205420558,8.296654215189632],[124.833366440583262,8.296654632784493],[124.833366021351111,8.296564225166225],[124.833275256529816,8.296564642735827],[124.833274837323117,8.296474235112518],[124.83318407251781,8.29647465265686],[124.833183653336576,8.296384245028513],[124.83309288854727,8.296384662547601],[124.833090792815625,8.29593262437634],[124.833181557501291,8.295932206880309],[124.833176527978836,8.294847315280744],[124.833085763541845,8.294847732721436],[124.833084506329755,8.294576509798036],[124.832993741950204,8.294576927204252],[124.832992903873887,8.294396111910611],[124.832902139531058,8.294396529286967],[124.832901720520709,8.294306121634889],[124.832720191862293,8.294306956316461],[124.832719772898102,8.294216548654733],[124.832629008582515,8.294216965959947],[124.832628589643804,8.294126558293176],[124.832537825344218,8.294126975573143],[124.832537406430916,8.294036567901335],[124.832446642147346,8.294036985156051],[124.832444547755429,8.293584946767512],[124.832353783570696,8.293585363978538],[124.832353364727197,8.293494956294932],[124.832444128891211,8.293494539088512],[124.83244161580518,8.292952093005489],[124.832532379840146,8.292951675806091],[124.832531542141169,8.292770860450867],[124.832440778147642,8.292771277641043],[124.832439521696784,8.29250005459115],[124.832348757760684,8.292500471746862],[124.832348338973887,8.292410064058094],[124.83225757505376,8.292410481188563],[124.832256737535815,8.292229665800519],[124.832165973652394,8.292230082901135],[124.832165554921204,8.292139675201861],[124.832074791053799,8.292140092277231],[124.832074372348046,8.292049684572918],[124.831983608496628,8.292050101623044],[124.831982771140744,8.291869286203911],[124.831892007326005,8.29186970322419],[124.831889495496029,8.29132725692881],[124.831980259186466,8.291326839936181],[124.831978584644787,8.290965209082433],[124.832069348247643,8.290964792087609],[124.832068092328868,8.290693568956609],[124.832158855864847,8.290693151954978],[124.832158437214019,8.290602744248392],[124.83224920072459,8.290602327230742],[124.832248363395607,8.290421511825501],[124.83233912686002,8.290421094796438],[124.832338708181922,8.290330687097784],[124.832429471620898,8.290330270052701],[124.832428634237445,8.290149454663318],[124.832519397630278,8.290149037606826],[124.832516048119771,8.289425776068988],[124.832425284892608,8.289426193088604],[124.832422773082442,8.288883746889516],[124.832332009974792,8.288884163860846],[124.832331591376999,8.288793756154883],[124.832240828285336,8.28879417310098],[124.832240409712966,8.288703765389981],[124.832058883556883,8.288704599211076],[124.83205846503067,8.288614191490428],[124.831876938897082,8.288615025219805],[124.831876520416998,8.288524617489509],[124.831604231243304,8.288525867915059],[124.831603812830082,8.288435460170511],[124.831422286732064,8.288436293675206],[124.831421868364984,8.288345885921011],[124.831331105329582,8.288346302637812],[124.831330686987911,8.288255894878585],[124.831239923968525,8.288256311570155],[124.831239505652277,8.288165903805886],[124.831148742648864,8.288166320472227],[124.83114832435804,8.288075912702924],[124.831057561370599,8.288076329344035],[124.831057143105213,8.287985921569694],[124.830966380133759,8.287986338185572],[124.830968053140865,8.288347969298773],[124.830877290081887,8.28834838591245],[124.830878544824643,8.288619609256655],[124.830787781698817,8.288620025863528],[124.830788199935142,8.288710433648674],[124.830697436783893,8.288710850239525],[124.830697855004246,8.288801258028847],[124.830516328646155,8.288802091157882],[124.830518419611607,8.289254130144103],[124.830427656321945,8.289254546700706],[124.830429747301864,8.289706585699207],[124.830338983903943,8.289707002258206],[124.830339402093372,8.289797410061221],[124.830248638670014,8.289797826604195],[124.830249475021631,8.289978642218143],[124.830158711552144,8.289979058749696],[124.830159129714332,8.290069466560629],[124.830068366219407,8.290069883076157],[124.830069202516484,8.290250698705949],[124.829978438975431,8.290251115210053],[124.829980947855688,8.290793562116725],[124.830071711521015,8.290793145584999],[124.830072547893622,8.290973961207911],[124.830163311595641,8.290973544646343],[124.830164566252066,8.291244768063677],[124.830255330011511,8.291244351467668],[124.83025909442209,8.292058021655016],[124.830349858363235,8.292057604996938],[124.830350276675389,8.292148012788779],[124.830441040632536,8.292147596105458],[124.830441458970128,8.292238003892264],[124.83053222294329,8.292237587183704],[124.830532641306291,8.292327994965479],[124.830623405295427,8.292327578231678],[124.830623823683879,8.292417986008415],[124.830805351689449,8.292417152469705],[124.830805770124059,8.292507560236801],[124.830987298152152,8.292506726606337],[124.830987716632919,8.292597134363792],[124.831078480660594,8.292596717513],[124.831078899166812,8.292687125265418],[124.831169663210474,8.292686708389386],[124.831170918819566,8.292957931630243],[124.831261682920683,8.292957514719754],[124.831262101487226,8.293047922461239],[124.831171337365404,8.293048339376334],[124.831172593031155,8.29331956261203],[124.831081828842471,8.293319979520309],[124.831082247386448,8.293410387269287],[124.830991483172312,8.293410804161535],[124.830992320233008,8.293591619667415],[124.830901555972716,8.293592036548237],[124.830901974489436,8.293682444305137],[124.830811210203692,8.293682861169925],[124.830815395423286,8.294586938761341],[124.830906159916225,8.294586521850498],[124.830910345815184,8.295490599352858],[124.830819581114994,8.295491016309761],[124.830819999710144,8.29558142406224],[124.830729234984545,8.295581841003104],[124.830729653563679,8.295672248759757],[124.830638888812615,8.295672665684585],[124.830639307375748,8.295763073445409],[124.830548542599246,8.295763490354203],[124.830548961146377,8.295853898119205],[124.830458196344438,8.295854315011956],[124.830459870497265,8.296215946086086],[124.830369105607701,8.296216362976613],[124.83036994267097,8.296397178520305],[124.830279177735221,8.296397595399394],[124.830282526011374,8.297120857593798],[124.830373291112934,8.297120440677871],[124.83037412827062,8.297301256212965],[124.83046489340893,8.297300839267182],[124.830465730626955,8.297481654791339],[124.830556495802,8.297481237815699],[124.83055775172663,8.297752461084899],[124.830466986489398,8.297752878074352],[124.830467823754645,8.297933693594214],[124.830286293183136,8.297934527529598],[124.830286711781355,8.298024935298089],[124.830105181149492,8.298025769160088],[124.83010559971099,8.298116176937356],[124.830014834367248,8.298116593841986],[124.83001525291273,8.298207001623426],[124.829924487543536,8.29820741851201],[124.829924906073003,8.298297826297629],[124.830015671462931,8.298297409404443],[124.830016090017878,8.298387817185031],[124.829925324607217,8.298388234082818],[124.82992574314612,8.298478641867574],[124.830016508577515,8.298478224965182],[124.830017764284761,8.298749448303065],[124.830108529773639,8.298749031366212],[124.830110204198959,8.299110662458949],[124.830200969766054,8.299110245483028],[124.830202225696823,8.299381468784251],[124.829929928794812,8.299382719691495],[124.829930347385655,8.299473127471519],[124.829839581721487,8.299473544403901],[124.829840000296301,8.299563952188098],[124.829567703213243,8.299565202875124],[124.829566447689601,8.299293979479812],[124.829294150750712,8.29929522993954],[124.829292895456106,8.299024006498934],[124.828748301824163,8.299026506777951],[124.828744537314648,8.298212836184439],[124.828472240994756,8.298214085920943],[124.828470986429721,8.297942862340632],[124.828743282563039,8.297941612645527],[124.828742027853863,8.297670389102743],[124.829014323758145,8.297669139263204],[124.829013068904842,8.297397915757957],[124.82874077318715,8.297399165556087],[124.828737845796496,8.296766310598839],[124.828465550471634,8.296767560114535],[124.828461787582867,8.295953889300044],[124.82873408234812,8.295952639908551],[124.828732827950205,8.295681416337379],[124.829549711431753,8.295677667172352],[124.829547201644203,8.29513522026688],[124.829819495680098,8.295133970256472],[124.829818240663499,8.294862746839359],[124.830181299063312,8.294861079925074],[124.83017878866022,8.294318633189718],[124.830451082037527,8.294317382870149],[124.830446060995158,8.293232489518759],[124.830718353584075,8.293231239179212],[124.830715424521557,8.292598384792351],[124.829898547932558,8.292602134963706],[124.82989980265738,8.292873358399262],[124.829627510189638,8.292874608126366],[124.829626255651249,8.292603384649388],[124.82926319921016,8.292605050608062],[124.829261944962823,8.292333827071984],[124.828989652768925,8.292335076282903],[124.828987144774516,8.291792629116323],[124.828714852911034,8.291793878058712],[124.828713599163905,8.291522654428213],[124.829348946344368,8.291519740037057],[124.829346438107521,8.290977292957699],[124.829618729312699,8.290976043706264],[124.82961496671669,8.290162373182481],[124.829342676070709,8.290163622309654],[124.829341422143358,8.289892398752571],[124.829069131641305,8.289893647652665],[124.829067877942805,8.289622424050297],[124.829340168258454,8.289621175191618],[124.829334735247798,8.28844587304947],[124.829062445739723,8.288447121728691],[124.829061192267602,8.288175898105699],[124.828516613496816,8.288178394824453],[124.828510348636229,8.28682227623745],[124.828782637111203,8.286821028177892],[124.828780131091378,8.286278580798829],[124.828235554844269,8.286281076566768],[124.828230127331565,8.285105773500302],[124.82832088978212,8.285105357650322],[124.828320472293456,8.285014949723722],[124.828592759554752,8.285013702063868],[124.828593177105532,8.285104109976666],[124.828683939537228,8.285103694044215],[124.828683521965772,8.285013286136017],[124.829137333950044,8.285011206187512],[124.829136916279808,8.284920798301892],[124.829318440999117,8.284919966187376],[124.82931760559002,8.284739150433246],[124.829408367901223,8.284738734354269],[124.829405443973101,8.284105879233502],[124.829314681806792,8.284106295280269],[124.829314264142326,8.284015887399553],[124.82922350199199,8.284016303421101],[124.829223084352947,8.283925895535353],[124.829132322218584,8.283926311531685],[124.829131904604964,8.283835903640909],[124.829041142486574,8.283836319612027],[124.829040307314855,8.283655503819981],[124.828949545233144,8.283655919761287],[124.828948710121665,8.283475103958319],[124.828857948076617,8.283475519869809],[124.82885753054866,8.283385111963083],[124.828766768519586,8.28338552784936],[124.828766351017038,8.283295119937602],[124.828675589003936,8.283295535798661],[124.828675171526783,8.283205127881876],[124.82849364752785,8.283205959532964],[124.828493230096782,8.283115551606549],[124.827948658110984,8.283118046037531],[124.827949075417877,8.28320845399154],[124.82740450313824,8.283210947708087],[124.827403251604125,8.282939723762013],[124.827040203571755,8.282941385772311],[124.827038952328365,8.282670161767212],[124.826585142492263,8.2826722387474],[124.826579722272271,8.281496934381956],[124.826761245682931,8.281496103771186],[124.826759994851841,8.281224879704123],[124.827123041368353,8.281223218290441],[124.827121790331418,8.280951994274661],[124.827938644159403,8.280948255012493],[124.827937392606358,8.280677031116976],[124.828209676944667,8.280675784366727],[124.828203418884897,8.279319665038139],[124.827931135477357,8.279320911581451],[124.827928632922692,8.278778463740199],[124.828200915957979,8.278777217279663],[124.828196744790191,8.277873137647871],[124.827924462375307,8.277874383970451],[124.827923211303002,8.277603160031159],[124.82765092903179,8.277604406126972],[124.827648427386634,8.277061958154041],[124.82792070928565,8.27706071214099],[124.827918207437946,8.276518264235374],[124.827645925911114,8.276519510165663],[124.827644675236968,8.276248286165682],[124.827372393853778,8.276249531869242],[124.827369893004843,8.275707083774948],[124.827642174015921,8.275705838154137],[124.82763967296448,8.275163390127148],[124.82818423411517,8.275160898495047],[124.82818298328101,8.274889674558532],[124.827910702912916,8.274890920425857],[124.827905283927819,8.273715616476993],[124.828177563489831,8.273714370789007],[124.828175062316404,8.273171922870933],[124.828447341463985,8.273170677080438],[124.828444840088281,8.272628229229706],[124.828717118821444,8.27262698333673],[124.828714617243506,8.272084535553359],[124.828986895562252,8.272083289557921],[124.828985644650984,8.271812065701852],[124.829348682095358,8.271810404141645],[124.829344928872317,8.27099673271592],[124.829617206348217,8.270995486453897],[124.829615955172812,8.270724262679021],[124.829888232420316,8.270723016273195],[124.829886981101424,8.270451792535887],[124.830159258120545,8.270450545986266],[124.830151332909551,8.268732795822759],[124.829879057067899,8.268734042109987],[124.829877806060409,8.268462818344378],[124.829333254621503,8.268465310280462],[124.829329502969046,8.267651638711969],[124.829601778152082,8.267650392960769],[124.829596775799601,8.266565497647779],[124.829324501359963,8.266566743233311],[124.829320333871223,8.265662663620617],[124.829592607691396,8.265661418173147],[124.829590107052894,8.265118970467798],[124.829317833604335,8.265120215832432],[124.829316166854071,8.264758583965072],[124.829497682325993,8.264757753779366],[124.829498099047782,8.264848161737641],[124.829679614542115,8.264847331460466],[124.829679197779058,8.264756923511394],[124.830405259402596,8.264753601616892],[124.830404842479084,8.264663193704214],[124.830495600140154,8.264662778379465],[124.830495183200739,8.264572370470963],[124.830676698467414,8.264571539768975],[124.830675030591706,8.264209908167526],[124.830765788135409,8.264209492804104],[124.830765371157639,8.264119084907277],[124.830856128675975,8.264118669527896],[124.830855711682275,8.264028261635245],[124.830946469175245,8.264027846239905],[124.830946052165615,8.263937438351432],[124.831036809633247,8.263937022940135],[124.831036392607686,8.263846615055838],[124.831217907487456,8.263845784180768],[124.831218324554285,8.263936192055853],[124.831672111774253,8.263934114485291],[124.8316712774389,8.26375329878076],[124.831762034827477,8.263752883214174],[124.831760783297952,8.263481659667992],[124.83167002597132,8.263482075220754],[124.831669191683233,8.263301259511941],[124.83148767709838,8.263302090537357],[124.831487260002689,8.263211682673091],[124.831214988151913,8.263212929043181],[124.831214571122885,8.26312252116467],[124.831033056573375,8.263123351966044],[124.831032639590319,8.26303294407789],[124.830941882329128,8.26303335944313],[124.830941465371467,8.26294295154994],[124.830850708126178,8.262943366890012],[124.830849874266235,8.262762551093147],[124.830759117057539,8.262762966403448],[124.830758700155286,8.262672558499764],[124.830667942962492,8.262672973784898],[124.830665858625238,8.262220934237034],[124.830756615714833,8.262220518974923],[124.830756198840902,8.262130111068668],[124.830937712964669,8.262129280491983],[124.830937296054188,8.262038872594513],[124.831028053088332,8.262038457279937],[124.831027636161934,8.261948049386644],[124.83139066416885,8.261946387941181],[124.83139024716462,8.261855980065883],[124.831571761098445,8.261855149229014],[124.831572178143972,8.2619455570951],[124.831662935124427,8.261945141641222],[124.831662518058295,8.261854733779744],[124.831934788909479,8.261853487308587],[124.831934371786161,8.261763079460506],[124.832025128706476,8.261762663933611],[124.832024294432713,8.261581848245381],[124.832115051307014,8.26158143270715],[124.832114217010883,8.261400617026421],[124.832204973839211,8.261400201476848],[124.832203722368504,8.26112897796637],[124.832112965602079,8.26112939350212],[124.832110045813536,8.260496538597089],[124.832200802435523,8.260496123093603],[124.832198716910796,8.260044083885917],[124.83210796039198,8.260044499366362],[124.832103372880212,8.259050013021071],[124.832194129172066,8.259049597591321],[124.83219329509916,8.258868781895826],[124.832284051345056,8.25886836645474],[124.832283217249781,8.258687550766755],[124.832373973449691,8.258687135314339],[124.832373556388518,8.258596727474311],[124.832464312563076,8.258596312005956],[124.832463895485972,8.258505904170105],[124.832554651635192,8.258505488685811],[124.832554234542215,8.258415080854144],[124.832644990666054,8.258414665353909],[124.832644573557147,8.258324257526429],[124.832553817453942,8.258324673022052],[124.832552983291563,8.258143857356581],[124.832462227224866,8.258144272822438],[124.832461810171409,8.258053864984451],[124.832371054120628,8.258054280425149],[124.832368969027272,8.25760224120574],[124.832459724974953,8.257601825788088],[124.832458473913732,8.257330602265133],[124.832549229794793,8.257330186840758],[124.832547978714246,8.257058963327777],[124.832638734528715,8.257058547896687],[124.832637900457385,8.256877732228446],[124.832728656225882,8.256877316786031],[124.83272823917666,8.256786908955874],[124.832909750658231,8.256786078018626],[124.832909333572502,8.256695670197269],[124.833272356396407,8.256694008094676],[124.833271939232915,8.256603600291331],[124.833453450575277,8.25660276912599],[124.83345303337525,8.25651236133144],[124.833634544657457,8.256511530093141],[124.833634127420922,8.256421122307389],[124.833724883034307,8.256420706662036],[124.833724465781884,8.256330298880465],[124.833815221369932,8.25632988321918],[124.833814804101593,8.256239475441797],[124.833996315222251,8.256238644066823],[124.833994646031258,8.255877012989906],[124.833903890555774,8.25587742866921],[124.833903473290462,8.255787020894298],[124.833721962366567,8.255787852182054],[124.833721545147228,8.255697444397489],[124.833449278787796,8.255698691161221],[124.833441770761411,8.254071350716762],[124.833714036007422,8.254070104202086],[124.833712367517663,8.253708473028718],[124.834347652348981,8.253705563904813],[124.834342645601907,8.252620670731135],[124.83407038144469,8.252621917455652],[124.83406787869751,8.252079470762652],[124.834340142483711,8.252078224121183],[124.834336388125593,8.251264554177371],[124.835153177559391,8.251260813517989],[124.835150673753873,8.250718367118738],[124.835422936442384,8.250717119945811],[124.835421684418023,8.25044589678196],[124.836238471671606,8.250442154279261],[124.836237219133452,8.250170931236237],[124.836781743385259,8.250168435393782],[124.836780490518791,8.249897212430055],[124.836508228599655,8.249898460402083],[124.836504053303941,8.24899438368992],[124.836594807075684,8.248993967765971],[124.836593972032148,8.248813152427642],[124.836684725757962,8.248812736492408],[124.836684308222686,8.24872232882722],[124.836865815618864,8.248721496904412],[124.836865398047124,8.248631089248038],[124.837046905383175,8.248630257252371],[124.837046070171482,8.248449441956826],[124.837136823791184,8.248449025937449],[124.83713598855725,8.24826821064943],[124.837226742131037,8.248267794618769],[124.837226324500534,8.248177386978742],[124.837317078048983,8.248176970932182],[124.837317495700049,8.248267378567588],[124.837408249264371,8.248266962495881],[124.83740866694076,8.248357370126241],[124.837590174096377,8.248356537912013],[124.837591009545818,8.248537353152958],[124.837681763157718,8.248536937005817],[124.837685105309774,8.249260197915502],[124.837594351533042,8.249260614099624],[124.837594769302768,8.249351021716032],[124.837504015500699,8.249351437884251],[124.837504851013122,8.249532253125025],[124.837414097165137,8.249532669281962],[124.837414514907834,8.249623076906328],[124.837323761034497,8.249623493047361],[124.837324596492934,8.249804308304055],[124.837233842573639,8.249804724433801],[124.837235513464904,8.250166354960546],[124.837326267466636,8.250165938812314],[124.837327938516125,8.250527569313725],[124.837418692595534,8.250527153126473],[124.837420781616984,8.250979191220502],[124.837511535794718,8.250978774989616],[124.837512789326254,8.251249997827028],[124.837785052016457,8.251248748969587],[124.837784634106058,8.251158341371413],[124.837966142501287,8.251157508706374],[124.837965724554394,8.251067101117018],[124.838056478724283,8.251066684758328],[124.838055642803525,8.250885869587574],[124.83823715104667,8.250885036827093],[124.838236315062403,8.250704221673121],[124.838327069135659,8.250703805271336],[124.838326651130046,8.250613397698331],[124.838417405177935,8.250612981280641],[124.838414897120003,8.250070535861376],[124.838505651039554,8.2500701194509],[124.838503979013282,8.24970848918133],[124.838594732845664,8.249708072768827],[124.838593896819759,8.24952725764072],[124.838684650606154,8.249526841216941],[124.838684232579723,8.24943643365687],[124.838774986340795,8.249436017217187],[124.838774150260917,8.249255202105015],[124.838864903976031,8.249254785654054],[124.838864485922613,8.249164378101955],[124.838955239612389,8.249163961635094],[124.83895440347851,8.248983146538855],[124.839045157122342,8.248982730060723],[124.839044739041938,8.248892322516587],[124.839135492660418,8.248891906022557],[124.839135074564126,8.248801498482621],[124.839225828157296,8.248801081972688],[124.839225410045131,8.24871067443695],[124.839316163612935,8.248710257911121],[124.839315745484924,8.248619850379578],[124.83940649902739,8.248619433837852],[124.839406080883506,8.248529026310511],[124.83949683440062,8.248528609752887],[124.839496416240905,8.248438202229746],[124.839587169732653,8.248437785656222],[124.839586751557064,8.248347378137279],[124.839677505023502,8.248346961547863],[124.839676668645353,8.248166146517944],[124.839767422065833,8.248165729917256],[124.839766167472348,8.247894507383059],[124.839947674175505,8.247893674147882],[124.839947255945944,8.247803266644882],[124.840038009269804,8.24780285000114],[124.840037591024398,8.247712442502339],[124.840128344322892,8.247712025842704],[124.840127089553363,8.247440803357621],[124.840036336316643,8.247441220003378],[124.840035499868549,8.247260405001926],[124.840126253064042,8.24725998836543],[124.840125834826523,8.247169580868693],[124.840216587996679,8.247169164216306],[124.840217006254846,8.247259571708414],[124.840307759440847,8.247259155030878],[124.840308177724353,8.247349562517932],[124.840489684123369,8.247348729092039],[124.84049010245279,8.247439136569406],[124.840580855665763,8.247438719821046],[124.840581274020536,8.247529127293356],[124.840672027249397,8.247528710519848],[124.840672445629508,8.247619117987099],[124.841126211805573,8.247617033788583],[124.841125793322462,8.247526626344483],[124.841216546522844,8.247526209447845],[124.841216128023888,8.247435802007951],[124.841306881198932,8.247435385095423],[124.841306462684116,8.247344977659731],[124.84139721583378,8.247344560731314],[124.841396797303119,8.247254153299826],[124.841487550427459,8.247253736355521],[124.841487131880939,8.247163328928234],[124.841577884979941,8.247162911968038],[124.841577466417576,8.247072504544962],[124.841758972560143,8.247071670572273],[124.841757298193329,8.246710040912737],[124.841666545206806,8.246710457890808],[124.841665708093089,8.246529643049206],[124.841574955143017,8.246530059997493],[124.841573699569821,8.246258837717985],[124.841482946676805,8.246259254631861],[124.841482109692933,8.24607843976745],[124.841572862544751,8.246078022862841],[124.841570351583499,8.245535578287138],[124.841661104307022,8.245535161389803],[124.841657338000203,8.244721494539066],[124.841748090533642,8.244721077662907],[124.841746416660555,8.24435944795888],[124.841837169106867,8.244359031080739],[124.841836332157612,8.24417821623542],[124.841927084558009,8.244177799346032],[124.841925829107964,8.243906577088751],[124.84201658144184,8.243906160192747],[124.842013652080468,8.243273308276548],[124.84210440426547,8.243272891392468],[124.84210273036679,8.242911261735189],[124.842193482464694,8.242910844849133],[124.842188460977425,8.241825955891857],[124.842279212823556,8.241825539040892],[124.84227628379432,8.241192687153152],[124.842185532092302,8.241193103971677],[124.842184695310706,8.24101228913349],[124.842093943645082,8.241012705922245],[124.842093525281996,8.240922298497876],[124.841639766985637,8.240924382110904],[124.841639348730226,8.240833974662943],[124.841367093757185,8.240835224570807],[124.841366675568239,8.240744817108524],[124.841275923921671,8.240745233698838],[124.841275505758034,8.240654826231497],[124.841184754127298,8.240655242796677],[124.841185172270343,8.24074565026865],[124.841094420614255,8.240746066817954],[124.841094838741455,8.240836474294129],[124.840550328581841,8.240838973187154],[124.840549910578147,8.240748565683198],[124.840459158888862,8.240748982088972],[124.840456233139847,8.24011612951689],[124.840728487761297,8.240114880335277],[124.84072472586989,8.239301212836821],[124.840996979892964,8.239299963595698],[124.840994053811002,8.2386671111702],[124.841084804998502,8.238666694747907],[124.841084386985187,8.23857628726147],[124.841175138147378,8.238575870823308],[124.841174720118218,8.238485463341078],[124.841265471255085,8.23848504688705],[124.841264217134409,8.23821382445168],[124.841536470331334,8.238212575008284],[124.841534379916496,8.237760537676932],[124.841625130869787,8.237760121177965],[124.841624712780472,8.237669713715043],[124.841806214631632,8.237668880664886],[124.841804960268774,8.237397658301353],[124.842077212824748,8.237396408614085],[124.842069268346179,8.235678667153147],[124.842341519686869,8.235677417545539],[124.842340683402256,8.235496602673745],[124.842431433798509,8.235496186106159],[124.842431015642774,8.235405778674249],[124.842612516379916,8.235404945486877],[124.842612098187786,8.235314538063816],[124.842793598864802,8.235313704803746],[124.842792762412486,8.235132889974878],[124.842883512702741,8.235132473323379],[124.842883094463161,8.235042065912937],[124.842973844728064,8.235041649245582],[124.842973426472653,8.234951241839351],[124.843064176712275,8.234950825156144],[124.843064594988249,8.235041232557741],[124.843246095494379,8.235040399120585],[124.843245677177237,8.234949991728261],[124.843336427402619,8.234949574983583],[124.843336009069702,8.234859167595467],[124.843426759269732,8.234858750834938],[124.843428014344468,8.235129972984094],[124.843700265101205,8.235128722537835],[124.843700683530656,8.23521912990612],[124.843609933262599,8.235219546746668],[124.843612862257814,8.235852398345168],[124.843703612669842,8.235851981472159],[124.843704449609533,8.236032796201465],[124.84361369915635,8.236033213083747],[124.843616628450931,8.236666064655326],[124.843707379048098,8.236665647740583],[124.843708216073324,8.236846462462198],[124.843798966706871,8.236846045517686],[124.843799385247181,8.236936452873215],[124.843980886541175,8.23693561891343],[124.843981305127386,8.237026026259255],[124.84434430774067,8.237024358075198],[124.844344726413908,8.237114765402044],[124.844707729033416,8.237113096871516],[124.844708147793696,8.237203504179373],[124.84552490359458,8.237199748744954],[124.845525322544773,8.237290156010616],[124.845979075703895,8.23728806891762],[124.845983266496177,8.238192141318608],[124.846255518951764,8.238190888677559],[124.846259291627163,8.239004553676519],[124.845987038616016,8.239005806442943],[124.845989553576672,8.239548249839928],[124.845717300152316,8.239549502505426],[124.845722749018719,8.240724796660492],[124.844542980207066,8.240730223529862],[124.844545493734245,8.241272667323672],[124.844817748517187,8.241271415193246],[124.844819005530212,8.24154263704262],[124.845182012087946,8.24154096719262],[124.845184107616419,8.241993003506874],[124.845093355881204,8.24199342102334],[124.845093774980569,8.242083828289546],[124.844821519684615,8.24208508072982],[124.844827805819563,8.24344118988046],[124.844555549554428,8.243442442344962],[124.844556806724484,8.243713664205302],[124.844375302400408,8.243714499106918],[124.844371950371396,8.242991240729895],[124.844190446357715,8.242992075475245],[124.844190027416658,8.242901668166915],[124.844008523425146,8.242902502820945],[124.844008104530019,8.242812095502911],[124.843917352547706,8.242812512794522],[124.843916933677917,8.242722105471421],[124.843644677764274,8.242723357209291],[124.843644258960992,8.242632949871851],[124.843553507000877,8.24263336707215],[124.843553088222905,8.242542959729644],[124.84346233627862,8.242543376904798],[124.843462755035972,8.242633784251943],[124.843372003066335,8.242634201411226],[124.84337116559756,8.242453386707238],[124.843280413664331,8.242453803836739],[124.843281251091966,8.242634618550001],[124.843190499112808,8.242635035668265],[124.84319091781316,8.24272544302889],[124.843100165808693,8.242725860131282],[124.843103934140288,8.243539526399388],[124.843194686330037,8.243539109255273],[124.843196361349982,8.243900738678098],[124.843287113617336,8.243900321494928],[124.843289207602098,8.244352358240656],[124.843379959967677,8.244351941013788],[124.84338037879948,8.244442348357014],[124.843289626413295,8.244442765588518],[124.843291720540591,8.244894802321413],[124.84311021554808,8.244895636769245],[124.843110634346601,8.244986044123813],[124.843019881822627,8.244986461321593],[124.843020300605318,8.245076868680369],[124.842929548055977,8.245077285862271],[124.842929966822823,8.245167693225255],[124.842839214248173,8.245168110391274],[124.842840889280652,8.245529739857476],[124.842931641937696,8.245529322672914],[124.842933317128569,8.245890952113726],[124.843024069863219,8.245890534890105],[124.843026164061669,8.246342571658323],[124.842935411224033,8.24634298890512],[124.842937505438258,8.246795025685815],[124.84302825837888,8.246794608415835],[124.84302909613902,8.246975423115847],[124.843119849116107,8.246975005816079],[124.843120686936416,8.247155820505105],[124.84321143994994,8.247155403175544],[124.843212696777883,8.247426625191967],[124.843303449848449,8.247426207827978],[124.843305125767941,8.247787837158674],[124.843395878916141,8.247787419755612],[124.843396297928493,8.247877827082583],[124.843305544759687,8.247878244490277],[124.843306801763447,8.248149466482522],[124.843397554994056,8.248149049060917],[124.843398812102393,8.248420271035402],[124.843217305512809,8.248421105885912],[124.843217724517217,8.248511513219153],[124.84294546453539,8.248512765354899],[124.842945045592799,8.248422358007744],[124.842854292276627,8.248422775340643],[124.842853454446868,8.248241960635781],[124.842671947882693,8.248242795221465],[124.842671110154342,8.248061980496352],[124.842398850396037,8.24806323219315],[124.842399688000782,8.248244046946068],[124.842308934697328,8.248244464146556],[124.842309353486229,8.24833487152701],[124.842400106810274,8.24833445432189],[124.842400944443526,8.248515269072241],[124.842310191078255,8.248515686286634],[124.842311447501899,8.248786908422856],[124.842220694070107,8.248787325630625],[124.842221112866866,8.248877733013142],[124.842311866319307,8.24887731580074],[124.842313541636329,8.249238945308001],[124.842404295166432,8.249238528056535],[124.842405970641863,8.24960015753841],[124.842496724249614,8.249599740247886],[124.842497143150965,8.24969014761265],[124.84258789677456,8.249689730296961],[124.842591248321085,8.250412989162594],[124.842500494532629,8.250413406515358],[124.842501751379103,8.25068462859681],[124.84241099752407,8.25068504594295],[124.842411416461786,8.250775453307215],[124.8423206625814,8.250775870637458],[124.842321081503272,8.250866278005928],[124.84223032759752,8.250866695320278],[124.842232003250004,8.251228324808409],[124.842322757238207,8.251227907475521],[124.842323595134161,8.251408722207749],[124.84241434915883,8.251408304845064],[124.84241518711498,8.251589119566313],[124.842324433049129,8.251589536938264],[124.842325270983082,8.251770351667071],[124.84223451687123,8.251770769027759],[124.842234935824735,8.251861176396154],[124.842416444084876,8.251860341644974],[124.842419377180846,8.252493193146867],[124.842510131448066,8.252492775708037],[124.842510550501387,8.252583183059103],[124.842601304784495,8.252582765595108],[124.842603400225386,8.253034802320837],[124.842694154606804,8.253034384813132],[124.842694573729844,8.253124792152358],[124.842785328127107,8.253124374619482],[124.842785747275514,8.253214781953647],[124.84287650168865,8.2532143643956],[124.842876920862423,8.2533047717247],[124.843149184135186,8.253303518913434],[124.843149603375551,8.253393926228199],[124.842968094490573,8.253394761465517],[124.842968513694444,8.253485168789126],[124.843059268159919,8.253484751176099],[124.843059687389186,8.253575158494645],[124.843241196347122,8.253574323197711],[124.843240357810913,8.253393508578737],[124.84342186666737,8.253392673218205],[124.843421028067723,8.253211858616064],[124.84333027368308,8.253212276297329],[124.843329435143644,8.2530314616842],[124.843420189487048,8.253031044012213],[124.843419770203866,8.252940636709646],[124.843510524521889,8.25294021902176],[124.843509266638961,8.252668997125397],[124.843600020890392,8.252668579430889],[124.843599601584998,8.252578172135882],[124.843418093118572,8.252579007495093],[124.843416416109321,8.252217378273686],[124.84350717026247,8.252216960622899],[124.843505074004753,8.251764924109695],[124.843414319954675,8.2517653417373],[124.843412223918804,8.251313305190209],[124.843321469967023,8.251313722774096],[124.843320631627165,8.251132908142988],[124.843229877711835,8.251133325697078],[124.843224429233913,8.249958030492868],[124.843315182881327,8.249957612999056],[124.843314763780299,8.249867205677294],[124.843496271019703,8.249866370637363],[124.843497109308956,8.250047185261909],[124.843587862962735,8.250046767701878],[124.843588701312186,8.250227582315434],[124.84367945500243,8.250227164725603],[124.843679874204881,8.250317572027102],[124.84377062791097,8.250317154412105],[124.843771047138816,8.250407561708538],[124.843861800860765,8.250407144068374],[124.843862220113948,8.250497551359743],[124.843952973851742,8.250497133694411],[124.843953393130278,8.25058754098071],[124.844044146883945,8.250587123290211],[124.844044566187847,8.250677530571446],[124.844226073722112,8.250676695119585],[124.844226493071986,8.250767102391118],[124.844317246852583,8.250766684629752],[124.844317666227823,8.250857091896217],[124.84449917381599,8.250856256302621],[124.844499593237217,8.250946663559377],[124.844681100847552,8.250945827874382],[124.844681520314751,8.251036235121433],[124.844772274133419,8.251035817243499],[124.844773113123239,8.251216631727035],[124.844863866978358,8.251216213819291],[124.844864706028432,8.251397028291834],[124.844773952132087,8.251397446208856],[124.844774371643652,8.251487853449124],[124.844865125560617,8.251487435527462],[124.844866803736835,8.25184906446569],[124.84495755773149,8.251848646504936],[124.844959236066245,8.252210275417751],[124.844868481989153,8.252210693397071],[124.844868901564141,8.252301100628845],[124.844687393354491,8.252301936535163],[124.844687812892985,8.252392343775792],[124.844597058760428,8.252392761702795],[124.844597478283063,8.252483168947633],[124.844506724125125,8.252483586858737],[124.844507143631915,8.252573994107788],[124.844416389448611,8.252574412003],[124.844416808939556,8.252664819256259],[124.84414454629929,8.252666072832611],[124.844145385171728,8.252846887365687],[124.844236139431146,8.252846469518158],[124.84423697836381,8.253027284040238],[124.844327732659707,8.253026866162898],[124.844329410664585,8.253388495183369],[124.844238656286251,8.253388913079263],[124.844239914777972,8.253660134854037],[124.844149160333046,8.253660552743312],[124.844149579819202,8.253750960005354],[124.844058825348881,8.253751377878732],[124.844059664294207,8.253932192410803],[124.844150418805739,8.253931774528144],[124.844151257811276,8.25411258904923],[124.844060503258518,8.254113006941163],[124.844061342241858,8.254293821469807],[124.843970587643113,8.254294239350477],[124.843971007121283,8.254384646618794],[124.843880252497186,8.25438506448357],[124.843881091426567,8.254565879028197],[124.843971846091918,8.254565461154151],[124.843972265584355,8.254655868421182],[124.84388151089837,8.254656286299868],[124.843881930374963,8.254746693571112],[124.843700420947528,8.254747529276141],[124.843700840387626,8.254837936556234],[124.843610085646148,8.254838354382578],[124.843610505070373,8.254928761666877],[124.843519750303557,8.254929179477317],[124.843521008542893,8.255200401341561],[124.843430253709428,8.255200819145372],[124.843430673111442,8.255291226437233],[124.843158408520736,8.255292479739335],[124.843158827865622,8.255382887044677],[124.843068072971946,8.255383304775597],[124.843066815013373,8.255112082844377],[124.842976060176795,8.255112500540848],[124.842976479470934,8.255202907856319],[124.842885724608976,8.255203325536884],[124.842886143887284,8.255293732856565],[124.84279538899996,8.25529415052123],[124.842796227529533,8.255474965168572],[124.842886982458111,8.255474547494638],[124.84288740175063,8.255564954813032],[124.842978156695054,8.255564537113925],[124.842978576012968,8.255654944427253],[124.843069330973265,8.255654526702966],[124.843072685852533,8.256377785157097],[124.842981930727248,8.256378202918473],[124.842982769453329,8.256559017536993],[124.842801259106054,8.256559853016656],[124.842801678434967,8.256650260334546],[124.842710923233568,8.256650678048196],[124.842713019846315,8.25710271465439],[124.842803775150827,8.257102296917564],[124.842804194508233,8.257192704232885],[124.842713439183115,8.257193121974346],[124.842713858524661,8.257283529293874],[124.842804613870427,8.257283111547775],[124.842809227167876,8.258277591983301],[124.842899982735759,8.258277174165668],[124.842900821620134,8.258457988775467],[124.842991577224538,8.258457570928012],[124.842992416169139,8.258638385526828],[124.843083171810051,8.258637967649555],[124.843083591310119,8.258728374943679],[124.84317434696689,8.258727957041222],[124.843174766492325,8.258818364330285],[124.843265522164998,8.25881794640264],[124.843265941715813,8.258908353686641],[124.84335669740436,8.258907935733809],[124.843357116980556,8.258998343012742],[124.843447872684962,8.258997925034725],[124.843448292286553,8.259088332308592],[124.843539048006832,8.259087914305386],[124.84353988726555,8.259268728842564],[124.843630643022337,8.259268310809533],[124.843631062679421,8.259358718072841],[124.843812574220024,8.25935788193585],[124.843811734828023,8.259177067427355],[124.843902490549937,8.259176649337309],[124.843901651135724,8.258995834836377],[124.843992406811594,8.258995416735059],[124.843991987091002,8.25890500948859],[124.844082742741506,8.258904591371357],[124.844081903273278,8.258723776886406],[124.844172658877781,8.258723358757901],[124.844172239130188,8.258632951519424],[124.844262994709297,8.258632533375012],[124.844263414477524,8.25872294060885],[124.844535681248232,8.25872168603839],[124.844536101083108,8.258812093257884],[124.844626856684457,8.258811675021994],[124.844627276544728,8.258902082236419],[124.844536520922745,8.258902500476951],[124.8445369407671,8.258992907695587],[124.844627696409717,8.258992489450415],[124.844628116279495,8.259082896663983],[124.844718871937971,8.259082478393619],[124.844719291833115,8.259172885602121],[124.844810047507494,8.25917246730657],[124.844810467428019,8.25926287451],[124.844901223118242,8.259262456189255],[124.844902902930485,8.25962408498013],[124.844539879810938,8.259625758214041],[124.844547438422069,8.261253088022213],[124.844275169918333,8.261254342982385],[124.844273490341436,8.260892714092449],[124.844364246431567,8.260892295811507],[124.844362986736911,8.260621074153475],[124.844272230708668,8.260621492420499],[124.844270971118718,8.26035027074469],[124.844180215147645,8.260350688977248],[124.84417853584344,8.259989060051614],[124.844087779950115,8.259989478245059],[124.844086940367802,8.259808663770395],[124.843996184510999,8.25980908193401],[124.843994925235094,8.259537860204883],[124.843904169435419,8.259538278334032],[124.843904589168687,8.259628685582143],[124.843813833343631,8.259629103695378],[124.843814253060998,8.259719510947697],[124.843905008906688,8.259719092829824],[124.84390542864945,8.259809500077075],[124.843633161036252,8.259810754382954],[124.843633580721871,8.259901161643691],[124.843542824820659,8.259901579709183],[124.843543244490391,8.259991986974132],[124.843361732632474,8.25999282305273],[124.843362152265698,8.260083230326522],[124.843271396308978,8.260083648339634],[124.843271815926343,8.260174055617631],[124.843181059944229,8.260174473614823],[124.843181479545692,8.260264880897033],[124.843090723538197,8.260265298878309],[124.8430911431238,8.260355706164722],[124.843000387090939,8.260356124130077],[124.843002065398267,8.260717753289997],[124.842911309278108,8.260718171253345],[124.84291172884619,8.260808578546888],[124.843002484986997,8.260808160578906],[124.843003743781637,8.261079382443063],[124.843094499979571,8.261078964440612],[124.843094919607935,8.261169371723174],[124.843004163389352,8.261169789730252],[124.843004583001814,8.26126019701702],[124.843095339241032,8.2612597790053],[124.843096178521506,8.261440593568276],[124.843005422241021,8.261441011589264],[124.843008779387858,8.262164269861099],[124.843099535833431,8.262163851803018],[124.843101214603422,8.26252548091011],[124.843010458075312,8.262525898986729],[124.843013815678233,8.263249157217414],[124.843104572371473,8.263248739103703],[124.843106251369548,8.263610368190212],[124.843197008140606,8.263609950037395],[124.843197847709419,8.263790764568803],[124.843107090897092,8.263791182730893],[124.843108350224057,8.2640624045387],[124.8431991070983,8.264061986362702],[124.843198687297246,8.263971579098497],[124.843561714664176,8.26396990620742],[124.843561294785317,8.263879498961336],[124.843652051594532,8.263879080691794],[124.843651631699785,8.263788673449918],[124.843833145262664,8.26378783685843],[124.843832725331382,8.263697429625401],[124.843923482085032,8.263697011303451],[124.843922642195466,8.263516196845382],[124.844285668997458,8.263514523389071],[124.844290709610974,8.264599409889104],[124.844018438773475,8.264600665179177],[124.844020958965388,8.265143108489536],[124.843476416418881,8.265145618681409],[124.843481455829604,8.266230505589741],[124.844842815591278,8.266224227886882],[124.844845337411599,8.26676667090039],[124.844573065173194,8.266767926894717],[124.844578528899333,8.267943220218648],[124.84485080194311,8.267941964043352],[124.844854585551161,8.26875562848447],[124.845399132625559,8.26875311532778],[124.845401655988539,8.269295558102129],[124.84567392983331,8.269294301162462],[124.845675191764926,8.269565522502067],[124.845947465752772,8.269564265335424],[124.845952514651202,8.270649150488063],[124.845680239919687,8.270650407821854],[124.845681922790192,8.271012036248051],[124.845954197769615,8.271010778858544],[124.845957985064516,8.271824442667024],[124.846230260558954,8.271823184966912],[124.846234048797257,8.272636848615237],[124.846506324806768,8.272635590604478],[124.846511377134902,8.273720475247627],[124.846239100381425,8.273721733425585],[124.846240363384567,8.273992954618517],[124.846149604395237,8.273993373983927],[124.84614749951713,8.273541338637013],[124.846056740626352,8.273541757958617],[124.846055056892226,8.273180129654781],[124.846145815700311,8.273179710351757],[124.846143290117894,8.272637267910985],[124.846052531433799,8.272637687186153],[124.846052110540725,8.272547280106545],[124.845598317152081,8.272549376150387],[124.845598737941827,8.27263978325321],[124.845417220511735,8.272640621535942],[124.84541764126493,8.272731028647621],[124.845326882522087,8.272731447762752],[124.845329407017132,8.273273890451659],[124.845238648145539,8.273274309574052],[124.845240751918936,8.273726345159549],[124.845331510893857,8.273725926013944],[124.845332352477854,8.273906740235853],[124.845241593461594,8.273907159390744],[124.845242014240071,8.273997566505694],[124.845332773276979,8.273997147346163],[124.845333194080865,8.274087554456045],[124.845423953133704,8.274087135271284],[124.845425636479519,8.27444876368795],[124.845334877344015,8.274449182891278],[124.845335719004126,8.274629997106318],[124.845244959822523,8.27463041629834],[124.845245380639057,8.27472082340986],[124.845154621432002,8.274721242585933],[124.845155463037997,8.274902056816966],[124.845064703784871,8.274902475981733],[124.84506428300017,8.274812068861793],[124.844973523762945,8.274812488001329],[124.84497394452697,8.274902895125912],[124.844883185264322,8.274903314249501],[124.844883606012445,8.274993721378294],[124.844792846724374,8.274994140485934],[124.844794950432956,8.275446176146668],[124.844885709824382,8.275445757015827],[124.844886551382459,8.275626571267836],[124.844977310810478,8.275626152107121],[124.844976890008382,8.275535744985973],[124.845067649410979,8.275535325809306],[124.845066807779716,8.275354511575003],[124.845157567136212,8.27535409238703],[124.84515798797014,8.275444499499752],[124.845248747342524,8.275444080286546],[124.845248326487948,8.275353673178461],[124.845339085834908,8.275353253949303],[124.845339506710189,8.275443661052746],[124.845430266073052,8.275443241798355],[124.845434054350548,8.276256905668223],[124.84588785202385,8.276254808878468],[124.845889957305843,8.276706844230631],[124.845799197677323,8.276707263652984],[124.845800039782105,8.27688807780013],[124.845890799451965,8.276887658368491],[124.845891641617101,8.277068472504633],[124.845982401323568,8.277068053043108],[124.845982822433953,8.277158460105895],[124.846073582156322,8.277158040619133],[124.846074424432729,8.277338854734118],[124.84616518419169,8.277338435217471],[124.846165605357712,8.27742884226968],[124.846256365132589,8.277428422727793],[124.846257207520281,8.277609236821631],[124.846347967331738,8.27760881724986],[124.84634838855338,8.27769922429149],[124.846439148380767,8.277698804694474],[124.84643999087973,8.277879618767159],[124.84653075074371,8.277879199140258],[124.846531593303055,8.278060013201932],[124.846713113099455,8.278059173867756],[124.846713955760549,8.278239987909133],[124.846804715692969,8.278239568201856],[124.846806401155021,8.278601196260871],[124.846897161165415,8.278600776514413],[124.846897582563486,8.278691183523447],[124.846806822532443,8.278691603274551],[124.846807665301569,8.278872417300622],[124.846716905224426,8.278872837040417],[124.846717326595424,8.278963244057451],[124.84662656649283,8.278963663781287],[124.846626145142494,8.27887325675961],[124.84608158455093,8.27887577464217],[124.846082005777177,8.27896618169172],[124.845991245641258,8.278966601271353],[124.84599082443566,8.278876194217164],[124.845900064315671,8.278876613771557],[124.845900485500565,8.27896702083039],[124.845628205049934,8.278968279383895],[124.845628626177543,8.27905868645623],[124.84553786599713,8.279059105937506],[124.845537444890198,8.278968698860528],[124.845446684725715,8.278969118316562],[124.845447105811971,8.279059525398182],[124.845265585427342,8.279060364257731],[124.845266006477019,8.279150771348204],[124.845175246256886,8.279151190751721],[124.845169773251314,8.277975898481703],[124.845260533202591,8.277975479138529],[124.845258428311169,8.277523443653939],[124.845167668463247,8.277523862973906],[124.845166405647532,8.277252641664074],[124.84507564585688,8.277253060949517],[124.845075224948502,8.277162653840739],[124.844984465173795,8.277163073100946],[124.844983623412617,8.276982258872819],[124.844892863674517,8.276982678103149],[124.844892442821731,8.276892270983801],[124.844801683099533,8.276892690188893],[124.844801262272199,8.276802283064475],[124.844710502565931,8.27680270224433],[124.844709660966856,8.276621887984925],[124.844618901297181,8.276622307134907],[124.844618059758517,8.276441492864505],[124.844436540487536,8.276442331084121],[124.844437381943536,8.276623145373087],[124.844346622259579,8.276623564461284],[124.844349567360567,8.277256414491609],[124.84425880752714,8.277256833591688],[124.844261752716434,8.277889683633443],[124.844170992733481,8.277890102745399],[124.844171413473148,8.277980509897143],[124.844080653464772,8.27798092899314],[124.844081494917035,8.278161743304613],[124.843990734862544,8.278162162389291],[124.843991576292467,8.278342976708329],[124.843900816191876,8.278343395781683],[124.84390207831035,8.278614617270932],[124.843992838473,8.278614198183663],[124.843993259209341,8.278704605341247],[124.844084019387878,8.278704186228738],[124.844084860916212,8.278885000533343],[124.844175621131384,8.278884581390958],[124.844177725138778,8.279336617121755],[124.844086964820235,8.279337036287338],[124.84408738561531,8.279427443436848],[124.84417814595453,8.279427024266628],[124.844178566775057,8.279517431411069],[124.844360087480638,8.279516592999542],[124.844360508347251,8.279607000134279],[124.844451268713598,8.279606580892974],[124.844452110502488,8.279787395151873],[124.844542870905428,8.279786975880686],[124.844543291827691,8.279877383004855],[124.844634052246562,8.279876963708425],[124.844635315103915,8.280148185064423],[124.844726075580084,8.280147765733471],[124.844728601547331,8.280690208406027],[124.844637840947044,8.280690627764821],[124.8446403669614,8.281233070449755],[124.844549606232263,8.281233489815786],[124.844555921706956,8.282589596530046],[124.844646682746415,8.282589177094414],[124.844647946031841,8.282860398411742],[124.844738707128627,8.282859978941579],[124.844739970518944,8.283131200241117],[124.844830731673056,8.283130780736423],[124.844833679895089,8.283763630387826],[124.84474291859614,8.283764049925004],[124.844745445704973,8.284306492494434],[124.844654684277103,8.284306912038844],[124.844655947833644,8.284578133331674],[124.84456518633894,8.284578552869393],[124.844567713456286,8.285120995471294],[124.844476951832647,8.285121415016235],[124.844477373014826,8.285211822119688],[124.844568134659156,8.285211402570106],[124.844568555866786,8.285301809668491],[124.844659317527061,8.28530139009365],[124.844663108796027,8.286115053917987],[124.844572346949462,8.286115473534588],[124.844573189464612,8.286296287722326],[124.844663951352572,8.286295868096442],[124.844665215223046,8.286567089360906],[124.844755977168347,8.286566669700484],[124.844756819813838,8.28674748386536],[124.84484758179579,8.28674706417504],[124.844848003146382,8.286837471252193],[124.845029527137385,8.286836631800403],[124.845029948534133,8.286927038867844],[124.845120710543199,8.286926619106382],[124.845121553392389,8.287107433230691],[124.84521231543809,8.287107013439321],[124.845213158347704,8.287287827552626],[124.845303920430055,8.28728740773135],[124.845304763400094,8.287468221833652],[124.845395525519109,8.287467801982475],[124.845396368549586,8.287648616073772],[124.845487130705237,8.287648196192688],[124.845487973796168,8.287829010272981],[124.845397211599106,8.287829430163352],[124.845397633131,8.287919837207497],[124.845306870908473,8.287920257081884],[124.845307292424437,8.288010664130244],[124.845216530176444,8.288011083988653],[124.845216951676449,8.288101491041221],[124.845126189403004,8.28810191088365],[124.845127453869466,8.288373132052696],[124.845036691529131,8.288373551888427],[124.845037534489151,8.288554366008256],[124.844946772102659,8.288554785832645],[124.844948457996963,8.288916414085714],[124.845039220466276,8.28891599424276],[124.845039641972434,8.289006401300314],[124.845130404457706,8.289005981432094],[124.845131247525728,8.289186795536622],[124.845222010047664,8.289186375638499],[124.845222431609528,8.289276782685475],[124.845403956680485,8.289275942818055],[124.845404799901303,8.289456756892156],[124.845495562471058,8.289456336918223],[124.845495984109306,8.289546743949982],[124.845586746695034,8.289546323950777],[124.845588011700471,8.289817545029553],[124.84567877434354,8.289817124995796],[124.84568046116695,8.290178753076235],[124.845771223888107,8.290178333003279],[124.845772067369793,8.290359147031628],[124.845862830127615,8.290358726928755],[124.84586325189629,8.290449133937646],[124.845954014670042,8.2904487138095],[124.845954436464211,8.290539120813314],[124.846045199253922,8.290538700659893],[124.846045621073557,8.290629107658633],[124.846136383879212,8.290628687479941],[124.846137227574175,8.290809501466843],[124.846227990416494,8.290809081258233],[124.846228834171924,8.290989895234123],[124.846319597050893,8.290989474995593],[124.846320862781894,8.291260695942272],[124.846411625718233,8.291260275669179],[124.846412469604147,8.291441089622193],[124.846503232577149,8.291440669319174],[124.846504498503847,8.291711890231532],[124.846595261534233,8.291711469893947],[124.846596105550589,8.29189228382408],[124.846686868617653,8.291891863456573],[124.846687712694489,8.292072677375693],[124.846778475798203,8.292072256978258],[124.846779319935507,8.292253070886368],[124.846870083075913,8.292252650459011],[124.846870927273699,8.292433464356103],[124.846961690450783,8.29243304389882],[124.84696253470905,8.292613857784902],[124.847053297922784,8.292613437297691],[124.847053720079771,8.29270384423544],[124.847144483309449,8.29270342372295],[124.84714490549193,8.29279383065562],[124.847235668737554,8.292793410117847],[124.847236090945529,8.292883817045443],[124.847326854207097,8.292883396482384],[124.847327276440538,8.292973803404905],[124.847599566258879,8.292972541577978],[124.847599143963293,8.292882134669405],[124.847689907205805,8.292881714023807],[124.847689484894275,8.292791307119449],[124.847871011323619,8.292790465775644],[124.847871433676588,8.292880872670706],[124.8480529601283,8.292880031235059],[124.848052537733892,8.292789624349298],[124.848143300931895,8.292789203605169],[124.848142033715135,8.292517982959245],[124.848232796846219,8.292517562208431],[124.848231952017443,8.292336748451627],[124.848322715102327,8.292336327689478],[124.848321870251183,8.292155513940251],[124.848412633289854,8.292155093166768],[124.848411788416371,8.291974279425121],[124.848321025419111,8.291974700189305],[124.848319758206742,8.291703479559656],[124.848228995266865,8.29170390028926],[124.848227728159557,8.291432679641792],[124.84813696527705,8.291433100336816],[124.848136120604096,8.291252286560386],[124.848226883445165,8.291251865874662],[124.848225616409337,8.290980645220738],[124.848316379183515,8.290980224528333],[124.848315534475375,8.2907994107662],[124.848406297203368,8.290798990062461],[124.848405030114762,8.290527769429984],[124.848495792775878,8.290527348719563],[124.848494103308283,8.29016572122217],[124.848584865881776,8.290165300509724],[124.848583598768997,8.28989407989611],[124.84876512377744,8.28989323843723],[124.848766391014436,8.290164459022941],[124.849310966298077,8.290161934067513],[124.849316037166375,8.291246816036727],[124.84904374880044,8.291248078774734],[124.849045016438382,8.291519299299225],[124.849317304990734,8.291518036519353],[124.849318572858024,8.291789256998104],[124.849590861553864,8.291787993990674],[124.849594665972575,8.292601655278073],[124.849322376717424,8.292602918411122],[124.849325335541792,8.293235766152703],[124.849053045808702,8.293237029197726],[124.849056849795431,8.29405069067437],[124.848784559460029,8.294051953659249],[124.848787095292806,8.294594394708035],[124.849059386001159,8.294593131639438],[124.849065727266506,8.295949233984301],[124.848793435625637,8.295950497262197],[124.848795549308321,8.296402531425395],[124.848704785314865,8.296402952499994],[124.848705208044962,8.296493359335996],[124.849612847972168,8.296489147614485],[124.849617077608187,8.297393215485616],[124.849344785058292,8.297394479358411],[124.849351129473817,8.298750581293746],[124.849623422956554,8.29874931721158],[124.849624692155018,8.299020537545148],[124.849896985781385,8.299019273235249],[124.84989952468031,8.299561713806995],[124.850171818636952,8.299560449227469],[124.850174781338168,8.30019329644384],[124.850084016545566,8.300193718023579],[124.850084863033103,8.300374531519404],[124.849994098194273,8.300374953087797],[124.849994944659443,8.300555766591208],[124.849904179774356,8.300556188148253],[124.849907142407517,8.301189035429191],[124.849997907437725,8.301188613839567],[124.850000023851095,8.301640647575475],[124.850090788980239,8.301640225941924],[124.850092482279749,8.302001852904279],[124.850183247487081,8.302001431231455],[124.850186211090119,8.302634278366407],[124.850095445737608,8.302634700071813],[124.85009756263635,8.303086733749982],[124.850188328092585,8.303086312021305],[124.850189174926982,8.303267125480247],[124.850279940419924,8.303266703721601],[124.850280363865011,8.303357110445772],[124.850371129373912,8.303356688661806],[124.85037197631992,8.303537502099546],[124.850462741865542,8.30353708028561],[124.850463588872117,8.303717893712319],[124.850554354454445,8.30371747186841],[124.850555201521601,8.303898285284079],[124.85064596714065,8.303897863410198],[124.850646390702138,8.303988270112734],[124.850737156337175,8.303987848213533],[124.850739697930734,8.304530288391753],[124.850648932171225,8.304530710318886],[124.850651897435668,8.305163557206457],[124.850742663340412,8.305163135246731],[124.850746052666409,8.305886388769419],[124.850836818732375,8.305885966751784],[124.850837666153097,8.306066780118835],[124.85092843225577,8.306066358071217],[124.850929279737116,8.306247171427227],[124.851020045876538,8.306246749349626],[124.85102089341845,8.306427562694603],[124.851111659594579,8.306427140587022],[124.851112083393474,8.306517547254206],[124.850930550994903,8.306518391458015],[124.850934365026106,8.3073320515271],[124.850662065832154,8.307333317803501],[124.850664608360844,8.307875757913965],[124.850392308750358,8.307877024088114],[124.850400360041689,8.309594751267539],[124.850672660835329,8.309593484828035],[124.85067393243618,8.309864704852869],[124.851218534268256,8.309862171331751],[124.851219806285755,8.310133391268886],[124.851310573303365,8.310132968929022],[124.851311421380402,8.310313782208976],[124.851402188434747,8.310313359839119],[124.851403036572435,8.310494173108035],[124.851493803663516,8.310493750708181],[124.851494651861827,8.310674563966053],[124.851222350449689,8.310675831131519],[124.851223622596123,8.310947051057012],[124.850951320954138,8.310948318078268],[124.850952592956659,8.31121953804179],[124.850680291084856,8.31122080491882],[124.850682834845045,8.311763244918028],[124.850410532556509,8.31176451169272],[124.850412228242931,8.3121261384061],[124.850139925662262,8.312127405050504],[124.850143740675151,8.312941065256046],[124.849871437490833,8.312942331839954],[124.849872709060776,8.31321355194259],[124.849600405646612,8.313214818382205],[124.849604220053294,8.314028478792462],[124.84933191603541,8.314029745171517],[124.849334458813999,8.314572185509357],[124.849062154379268,8.314573451785952],[124.849067239703771,8.315658332582512],[124.848431860777509,8.315661286894418],[124.848438639951439,8.317107795047413],[124.848166333628527,8.317109061093884],[124.848167604672497,8.317380281402123],[124.847895298119639,8.317381547304169],[124.847896569019525,8.317652767650364],[124.847624262236749,8.317654033407971],[124.84762680379113,8.318196474172382],[124.847354496591393,8.318197739827365],[124.847360850292688,8.319553841879564],[124.847633158427655,8.319552576015429],[124.847634853178505,8.31991420315717],[124.846908697391427,8.319917578529525],[124.846908273862866,8.319827171707558],[124.846454426445021,8.319829280619182],[124.846454003025158,8.319738873773554],[124.846363233548075,8.319739295489121],[124.846362810153749,8.319648888638421],[124.84627204069271,8.319649310328639],[124.846271617323922,8.319558903472862],[124.846180847878912,8.31955932513773],[124.846179577863481,8.319288104553868],[124.846088808476054,8.319288526184103],[124.846085845418926,8.318655678107469],[124.846176614660877,8.318655256509745],[124.846174921507,8.318293629046464],[124.846084152348197,8.318294050625612],[124.846084575608728,8.318384457496725],[124.845903037235246,8.318385300602209],[124.845903460458985,8.318475707482177],[124.845812691244319,8.318476129008515],[124.845813537664526,8.318656942776444],[124.845722768403533,8.318657364291369],[124.84572361480123,8.318838178066857],[124.845632845493896,8.318838599570366],[124.845634115063774,8.319109820244295],[124.84554334568935,8.319110241741033],[124.845544192051491,8.319291055530782],[124.84545342263074,8.319291477016099],[124.8454546921473,8.319562697711413],[124.845363922659431,8.31956311918996],[124.845365192156478,8.319834339895314],[124.845274422601506,8.319834761367085],[124.845275268915103,8.320015575177782],[124.84518449931376,8.320015996638134],[124.845184922456923,8.320106403547475],[124.845094152830043,8.320106824991768],[124.845094575957162,8.320197231905318],[124.844913036647583,8.32019807474107],[124.844913459737896,8.320288481663473],[124.844731920367693,8.320289324425691],[124.844731497318961,8.320198917494002],[124.844640727647501,8.32019933883941],[124.844637766585109,8.319566490273033],[124.844728536111049,8.319566068960109],[124.844727267093319,8.319294848153394],[124.844818036552141,8.319294426833691],[124.844817613534985,8.319204019901896],[124.844908382968256,8.319203598566132],[124.844907536906618,8.319022784710533],[124.84499830629359,8.319022363363349],[124.84499661414425,8.318660735665537],[124.845087383443328,8.318660314316221],[124.845077231647679,8.316490548095755],[124.844986462847331,8.316490969333676],[124.844985617029678,8.316310155461469],[124.845076385788445,8.316309734232833],[124.845075117035293,8.316038513435213],[124.845165885726985,8.316038092199806],[124.845165462798022,8.315947685271047],[124.845256231464191,8.315947264019586],[124.845255808519198,8.315856857095037],[124.84534657715983,8.315856435827527],[124.845346154198808,8.315766028907188],[124.845436922813903,8.315765607623629],[124.845436499836879,8.315675200707497],[124.845527268426423,8.315674779407887],[124.845526845433383,8.315584372495968],[124.845708382556651,8.315583529843956],[124.845707536501763,8.315402716037399],[124.845889073522898,8.315401873321187],[124.845888227403961,8.315221059531478],[124.845978995865835,8.31522063815162],[124.845978149724374,8.315039824369473],[124.84606891813992,8.315039402978211],[124.846068071975978,8.314858589203629],[124.84615884034524,8.314858167800967],[124.846153763512206,8.31377328517296],[124.846062995392188,8.313773706519891],[124.846062572374493,8.313683299626778],[124.845971804270519,8.313683720948376],[124.845971381278346,8.313593314050188],[124.845789845097613,8.313594156622035],[124.845789422151753,8.313503749714126],[124.845517117907292,8.313505013402807],[124.845516272154441,8.313324199557838],[124.845607040199155,8.313323778358251],[124.845606194423851,8.313142964520841],[124.845787730415907,8.313142122078176],[124.845786884576526,8.312961308257613],[124.845877652523896,8.312960887014539],[124.845878075461968,8.313051293920392],[124.845968843425325,8.313050872651985],[124.845968420466491,8.312960465750777],[124.84605918840434,8.31296004446633],[124.846058765429476,8.312869637569332],[124.845967997512403,8.312870058849137],[124.845967574563105,8.312779651947064],[124.845876806662048,8.312780073201537],[124.845876383738243,8.312689666294389],[124.845422544265375,8.312691772233254],[124.845424235573731,8.313053399952121],[124.84533346758181,8.313053821096407],[124.845332199155706,8.312782600293978],[124.845150663282183,8.312783442492639],[124.84514981777167,8.312602628603628],[124.845059049869292,8.312603049662647],[124.845058627141952,8.312512642712854],[124.84496785925559,8.312513063746545],[124.844969127389632,8.312784284608556],[124.844878359436208,8.312784705635487],[124.844878782136334,8.31287511259327],[124.844697246173681,8.312875954594354],[124.844696823515108,8.312785547627287],[124.844606055547416,8.312785968592163],[124.84460478766259,8.312514747674461],[124.844423251837526,8.312515589514305],[124.844421561557155,8.312153961580876],[124.844330793720573,8.31215438245121],[124.84432994865044,8.311973568472629],[124.844148413046057,8.311974410132688],[124.844147990559662,8.31188400313347],[124.843784919376859,8.311885686186828],[124.843784496978301,8.311795279168624],[124.843239890186013,8.31179780310033],[124.843240312459983,8.311888210146359],[124.843149544623884,8.311888630733888],[124.843149122370676,8.311798223683221],[124.843058354550578,8.311798644245432],[124.843057510099925,8.31161783013353],[124.842875974528539,8.311618671177353],[124.842875552351856,8.311528264111484],[124.84269401680298,8.311529105063299],[124.842693172546987,8.311348290911722],[124.842783940282274,8.311347870455428],[124.842783518140664,8.311257463383628],[124.842601982706825,8.311258304266266],[124.842601560611485,8.311167897184763],[124.842510792908215,8.311168317590427],[124.842509526712973,8.310897096329429],[124.842418759067229,8.3108975167005],[124.842417915002358,8.310716702515077],[124.842508682606564,8.310716282153273],[124.842508260560493,8.310625875064549],[124.842417492977049,8.310626295421716],[124.842417070956486,8.310535888327928],[124.842326303389044,8.310536308659781],[124.842325459403725,8.310355494461639],[124.84223469187306,8.310355914763539],[124.842233847948265,8.310175100554405],[124.842143080454363,8.310175520826359],[124.842141814665069,8.309904299495518],[124.842051047228708,8.309904719732891],[124.842050625329222,8.309814312617116],[124.841959857908861,8.309814732829176],[124.84195943603487,8.309724325708332],[124.841868668630539,8.309724745895082],[124.84186824678207,8.309634338769175],[124.841777479393741,8.309634758930613],[124.841777057570766,8.309544351799641],[124.841686290198439,8.309544771935768],[124.841686712000651,8.309635179071373],[124.84159594460283,8.30963559919145],[124.841595522821379,8.309545192051214],[124.841413988052992,8.309546032220078],[124.841414409792904,8.30963643936958],[124.841323642380814,8.309636859427625],[124.841324064104725,8.30972726658133],[124.841233296667141,8.309727686623331],[124.841234983527258,8.310089315252361],[124.841144216001894,8.310089735292213],[124.841144637708027,8.310180142453024],[124.841053870157126,8.310180562476825],[124.841055978655248,8.310632598297582],[124.840965210995805,8.310633018323861],[124.840966054386769,8.310813832658411],[124.84087528668104,8.310814252673271],[124.840876130049466,8.310995067015355],[124.840785362297467,8.310995487018799],[124.840787049008256,8.311357115716325],[124.840696281168434,8.311357535717606],[124.840695859504393,8.311267128539242],[124.840605091680601,8.311267548515211],[124.840604670042083,8.311177141331786],[124.840423134421783,8.311177981212422],[124.840423556018806,8.311268388405111],[124.840332788180774,8.311268808319033],[124.840333209761766,8.311359215515919],[124.840151674029954,8.311360055290981],[124.840152517123116,8.311540869701979],[124.840243285032926,8.311540449815528],[124.840243706607382,8.31163085701575],[124.840152938676809,8.311631276906828],[124.84015420336641,8.311902498518796],[124.840244971359283,8.31190207861383],[124.840245392952738,8.311992485812327],[124.840336160961641,8.311992065882048],[124.840336582580605,8.312082473075483],[124.840518118625695,8.312081633143613],[124.84051854029093,8.312172040327358],[124.840155468098715,8.312173720126884],[124.840155889685647,8.312264127328717],[124.840246657761583,8.312263707405233],[124.840247079374024,8.312354114602005],[124.840337847465975,8.312353694653208],[124.840338269103938,8.312444101844919],[124.840519805315154,8.312443261876009],[124.840520226999388,8.312533669058032],[124.840792531342899,8.312532408935633],[124.840793374850222,8.312713223270597],[124.840974911138574,8.312712383067048],[124.8409753329409,8.312802790224623],[124.841066101098704,8.312802370087187],[124.841066522926553,8.312892777239698],[124.841157291100387,8.312892357076946],[124.841158556674699,8.313163578517997],[124.841249324906073,8.313163158320664],[124.841250590585446,8.313434379743935],[124.841159822291729,8.313434799955168],[124.841160244173579,8.313525207100028],[124.840706402529975,8.313527307869025],[124.840705980751977,8.313436900701005],[124.840615212429796,8.313437320788111],[124.840615634187017,8.313527727960761],[124.840524865839299,8.313528148031809],[124.840525709326457,8.31370896238507],[124.840434940932454,8.313709382444689],[124.840435784397059,8.31389019680549],[124.840345015956771,8.313890616853682],[124.840345859398809,8.314071431222015],[124.840255090912223,8.314071851258777],[124.840256777770207,8.314433480008788],[124.840166009195784,8.31443390004338],[124.840166852611716,8.314614714425058],[124.840257621227664,8.314614294381208],[124.840258464704121,8.3147951087519],[124.840530770648144,8.314793848468428],[124.840531192455799,8.314884255639239],[124.840712729769635,8.314883415337542],[124.840713573482319,8.315064229659344],[124.841076648219186,8.315062548770602],[124.841077070165738,8.315152955912334],[124.841349376230852,8.315151695014618],[124.84134979824448,8.315242102142024],[124.841440566944115,8.315241681796769],[124.841440988983265,8.31533208891911],[124.841622526409864,8.315331248157255],[124.841623792680465,8.315602469493891],[124.841351486346468,8.315603730647323],[124.841351064313841,8.315513323521643],[124.841169526775644,8.315514164177872],[124.841169948766719,8.315604571312814],[124.841079179969739,8.315604991614519],[124.841080023924562,8.315785805892373],[124.840898486233229,8.315786646452228],[124.84089933012396,8.315967460746885],[124.841080867898398,8.315966620168503],[124.841081289892443,8.316057027305918],[124.841172058793319,8.316056606981052],[124.841172480812872,8.316147014113408],[124.841263249729778,8.316146593763216],[124.841263671774882,8.31623700089051],[124.841354440707818,8.316236580514992],[124.841354862778445,8.316326987637218],[124.841445631727382,8.316326567236375],[124.841446053823518,8.316416974353539],[124.841627591748761,8.3164161334805],[124.841628858190361,8.316687354801605],[124.841538089167784,8.31668777526237],[124.841538511303696,8.316778182373177],[124.84144774225561,8.316778602817879],[124.841448164375493,8.316869009932887],[124.84135739530187,8.316869430361526],[124.841357817405722,8.316959837480734],[124.840903971862474,8.316961939336645],[124.840904393867177,8.317052346478581],[124.840632086421905,8.317053607357661],[124.84063250836904,8.317144014513055],[124.840723277542992,8.317143594236093],[124.840724121493054,8.317324408536335],[124.840633352277536,8.317324828822558],[124.840632930320922,8.317234421668022],[124.840542161121434,8.317234841928919],[124.840541317263984,8.317054027609295],[124.840269009761727,8.317055288240013],[124.840268166047949,8.316874473890884],[124.840177396912594,8.31687489405047],[124.840176975083594,8.316784486870629],[124.840086205964283,8.316784907004891],[124.840087049585463,8.316965721373402],[124.839814742074338,8.316966981679784],[124.839815163829712,8.317057388877275],[124.839905933025619,8.317056968791217],[124.839906776592144,8.317237783175653],[124.839997545824843,8.317237363059641],[124.839997967636009,8.317327770246585],[124.839907198382534,8.317328190367226],[124.839908041977537,8.317509004749072],[124.839817272677735,8.317509424858274],[124.839818538043502,8.317780646441697],[124.839636999305,8.317781486625776],[124.839637421061539,8.317871893828645],[124.83972819045394,8.317871473742329],[124.839730299411613,8.318323509727056],[124.839821068903177,8.318323089596896],[124.839822756237865,8.318684718358403],[124.83991352580783,8.31868429818903],[124.839914369545227,8.318865112557933],[124.840005139151998,8.3188646923586],[124.840006826766867,8.319226321072719],[124.84009759645204,8.319225900834168],[124.840102238013131,8.320220379711481],[124.840193007922196,8.320219959401305],[124.84019680617736,8.321033623856787],[124.840287576268778,8.321033203484239],[124.84028926458879,8.321394832101383],[124.840380034758596,8.321394411689608],[124.840381301110824,8.321665633134042],[124.84029053087859,8.321666053559706],[124.840290952984716,8.321756460711617],[124.839564790789836,8.321759823408449],[124.839565212734357,8.32185023059696],[124.839292901770605,8.321851491280464],[124.839293323657486,8.321941898482422],[124.839202553305952,8.321942318673466],[124.839202975176818,8.322032725879625],[124.839112204799733,8.322033146054586],[124.839112626654526,8.322123553264939],[124.839021856251932,8.322123973423817],[124.839022278090681,8.322214380638366],[124.838931507662522,8.322214800781159],[124.838931929485213,8.322305207999904],[124.838568847642051,8.322306888382489],[124.838569269386326,8.322397295619302],[124.838387728394707,8.322398135695584],[124.838388150102119,8.322488542941215],[124.838206609049934,8.322489382943907],[124.838207030720525,8.322579790198356],[124.83811626016653,8.322580210173259],[124.838116681821049,8.322670617431907],[124.837935140657237,8.322671457328827],[124.837935562274922,8.322761864596288],[124.837663250431262,8.322763124300208],[124.837663671991322,8.322853531581108],[124.837391360042616,8.322854791112496],[124.837391781545008,8.322945198406833],[124.83721024018061,8.32294603800011],[124.837210661646139,8.323036445303263],[124.837119890936037,8.323036865073455],[124.837120312385508,8.323127272380795],[124.837029541649883,8.3231276921349],[124.83702996308331,8.323218099446427],[124.836939192322134,8.32321851918444]],[[124.836660560253833,8.32186366827867],[124.836751330717306,8.321863248672106],[124.836750909417347,8.321772841340239],[124.836660138974636,8.321773260942182],[124.836660560253833,8.32186366827867]],[[124.835461182288512,8.317710380592253],[124.835551951857411,8.317709961467326],[124.835550689435948,8.317438739230743],[124.835459919929392,8.317439158341818],[124.835461182288512,8.317710380592253]],[[124.835093055782252,8.316627167638334],[124.835183825120723,8.316626748651597],[124.83518298378155,8.316445933780351],[124.835092214484632,8.316446352757852],[124.835093055782252,8.316627167638334]],[[124.835274594454461,8.316626329644169],[124.83554690242724,8.316625072497706],[124.835546481672168,8.316534665080766],[124.835455712373431,8.316535084145668],[124.835455291643854,8.316444676723679],[124.835364522361161,8.316445095763267],[124.835364943069948,8.316535503189868],[124.835274173761732,8.316535922213378],[124.835274594454461,8.316626329644169]],[[124.837258886164122,8.313904886182311],[124.837349654765703,8.313904466837542],[124.837347549670781,8.313452430145865],[124.837256781173096,8.313452849467522],[124.837256360189102,8.313362442123273],[124.837165591707418,8.313362861419622],[124.837164328846171,8.313091639370416],[124.83725509726554,8.313091220087932],[124.837254676300503,8.313000812741961],[124.837436213083464,8.312999974124178],[124.837435371084524,8.312819159449425],[124.837616907765451,8.312818320767386],[124.837617328804072,8.312908728095731],[124.837798865507594,8.312907889321705],[124.837797602281299,8.312636667363108],[124.837706833994218,8.312637086746596],[124.837706412949032,8.312546679421581],[124.837615644677982,8.312547098779758],[124.837615223658318,8.312456691449686],[124.837524455403269,8.312457110782557],[124.837523613419691,8.312276296111875],[124.837432845201462,8.312276715414814],[124.837432003278352,8.312095900733166],[124.837341235096929,8.312096320006171],[124.837341656035321,8.31218672735184],[124.837160119616698,8.312187565845049],[124.837159277827695,8.312006751134803],[124.837068509652795,8.312007170341138],[124.837068088786154,8.311916762980747],[124.836977320627312,8.311917182161775],[124.836976478949779,8.311736367430457],[124.836885710827701,8.311736786581559],[124.836885290016809,8.311646379210636],[124.836976058118125,8.311645960064149],[124.836975637291189,8.311555552697415],[124.837066405366983,8.311555133534872],[124.837065984524031,8.311464726172325],[124.837156752574316,8.311464306993717],[124.837155910861114,8.311283492276576],[124.837246678865114,8.311283073086532],[124.837245416268544,8.311011851021449],[124.83733618420554,8.311011431824589],[124.837334079868882,8.310559395063947],[124.837424847697292,8.310558975869515],[124.837421901679676,8.309926124418869],[124.837331133996571,8.309926543580943],[124.837329871550949,8.309655321510334],[124.837239103925384,8.309655740637863],[124.837237841584709,8.309384518549511],[124.837147074016684,8.309384937642498],[124.837143708149426,8.308661678684288],[124.837234475551369,8.308661259628277],[124.837232792648422,8.308299630157324],[124.837142025329499,8.308300049194843],[124.837139921911202,8.307848012323348],[124.837049154691343,8.307848431317087],[124.837045369023741,8.307034764879651],[124.836954601985909,8.307035183811125],[124.836952499106843,8.306583146863256],[124.837134032970226,8.306582309025849],[124.837133612367111,8.306491901644225],[124.837315146170042,8.306491063733379],[124.83731262240191,8.305948619490053],[124.837221855627291,8.30594903842808],[124.837221435036625,8.305858631048062],[124.837039901514729,8.305859468852866],[124.83703948097029,8.305769061463174],[124.836948714222984,8.305769480329952],[124.836948293704012,8.305679072935211],[124.836857526972736,8.305679491776694],[124.836857106479258,8.305589084376903],[124.836766339763983,8.305589503193101],[124.836765919295999,8.305499095788257],[124.836584385892735,8.305499933349404],[124.836583965470979,8.305409525934888],[124.836220898690598,8.305411200790697],[124.83622047835658,8.30532079335727],[124.835857411583447,8.305322467863922],[124.835856991337138,8.305232060411589],[124.83567545796366,8.305232897531676],[124.83567629837799,8.305413712454385],[124.835585531642636,8.305414130992665],[124.835584691269815,8.305233316060715],[124.835493924571225,8.305233734569091],[124.835494344734542,8.305324142039895],[124.835312811281668,8.305324979003879],[124.835313231408193,8.305415386483489],[124.83522246465391,8.305415804939095],[124.835225825670534,8.306139064797406],[124.835316592590814,8.306138646304866],[124.83531701275993,8.306229053780596],[124.83540777969624,8.306228635262769],[124.83540904029428,8.306499857673534],[124.835590574277177,8.306499020548163],[124.835590994527507,8.306589428008319],[124.835681761532612,8.306589009410008],[124.835682602088951,8.306769824319801],[124.83586413616797,8.306768987042695],[124.835865397162507,8.307040209376437],[124.835956164257183,8.307039790693024],[124.835957425356582,8.307311013009034],[124.836048192508784,8.307310594291092],[124.836049033306921,8.307491409157041],[124.836139800495886,8.307490990409191],[124.836140641354476,8.307671805264176],[124.836049874124001,8.307672224021267],[124.836050294539646,8.307762631452736],[124.836231829037359,8.307761793908639],[124.836235192865061,8.308485053270962],[124.836144425452517,8.3084854720903],[124.83615199479938,8.31011280563785],[124.836242762585613,8.310112386735364],[124.836245286166772,8.310654831192469],[124.836154518255995,8.310655250122672],[124.836154938848679,8.310745657535302],[124.83606417091238,8.310746076449442],[124.836063750340486,8.310655669032194],[124.835972982420216,8.310656087921036],[124.835973402971362,8.310746495342903],[124.83579186707513,8.310747333067777],[124.835792287589499,8.310837740498453],[124.835610751632771,8.310838578149841],[124.835611172110347,8.310928985589319],[124.835429636093167,8.310929823167218],[124.835430056533937,8.311020230615499],[124.835702360614903,8.311018974203774],[124.835701940111832,8.310928566769348],[124.835792708108571,8.310928147928696],[124.835793128632389,8.311018555358507],[124.835974664653236,8.311017717605917],[124.835975505798146,8.311198532445776],[124.836066273843002,8.311198113529219],[124.836066694443318,8.311288520943883],[124.83615746250419,8.311288102002028],[124.836157883129999,8.311378509411641],[124.836248651206915,8.311378090444485],[124.836249071858248,8.311468497849043],[124.836339839951151,8.311468078856587],[124.836340260627992,8.311558486256097],[124.836431028736953,8.311558067238334],[124.836431449439274,8.311648474632793],[124.836340681309551,8.311648893655175],[124.83634110199587,8.311739301053823],[124.836522638292095,8.311738462979136],[124.836523059024671,8.311828870368119],[124.836432290858141,8.311829289420421],[124.836432711574687,8.311919696813591],[124.836523479761979,8.311919277756664],[124.836524321250792,8.312100092532466],[124.836615089474876,8.312099673445617],[124.836615510247142,8.31219008082825],[124.836524742002311,8.312190499919721],[124.836525162758576,8.312280907306546],[124.83661593102417,8.312280488210453],[124.83661719338366,8.312551710354478],[124.836526425055766,8.312552129464429],[124.83652684583096,8.312642536849529],[124.836617614179644,8.312642117734955],[124.836618876595963,8.312913339873807],[124.836528108184993,8.312913759002241],[124.83652852897913,8.313004166385618],[124.836619297410877,8.31300374725256],[124.836619718230551,8.313094154630884],[124.836528949778014,8.313094573768559],[124.836529791390006,8.313275388533151],[124.836620559884068,8.31327496938624],[124.836622664100787,8.313727006267081],[124.836713432693955,8.313726587076376],[124.836713853572277,8.313816994446631],[124.837258465156452,8.313814478840214],[124.837258886164122,8.313904886182311]],[[124.837620697283796,8.313631986706993],[124.837802234319611,8.313631147858995],[124.837801813201523,8.313540740543342],[124.837711044706751,8.31354115997306],[124.837710623614186,8.313450752652352],[124.837619855135429,8.313451172056762],[124.837620697283796,8.313631986706993]],[[124.845607463093984,8.313414185276306],[124.845698231154685,8.31341376405139],[124.845697808239123,8.313323357137977],[124.845607040199155,8.313323778358251],[124.845607463093984,8.313414185276306]],[[124.835168683912357,8.313372080705301],[124.835531758227376,8.3133704052163],[124.835531337642763,8.313279997783841],[124.835712874730334,8.313279159924448],[124.835709930479723,8.312646307949814],[124.835619162083688,8.312646726857528],[124.835618741516143,8.312556319426237],[124.8354372047514,8.312557157170371],[124.835438886883779,8.312918786929888],[124.835166581451929,8.312920043446349],[124.83516616097404,8.312829635993268],[124.835075392508074,8.312830054786097],[124.835077494840974,8.313282092070288],[124.835168263410793,8.313281673254373],[124.835168683912357,8.313372080705301]],[[124.83516616097404,8.312829635993268],[124.835256929435289,8.31282921717975],[124.835256508941356,8.312738809730851],[124.835165740500898,8.312739228539751],[124.83516616097404,8.312829635993268]],[[124.844876668683412,8.312423077800041],[124.844967436553773,8.312422656791677],[124.844967013856674,8.312332249836379],[124.844876246007118,8.312332670840103],[124.844876668683412,8.312423077800041]],[[124.837250466910731,8.312096739258498],[124.837341235096929,8.312096320006171],[124.837340814163227,8.31200591266008],[124.837250045997834,8.312006331907785],[124.837250466910731,8.312096739258498]],[[124.839970981289241,8.311541709412824],[124.840061749208544,8.311541289567742],[124.840061327680374,8.311450882357832],[124.839970559781833,8.311451302198282],[124.839970981289241,8.311541709412824]],[[124.835432158808814,8.311472267850451],[124.835522926944364,8.311471849044137],[124.835522085978681,8.311291034160687],[124.83524978168245,8.311292290489872],[124.835250202100625,8.311382697945666],[124.835431738344369,8.311381860404321],[124.835432158808814,8.311472267850451]],[[124.835521665502952,8.311200626718314],[124.835612433571455,8.31120020790517],[124.835612013079682,8.311109800466983],[124.835521245031941,8.311110219275507],[124.835521665502952,8.311200626718314]],[[124.83533970892222,8.311111056830512],[124.835430476979454,8.311110638063351],[124.835430056533937,8.311020230615499],[124.835339288497494,8.311020649378042],[124.83533970892222,8.311111056830512]],[[124.839694463265047,8.310638896520318],[124.840057534140186,8.31063721744923],[124.840055005326974,8.310094774157431],[124.840145772909324,8.310094354365734],[124.84014535143632,8.310003947153552],[124.840236118993133,8.310003527345801],[124.840235276019811,8.30982271292941],[124.840326043530411,8.309822293110242],[124.840326465035446,8.309912700314026],[124.840508000083886,8.309911860604391],[124.840508421635207,8.310002267798481],[124.840689956706157,8.310001427996873],[124.840689535113341,8.309911020812041],[124.840961837621876,8.309909760968431],[124.84096141597152,8.309819353797062],[124.84105218344412,8.309818933812464],[124.841052605115237,8.3099093409792],[124.841143372603852,8.309908920969294],[124.841142107542424,8.309637699481684],[124.841051340116081,8.309638119477695],[124.841051761777734,8.309728526645298],[124.840870226869299,8.30972936658455],[124.840869383633816,8.309548552230396],[124.84077861621401,8.309548972159741],[124.840778194624136,8.309458564977387],[124.840687427220331,8.309458984881427],[124.840687005656008,8.309368577694009],[124.840596238268205,8.309368997572738],[124.840595816729348,8.309278590380265],[124.840414281981055,8.309279430066431],[124.840413860488482,8.309189022864263],[124.840323093127964,8.3091894426717],[124.840322250198554,8.309008628256809],[124.840231482874827,8.30900904803431],[124.840230218578597,8.308737826394857],[124.839957916765712,8.308739085561641],[124.839957495405415,8.308648678333737],[124.839685193612084,8.308649937300558],[124.83968477231879,8.308559530058337],[124.839503237807719,8.308560369256917],[124.839504501577281,8.308831591010046],[124.839595268897469,8.308831171407212],[124.839596111475771,8.309011985897888],[124.839686878832723,8.309011566265118],[124.839687300149734,8.309101973505182],[124.839596532772021,8.309102393142577],[124.839596954073031,8.309192800386839],[124.839324651849125,8.309194059188844],[124.839325494340812,8.309374873703838],[124.839234726881855,8.309375293272405],[124.839235990592684,8.309646515055546],[124.839326758113941,8.309646095473093],[124.839327179381129,8.309736502728652],[124.839417946918388,8.309736083120896],[124.839418368211099,8.309826490371394],[124.839509135764388,8.309826070738332],[124.83950997840553,8.310006885228782],[124.839600745995583,8.310006465565786],[124.839601167344043,8.310096872805738],[124.839691934950125,8.310096453117437],[124.839692777702794,8.310277267586788],[124.839602010055188,8.310277687284342],[124.839602431417859,8.310368094523003],[124.839693199086241,8.310367674820814],[124.839694463265047,8.310638896520318]],[[124.843322213100222,8.309989241578355],[124.843503747876625,8.309988400494653],[124.843502058959473,8.309626772327382],[124.843320524349139,8.309627613373983],[124.843320102173251,8.309537206321815],[124.843138567585413,8.30953804727643],[124.8431394118589,8.309718861398887],[124.843230179196723,8.309718440922646],[124.843230601361341,8.309808847978591],[124.843321368715166,8.309808427477034],[124.843322213100222,8.309989241578355]],[[124.841777057570766,8.309544351799641],[124.841867824938333,8.309543931642839],[124.841867403099357,8.309453524516071],[124.841776635752552,8.30945394466824],[124.841777057570766,8.309544351799641]],[[124.843227646308762,8.309175998577919],[124.843409180721011,8.309175157619045],[124.843408336380023,8.308994343519235],[124.843499103537496,8.308993923018059],[124.843498259173998,8.308813108925802],[124.843589026285215,8.308812688413225],[124.843588181899207,8.308631874328521],[124.84376971602434,8.308631033259887],[124.843768871574355,8.308450219192011],[124.843859638588242,8.308449798635959],[124.843859216349642,8.308359391606011],[124.843949983338035,8.308358971033925],[124.843949138833537,8.308178156982015],[124.843858371886668,8.308178577544826],[124.843857949662308,8.308088170513589],[124.843948716588443,8.308087749955414],[124.843948294348081,8.307997342928381],[124.844039061248694,8.307996922354175],[124.844038638992345,8.307906515331352],[124.844129405867463,8.307906094741108],[124.844128561327508,8.307725280703446],[124.844219328156342,8.307724860101812],[124.844218483593906,8.307544046071703],[124.844309250376483,8.307543625458672],[124.844305027642193,8.306639555328671],[124.844214261067165,8.306639975895305],[124.844212994401886,8.306368754833981],[124.844122227884341,8.306369175366031],[124.8441205391469,8.306007547259677],[124.844029772707614,8.306007967752494],[124.844028506266724,8.305736746654288],[124.843937739884922,8.305737167112524],[124.843937317768223,8.305646760074286],[124.843846551402422,8.305647180507215],[124.843845707224787,8.305466366420173],[124.843754940895707,8.305466786823155],[124.843754518834785,8.305376379774353],[124.843663752521707,8.305376800152029],[124.843662908455599,8.305195986043849],[124.843572142179283,8.305196406391584],[124.843571298173686,8.305015592272404],[124.843934363084472,8.305013910794571],[124.843933941005801,8.304923503752885],[124.844024707200859,8.3049230833364],[124.844023863016332,8.30474226926102],[124.843842330704447,8.304743110054769],[124.843841908660806,8.304652703007156],[124.843932674798381,8.304652282625254],[124.843931408633736,8.304381061493741],[124.843840642558419,8.30438148186173],[124.843840220533792,8.304291074812392],[124.843749454474462,8.304291495155077],[124.843751564541378,8.304743530420648],[124.843660798373534,8.304743950765859],[124.843661220380454,8.304834357822319],[124.843479687989031,8.304835198460019],[124.843480109959188,8.304925605525323],[124.843389343735609,8.30492602581781],[124.843389765689778,8.305016432887324],[124.843208233186829,8.305017273419578],[124.843208655104249,8.305107680497933],[124.843117888824921,8.305108100737696],[124.843118310726339,8.305198507820258],[124.84320907702643,8.305198087575857],[124.843209920885073,8.30537890173041],[124.843028388197112,8.305379742217093],[124.843028810092065,8.305470149302998],[124.842938043720224,8.305470569519976],[124.842938465599175,8.305560976610085],[124.842847699201826,8.305561396811029],[124.842848964804944,8.305832618092685],[124.84275819834059,8.30583303828687],[124.84275862019706,8.305923445384527],[124.842667853707198,8.305923865562681],[124.842667431871476,8.305833458460386],[124.842576665397615,8.305833878613235],[124.842577930856763,8.306105099932731],[124.842759463924224,8.306104259578555],[124.842760307670417,8.306285073770855],[124.84266954109755,8.306285493967549],[124.842669962957046,8.306375901067689],[124.842579196358656,8.306376321248351],[124.842580461903353,8.306647542560093],[124.84239892856786,8.306648382887214],[124.842399350384099,8.306738789999541],[124.842308583688464,8.30673921013673],[124.842307740102257,8.306558395902382],[124.842216973443399,8.306558816009634],[124.842216129917702,8.306378001764299],[124.841943830037081,8.306379261934229],[124.841944251735299,8.306469669071014],[124.841853485078175,8.306470089090949],[124.841853906760377,8.306560496231938],[124.841672373390367,8.306561336219067],[124.841672795035834,8.306651743368892],[124.841491261605313,8.306652583282606],[124.841489575218006,8.306290954643661],[124.841398808578631,8.30629137455098],[124.841397965454973,8.306110560219658],[124.841307198852348,8.306110980097044],[124.841302562240045,8.305116501193005],[124.840939496695057,8.305118180292068],[124.840939075296347,8.305027773097862],[124.840848308918964,8.30502819281633],[124.840847887545735,8.304937785617062],[124.840394055691434,8.304939883876258],[124.840394476960924,8.305030291098674],[124.840303710555077,8.305030710693146],[124.840304131808551,8.305121117919764],[124.84021336537721,8.305121537498199],[124.840213786614683,8.305211944729015],[124.840123020157847,8.30521236429141],[124.840122177729128,8.305031549820086],[124.840031411309042,8.305031969352555],[124.840030990122543,8.304941562111617],[124.839849457309626,8.304942401105302],[124.839849036169383,8.304851993854678],[124.839667503378962,8.30485283275644],[124.839667082284947,8.304762425496126],[124.839576315903372,8.30476284491138],[124.839575052712036,8.304491623113973],[124.839484286387972,8.30449204249468],[124.83948386535441,8.304401635223391],[124.83957463165774,8.304401215847314],[124.839573789563403,8.304220401312692],[124.839664555820491,8.304219981925204],[124.839664134759687,8.304129574661879],[124.839754900991281,8.304129155258357],[124.83975447991449,8.304038747999227],[124.839936012321971,8.304037909139444],[124.839935591208416,8.303947501889139],[124.840026357384289,8.303947082432879],[124.840025936254733,8.303856675186776],[124.840116702405112,8.303856255714482],[124.840116281259583,8.303765848472576],[124.84029781350462,8.303765009475255],[124.840296971144767,8.303584195008668],[124.840387737218677,8.303583775488272],[124.840386894836328,8.303402961029221],[124.840477660863996,8.303402541497421],[124.840477239659222,8.303312134271879],[124.840568005661396,8.303311714724051],[124.840567163224563,8.303130900280934],[124.840657929180495,8.3031304807217],[124.840657507948478,8.303040073504128],[124.840748273878944,8.303039653928867],[124.840747852630884,8.302949246715491],[124.840838618535855,8.302948827124199],[124.840838197271822,8.302858419915028],[124.840747431387612,8.302858839501685],[124.840745325242366,8.302406803426203],[124.840654559457093,8.30240722296905],[124.84065329588914,8.302136001304699],[124.84056253016135,8.302136420812996],[124.840558318784105,8.301232348524206],[124.840467553258975,8.301232767965542],[124.840466711081959,8.301051953493356],[124.840375945593536,8.301052372904776],[124.840374682425846,8.300781151179381],[124.840465447852054,8.300780731781847],[124.840464184664867,8.300509510066464],[124.840554950024099,8.300509090662171],[124.840554528950463,8.300418683427479],[124.840645294284201,8.300418264007158],[124.840644452109714,8.300237449545742],[124.840735217397253,8.300237030114026],[124.840734375200242,8.300056215660153],[124.840825140441567,8.300055796217043],[124.840823877119476,8.299784574546891],[124.840914642293853,8.299784155097022],[124.840910431321433,8.298880082881515],[124.841001196283713,8.29887966345731],[124.840999511944759,8.298518034577574],[124.840908747065399,8.298518453983263],[124.840907483923218,8.29824723230505],[124.840998248740391,8.298246812913259],[124.840996985578741,8.297975591245068],[124.840906220823769,8.297976010622966],[124.840905799800097,8.297885603394743],[124.840815035061127,8.297886022747363],[124.84081545606405,8.297976429980217],[124.84072469129957,8.297976849316818],[124.84072511228652,8.298067256553871],[124.840634347496547,8.298067675874453],[124.84063476846751,8.298158083115707],[124.840362474006994,8.298159340967452],[124.840362053098218,8.29806893371231],[124.840271288289287,8.298069352950298],[124.840269604784595,8.2977077239069],[124.840360369510606,8.29770730468743],[124.840359527745278,8.297526490172407],[124.84026876306072,8.297526909382618],[124.840267921355832,8.297346094856616],[124.840177156707966,8.297346514036919],[124.840176735883389,8.297256106768643],[124.840085971251511,8.297256525923672],[124.840085129658007,8.29707571137657],[124.839994365062864,8.297076130501694],[124.839993944293951,8.296985723222869],[124.839812415130851,8.296986561401919],[124.839811573690199,8.296805746824459],[124.83972080914296,8.296806165873761],[124.839719967762747,8.296625351285329],[124.839810732268504,8.296624932245287],[124.839807787442055,8.295992081204611],[124.839717023081363,8.295992500212257],[124.839715761146238,8.295721278317345],[124.839624996843,8.295721697290464],[124.839624155618068,8.295540882682449],[124.839533391351509,8.29554130162567],[124.839532129611882,8.295270079696534],[124.839441365402749,8.29527049860523],[124.839439683232555,8.29490886934185],[124.839348919101596,8.294909288211395],[124.839347657585904,8.294638066245465],[124.839256893512342,8.294638485080487],[124.839256473037338,8.294548077753021],[124.839165708979763,8.294548496562776],[124.839164027210003,8.294186867230104],[124.83907326323056,8.294187286000717],[124.839071161228659,8.293735249302069],[124.838889633462756,8.293736086735107],[124.838889213118051,8.293645679384836],[124.838616921495785,8.293646935365734],[124.838617341778331,8.293737342729882],[124.838526577874063,8.293737761353531],[124.838527418411971,8.293918576089791],[124.838436654461489,8.293918994702052],[124.838438335511299,8.294280624187904],[124.838347571473207,8.294281042798026],[124.838348411985109,8.294461857547621],[124.838257647900846,8.294462276146348],[124.838258068143205,8.294552683525128],[124.838167304033476,8.294553102107843],[124.838167724259833,8.294643509490813],[124.838076960124653,8.294643928057511],[124.838078220770015,8.294915150217713],[124.837987456567916,8.294915568777645],[124.837989137411881,8.295277198337052],[124.837898373122144,8.295277616894838],[124.837899213531131,8.295458431681208],[124.837808449195208,8.295458850227593],[124.83780886938608,8.29554925762476],[124.837899633742722,8.295548839073751],[124.837900474180131,8.29572965385754],[124.83780970978205,8.295730072417795],[124.837810550196963,8.295910887209113],[124.83762902130367,8.295911724286189],[124.837629441476807,8.296002131690445],[124.837538677002314,8.29600255020264],[124.837539517321332,8.296183365019115],[124.837448752800654,8.296183783519911],[124.837449172946563,8.296274190932124],[124.837358408400434,8.2962746094169],[124.837357988275258,8.296184202000067],[124.837176459210241,8.296185038898436],[124.837175619057021,8.29600422404499],[124.836994090055953,8.296005060842299],[124.836993250004582,8.295824245968642],[124.836902485538403,8.295824664327087],[124.836902065540556,8.295734256884995],[124.83681130109035,8.29573467521818],[124.836810461150307,8.29555386032346],[124.83690122555906,8.29555344199952],[124.836900385596536,8.295372627112318],[124.83699114995909,8.295372208776977],[124.836990729964228,8.295281801337353],[124.83708149430133,8.295281382985991],[124.837081074290467,8.295190975550559],[124.836990309974055,8.2951913938973],[124.836989470007964,8.295010579015898],[124.837080234282922,8.2950101606784],[124.83707981428627,8.294919753241677],[124.836989050032031,8.294920171574557],[124.83698695022342,8.294468134361379],[124.83689618606806,8.29446855265051],[124.836895766141254,8.294378145201962],[124.836805002001896,8.294378563465836],[124.836804582100569,8.294288156012236],[124.836532289716189,8.294289410666147],[124.836530190591375,8.293837373322402],[124.836257898475182,8.293838627721266],[124.83625705898271,8.293657812753036],[124.836075530964436,8.293658648897273],[124.836075950666881,8.29374905639084],[124.835894422588211,8.293749892461763],[124.83589484225395,8.293840299964138],[124.835713314114926,8.293841135961745],[124.835713733743958,8.293931543472926],[124.835622969646607,8.293931961445391],[124.835623808877415,8.294112776475693],[124.835714573016176,8.294112358493996],[124.835715412307366,8.294293173513344],[124.835806176482819,8.29429275550177],[124.835807015834391,8.29447357051016],[124.835897780046565,8.29447315246871],[124.835898619458504,8.294653967466147],[124.835807855204877,8.294654385516836],[124.835809534002649,8.295016015525016],[124.835991062670942,8.295015179366056],[124.835990642922965,8.294924771873891],[124.836262935827705,8.294923517494494],[124.836263355637868,8.2950139249728],[124.836172591320306,8.295014343124526],[124.836173430913377,8.295195158089086],[124.835628844659837,8.295197666621396],[124.835628424985273,8.295107259111621],[124.835356131856742,8.295108513085255],[124.835356551469147,8.295198920608886],[124.835175022651683,8.295199756497334],[124.835175442227381,8.295290164029767],[124.83499391334955,8.295290999844882],[124.834999367725345,8.296466297847378],[124.835090132436051,8.29646587989013],[124.835090552057267,8.296556287421158],[124.835181316783959,8.296555869438645],[124.835181736430641,8.296646276964625],[124.835272501173336,8.296645858956856],[124.835272920845469,8.296736266477787],[124.835363685604165,8.296735848444751],[124.835364105301764,8.296826255960635],[124.835454870076447,8.29682583790234],[124.835455289799484,8.296916245413177],[124.835546054590168,8.296915827329617],[124.835553610787784,8.298543162368004],[124.835644375946856,8.298542744180676],[124.835645215660492,8.298723559167103],[124.835735980856299,8.298723140949891],[124.83573640074097,8.298813548437836],[124.83582716595275,8.298813130195358],[124.835827585862887,8.298903537678257],[124.835918351090683,8.298903119410507],[124.835918771026257,8.298993526888358],[124.836009536270055,8.298993108595338],[124.836009956231109,8.299083516068141],[124.836100721490908,8.29908309774985],[124.836101141477428,8.299173505217604],[124.836191906753243,8.299173086874044],[124.836192746781947,8.299353901799019],[124.836283512094468,8.299353483425566],[124.836283932136666,8.29944389088279],[124.836193166803426,8.299444309260862],[124.836193586829623,8.299534716722274],[124.836375117532853,8.29953387993624],[124.836376377764296,8.299805102290177],[124.836467143171006,8.299804683852324],[124.836468403507283,8.300075906188528],[124.836559168971448,8.300075487716159],[124.836560009260793,8.300256302595569],[124.836650774761708,8.300255884093309],[124.83665161511145,8.300436698961759],[124.836742380649099,8.300436280429599],[124.836742800851823,8.300526687858557],[124.836833566405488,8.300526269301121],[124.83683398663365,8.30061667672503],[124.837015517768251,8.300615839538954],[124.83701593804264,8.300706246953185],[124.837106703623562,8.300705828324544],[124.837107123923431,8.300796235733726],[124.83719788952034,8.300795817079806],[124.837198309845704,8.300886224483934],[124.837289075458628,8.300885805804738],[124.837289916164991,8.301066620602464],[124.837380681814665,8.301066201893363],[124.837381522581467,8.301247016680124],[124.837472288267861,8.301246597941123],[124.8374739699413,8.301608227490989],[124.837564735705911,8.301607808712841],[124.837566417538142,8.301969438237329],[124.837657183380983,8.301969019420035],[124.837658024367016,8.302149834170445],[124.837748790246593,8.302149415323242],[124.837749210767441,8.302239822693181],[124.837839976663034,8.302239403820696],[124.837840397209376,8.302329811185583],[124.837931163120942,8.302329392287815],[124.837932004269334,8.302510207007044],[124.838022770217663,8.302509788079369],[124.838023611426493,8.302690602787633],[124.838114377411557,8.302690183830046],[124.838115639322581,8.302961405875337],[124.838206405365128,8.302960986883221],[124.838207246704357,8.303141801568682],[124.838298012783653,8.303141382546652],[124.838298433481114,8.303231789884112],[124.838389199576412,8.3032313708368],[124.838389620299338,8.303321778169204],[124.838480386410637,8.303321359096604],[124.838480807159073,8.303411766423952],[124.838571573286373,8.303411347326064],[124.838571994060302,8.303501754648359],[124.83875352634216,8.303500916381346],[124.838754788816829,8.303772138317886],[124.838845555012881,8.303771719139508],[124.838845975867997,8.3038621264462],[124.838755209651211,8.303862545629203],[124.838756893036134,8.30422417487017],[124.83866612673161,8.304224594051012],[124.838668651826765,8.3047670379273],[124.838577885393036,8.304767457115229],[124.83857872708785,8.304948271746463],[124.838669493563103,8.304947852549281],[124.838670335318398,8.305128667169541],[124.838761101830372,8.305128247942445],[124.838761522735894,8.305218655247304],[124.838943055787141,8.305217816721855],[124.838943476738905,8.305308224017031],[124.839215776342485,8.305306966059975],[124.839217039412929,8.305578187901277],[124.839307806000193,8.305577768527046],[124.839308227053934,8.305668175801992],[124.83921746044588,8.305668595180853],[124.839219986743316,8.306211038849245],[124.839310753475857,8.306210619442622],[124.839311174562781,8.306301026714552],[124.839401941311309,8.306300607282633],[124.839402362423741,8.306391014549508],[124.839493129188284,8.30639059509229],[124.83949355032621,8.306481002354104],[124.83958431710677,8.30648058287159],[124.839584738270176,8.306570990128344],[124.839675505066751,8.306570570620531],[124.839675926255651,8.306660977872227],[124.839766693068213,8.306660558339118],[124.839767535501792,8.306841372831965],[124.839858302351132,8.306840953268924],[124.839858723595782,8.306931360510076],[124.839949490461123,8.306930940921736],[124.839949911731267,8.307021348157823],[124.84004067861261,8.307020928544185],[124.840041521208647,8.307201743005814],[124.840132288126767,8.307201323362245],[124.840133552118687,8.307472545037568],[124.840224319094304,8.307472125359443],[124.840224740455184,8.307562532579057],[124.840406274433704,8.307561693151525],[124.840406695840855,8.307652100361452],[124.840497462843757,8.307651680612045],[124.840495777160641,8.307290051788275],[124.840586544075776,8.307289632036717],[124.840585701221215,8.307108817631509],[124.840676468090095,8.307108397868539],[124.840676046649165,8.307017990669918],[124.840857580331189,8.307017151091229],[124.840858001813601,8.30710755828059],[124.841039535518121,8.307106718609949],[124.841040800118407,8.307377940147653],[124.841131567025812,8.30737752026743],[124.841132410157911,8.307558334614482],[124.84104164320901,8.307558754503967],[124.841042907880521,8.307829976035208],[124.841133674891694,8.307829556131827],[124.841134096479124,8.307919963303414],[124.841224863506298,8.30791954337473],[124.841225285119222,8.308009950541253],[124.841316052162426,8.308009530587265],[124.84131773874465,8.308371159230521],[124.841408505866113,8.308370739237327],[124.841408927544293,8.308461146392432],[124.841318160402082,8.30846156639026],[124.841318582064247,8.308551973549564],[124.841227814896541,8.308552393531347],[124.841229079849299,8.308823615020579],[124.841319847079291,8.308823195024898],[124.841320268760455,8.308913602182482],[124.841501803247738,8.308912762119832],[124.841502646707355,8.309093576415172],[124.841684181258657,8.309092736251284],[124.841682494192327,8.308731107695941],[124.841864028558575,8.308730267486409],[124.841863606762331,8.308639860355761],[124.841954373917602,8.308639440224619],[124.841953108495133,8.308368218843992],[124.842043875583386,8.308367798706072],[124.842043453764632,8.308277391582969],[124.842134220827347,8.308276971429011],[124.842130846282473,8.30755371446574],[124.842312380061529,8.307552874169954],[124.842311536389815,8.307372059943365],[124.842402303230728,8.307371639773731],[124.842402725084952,8.307462046882605],[124.842493491941866,8.307461626687664],[124.842492226331117,8.30719040537365],[124.842764526686537,8.307189144706509],[124.842765792484045,8.307460365978804],[124.84285655932193,8.30745994570117],[124.842856981284697,8.307550352786437],[124.842947748138585,8.307549932483498],[124.842948170126874,8.307640339563697],[124.842857403252211,8.307640759871273],[124.842858669183286,8.307911981123194],[124.842767902241633,8.307912401424005],[124.842768324207398,8.308002808511755],[124.842677557240222,8.308003228796528],[124.842678823103782,8.308274450071094],[124.842588056069587,8.3082748703491],[124.842588478012871,8.308365277444395],[124.842679245067828,8.308364857161752],[124.842680089010145,8.308545671341781],[124.842770856101851,8.308545251029191],[124.842771700104706,8.308726065198224],[124.842953234356898,8.308725224492479],[124.842952812311566,8.308634817417451],[124.84304357940978,8.308634397038201],[124.843044001475846,8.308724804108595],[124.843134768590062,8.308724383704032],[124.84313519068165,8.308814790769356],[124.843225957811882,8.308814370339482],[124.843227646308762,8.309175998577919]],[[124.835601502324096,8.30884961437229],[124.835692269848096,8.308849195658532],[124.835691849458655,8.308758788213762],[124.835601081955417,8.308759206922902],[124.835601502324096,8.30884961437229]],[[124.846130503467492,8.308800905666667],[124.846402804372858,8.308799642268113],[124.84640238153402,8.308709235369859],[124.846583915405589,8.308708393010068],[124.846582646793067,8.308437172340597],[124.846673413659431,8.308436751143622],[124.84667299077735,8.308346344257577],[124.84676375761822,8.30834592304458],[124.846763334720137,8.308255516162751],[124.846854101535484,8.308255094933722],[124.846852409907839,8.307893467420689],[124.846761643175526,8.307893888631133],[124.846761220301261,8.30780348174715],[124.846670453584935,8.30780390293228],[124.846671299296702,8.307984716709102],[124.846580532534091,8.307985137882847],[124.846581378223405,8.308165951667238],[124.846490611414524,8.308166372829602],[124.846491034245574,8.308256779725793],[124.84640026741117,8.308257200872127],[124.846400690226233,8.308347607772536],[124.846128389632227,8.308348871101421],[124.846127544131434,8.308168057272304],[124.845946010461319,8.30816889936961],[124.845947278595091,8.308440120140505],[124.846038045494808,8.308439699088256],[124.846038468236358,8.308530106006378],[124.846129235152048,8.308529684928812],[124.846129657919121,8.308620091841858],[124.846038890982655,8.308620512924071],[124.846039313733712,8.308710919841335],[124.846130080690912,8.308710498754481],[124.846130503467492,8.308800905666667]],[[124.839593162534783,8.308379135172983],[124.839683929746457,8.30837871557261],[124.839683508467374,8.3082883083291],[124.839592741276476,8.308288727924843],[124.839593162534783,8.308379135172983]],[[124.846218733728122,8.308258043102768],[124.846309500572033,8.308257621997784],[124.846309077782507,8.3081672150923],[124.846218310959344,8.308167636192639],[124.846218733728122,8.308258043102768]],[[124.845491753604747,8.308080597303377],[124.84567328728096,8.308079755422096],[124.845672864646261,8.30798934848324],[124.845763631456478,8.307988927516233],[124.845763208805764,8.30789852058159],[124.845672442016323,8.307898941543955],[124.845672019391117,8.30780853460424],[124.845762786159824,8.307808113646519],[124.845760673001507,8.307356078964691],[124.845397606313242,8.307357762578679],[124.845400141619393,8.307900204307009],[124.84549090842313,8.307899783406665],[124.845491753604747,8.308080597303377]],[[124.845764054111939,8.308079334450445],[124.845854820938143,8.30807891345812],[124.84585439826192,8.307988506528552],[124.845763631456478,8.307988927516233],[124.845764054111939,8.308079334450445]],[[124.84585439826192,8.307988506528552],[124.845945165062616,8.307988085520195],[124.845944742370378,8.307897678594841],[124.845853975590458,8.307898099598553],[124.84585439826192,8.307988506528552]],[[124.846579686863862,8.307804324096731],[124.846670453584935,8.30780390293228],[124.846670030736206,8.30771349604322],[124.846579264035896,8.307713917203028],[124.846579686863862,8.307804324096731]],[[124.846670030736206,8.30771349604322],[124.846760797431784,8.307713074862738],[124.846759106001457,8.307351447320778],[124.846849872609255,8.307351026138207],[124.84684860402426,8.307079805491146],[124.846939370565025,8.307079384301844],[124.846938524824012,8.306898570544273],[124.847029291318506,8.306898149343592],[124.847028445555026,8.306717335593593],[124.847119212003264,8.306716914381532],[124.84711836621733,8.306536100639098],[124.847209132619284,8.306535679415665],[124.847207863913908,8.306264458812723],[124.847298630248844,8.30626403758256],[124.847297784427553,8.30608322385441],[124.847388550716218,8.30608280261287],[124.847387704872517,8.305901988892286],[124.847478471114925,8.305901567639374],[124.847477625248743,8.305720753926362],[124.84738685904783,8.30572117516998],[124.847385590346576,8.305449954583288],[124.847294824203146,8.305450375792297],[124.847293978467633,8.305269562056386],[124.847203212360938,8.305269983235435],[124.847200252581942,8.304637135113646],[124.847109486615693,8.304637556239499],[124.84710821827268,8.30436633559547],[124.847017452363943,8.304366756686719],[124.847016184126034,8.304095536024873],[124.847106949972527,8.304095114947563],[124.847103568048411,8.303371859867527],[124.847194333724204,8.303371438806726],[124.847193065519036,8.303100218158546],[124.847283831127825,8.303099797091026],[124.847280449291063,8.302376542047426],[124.847371214729151,8.302376120996424],[124.847369946556739,8.302104900361906],[124.847460711927852,8.302104479304186],[124.847457752880487,8.301471631174437],[124.847548518101661,8.301471210128593],[124.847544713768585,8.3006575482583],[124.847635478798338,8.300657127233631],[124.847635056097772,8.300566720361649],[124.847544291088738,8.300567141381672],[124.847543868413638,8.300476734504608],[124.847453103420591,8.30047715549933],[124.847452680771013,8.300386748617191],[124.847361915793925,8.300387169586608],[124.847361493169828,8.300296762699393],[124.847089198272172,8.300298025469779],[124.847089620834055,8.300388432370935],[124.84699885583791,8.300388853257738],[124.846999278383805,8.300479260163112],[124.846908513362166,8.300479681033904],[124.846909358426799,8.300660494852654],[124.846818593358918,8.300660915712083],[124.846819438401127,8.3008417295384],[124.846637908168134,8.300842571213874],[124.846638330654898,8.30093297813568],[124.846366035207467,8.300934240507916],[124.846366457636805,8.301024647443224],[124.846275692457411,8.301025068197301],[124.846276114870747,8.301115475136825],[124.846185349665859,8.301115895874894],[124.846188728978134,8.301839151412723],[124.846279494348948,8.301838730637504],[124.846279916805159,8.301929137573152],[124.846370682191946,8.301928716772627],[124.846371104673651,8.302019123703198],[124.846461870076396,8.302018702877371],[124.846462292583624,8.302109109802865],[124.846553058002357,8.302108688951735],[124.84655559327004,8.302651130467792],[124.846464827726848,8.302651551346793],[124.846466095362771,8.302922772112941],[124.84637532975259,8.302923192985217],[124.846378710158575,8.303646448379821],[124.846469475934697,8.303646027470386],[124.846473279442463,8.304459689714548],[124.846382513479597,8.304460110665786],[124.846383358714448,8.304640924502374],[124.846292592705367,8.30464134544224],[124.846293437917737,8.304822159286392],[124.846384203968327,8.304821738337241],[124.846384626602401,8.304912145254022],[124.846475392668964,8.304911724279556],[124.846477506014551,8.305363758833794],[124.846568272180107,8.305363337815436],[124.846568694884269,8.305453744720346],[124.846659461065798,8.305453323676677],[124.846662843036455,8.306176578863274],[124.846753609379221,8.306176157761772],[124.84675445496103,8.306356971544822],[124.846663688576768,8.306357392655617],[124.846664111354059,8.306447799551142],[124.846754877759054,8.306447378435701],[124.846755300561867,8.306537785326144],[124.84666453413611,8.306538206446231],[124.846665379714509,8.306719020235127],[124.846574613242453,8.306719441343834],[124.846575036018038,8.306809848242279],[124.846484269520488,8.306810269334962],[124.846483846765651,8.306719862431871],[124.84630231379775,8.306720704545933],[124.846302736511106,8.306811111458314],[124.84621196999926,8.306811532488982],[124.8462123926966,8.306901939405579],[124.846121626159231,8.306902360420219],[124.84612204884057,8.306992767341029],[124.846031282277721,8.306993188339646],[124.846031704943073,8.307083595264666],[124.845940938354687,8.307084016247256],[124.845942628980723,8.307445643961605],[124.846214928980643,8.307444380896092],[124.846215351711322,8.307534787809669],[124.846306118389165,8.307534366741841],[124.846305695637753,8.307443959832909],[124.84648722893769,8.307443117644528],[124.846487651730641,8.307533524544169],[124.846578418394202,8.307533103414327],[124.846578841212676,8.307623510308893],[124.846669607892238,8.307623089153729],[124.846670030736206,8.30771349604322]],[[124.835493084258857,8.305052919626187],[124.835674617568287,8.30505208260724],[124.835673777191857,8.304871267681087],[124.835583010581004,8.304871686191657],[124.835583430746098,8.304962093659567],[124.835492664109779,8.304962512154088],[124.835493084258857,8.305052919626187]],[[124.843745656653553,8.303477831649911],[124.844381017662144,8.303474889109422],[124.844380595560608,8.303384482083612],[124.844562127193043,8.303383641181078],[124.844561705054787,8.303293234164117],[124.84465247084313,8.303292813686499],[124.844650782254689,8.302931185632907],[124.844741547955309,8.302930765153189],[124.844740703648142,8.302749951133091],[124.844831469302505,8.302749530641993],[124.844828936370774,8.302207088599204],[124.844738170840856,8.302207509062457],[124.844736904501431,8.301936288021329],[124.844646139028967,8.301936708450002],[124.844644450725951,8.301575080370567],[124.844735216115453,8.301574659960457],[124.844733105740048,8.301122624874679],[124.844642340454243,8.301123045261589],[124.844640230301465,8.300671010141841],[124.844549465114596,8.300671430484888],[124.844548199142196,8.300400209393949],[124.844457434012782,8.300400629702427],[124.844456168145427,8.300129408593691],[124.844365403073454,8.300129828867592],[124.844364137311103,8.299858607741061],[124.844454902320891,8.299858187481084],[124.844451526998071,8.299134931161847],[124.844360762154167,8.299135351384708],[124.844359074689834,8.298773723196197],[124.844449839450817,8.298773302991897],[124.844448995705747,8.298592488904339],[124.844539760420503,8.298592068688667],[124.844539338534346,8.29850166164888],[124.844448573840339,8.298502081859912],[124.844447308272663,8.298230860724054],[124.844538072904498,8.298230440526943],[124.844535963616508,8.297778405315102],[124.844626728139929,8.297777985120542],[124.844626306275885,8.297687578081524],[124.844717070773825,8.297687157870955],[124.844716648893808,8.297596750836146],[124.844807413366254,8.297596330609572],[124.84480699147025,8.297505923578974],[124.844897755917231,8.297505503336392],[124.844896068297899,8.297143875228254],[124.844805303933839,8.297144295452272],[124.844803616473541,8.296782667318682],[124.844712852187641,8.29678308750349],[124.844710743072937,8.296331052303618],[124.844801507255212,8.296330632142013],[124.844799819966198,8.295969003992928],[124.844709055866815,8.29596942413597],[124.844708634077179,8.295879017092982],[124.844799398155814,8.295878596954584],[124.844798554549357,8.295697782876598],[124.84470779051216,8.295698203005715],[124.844707368736806,8.295607795961438],[124.844798132753283,8.29560737583696],[124.844797710961942,8.295516968796891],[124.844888474952953,8.295516548656414],[124.844888053145652,8.295426141620551],[124.844978817111169,8.295425721464072],[124.844977129846654,8.295064093334902],[124.845067893724519,8.295063673176342],[124.84506662826395,8.294792452088869],[124.845157392074896,8.294792031923594],[124.845156548416838,8.294611217872408],[124.845065784647346,8.294611638028401],[124.84506494104977,8.294430823966211],[124.844974177316942,8.294431244092282],[124.844972912018449,8.294160022981849],[124.844882148343018,8.294160443073354],[124.844881726607085,8.294070036031037],[124.844790962947613,8.294070456097264],[124.84479054123716,8.29398004904988],[124.844609013945416,8.293980889111138],[124.844608592281162,8.293890482054044],[124.845062410371256,8.293888381769323],[124.845061988608151,8.293797974734998],[124.845152752191169,8.293797554620779],[124.845152330412105,8.293707147590668],[124.845243093969657,8.293706727460455],[124.84524056327092,8.293164285298609],[124.845149799837671,8.293164705400974],[124.845149378091918,8.29307429836785],[124.844604797516865,8.293076818520818],[124.844605219138288,8.293167225581787],[124.844242165243585,8.293168905289601],[124.844241322171172,8.292988091130118],[124.844150558727037,8.292988510996203],[124.844150137218691,8.292898103911176],[124.8440593737905,8.292898523751983],[124.84405895230762,8.292808116661888],[124.843968188895417,8.292808536477423],[124.843967767438002,8.292718129382258],[124.843877004041758,8.292718549172521],[124.843876582609809,8.292628142072287],[124.843422765660819,8.292630240690874],[124.843422344337199,8.29253983356702],[124.843059290775301,8.292541512071912],[124.843058869539306,8.292451104929082],[124.842968106157656,8.29245152449908],[124.842967684947126,8.292361117351183],[124.842876921581464,8.292361536895912],[124.842875658040569,8.292090315435731],[124.842784894732276,8.292090734945917],[124.842784473582185,8.292000327787024],[124.842512183690957,8.292001586179881],[124.842511762607757,8.291911179006652],[124.841604129535312,8.291915372261981],[124.841603708664024,8.291824965041984],[124.841422182033952,8.291825803436184],[124.841420498761977,8.291464174514843],[124.841602025226322,8.291463336157703],[124.841601604378781,8.291372928935553],[124.841692367583107,8.291372509730673],[124.841691946719592,8.291282102512728],[124.841782709898482,8.291281683291844],[124.84178102640908,8.290920054434302],[124.841690263313041,8.290920473636653],[124.841689842473272,8.290830066416559],[124.84159907939322,8.29083048559365],[124.841598658578917,8.290740078368493],[124.841417132445926,8.290740916651513],[124.841417553218832,8.290831323885936],[124.841326790124512,8.290831743001132],[124.841327210881431,8.290922150239755],[124.841236447761659,8.290922569338953],[124.841236868502619,8.291012976581777],[124.841146105357396,8.291013395664978],[124.841145263921661,8.290832581169637],[124.841054500813087,8.290833000222939],[124.841053659437748,8.290652185716613],[124.840327554729797,8.290655537326264],[124.840327134214917,8.290565130035411],[124.840236371125783,8.290565548889154],[124.84023553015173,8.290384734296898],[124.840144767099261,8.29038515312075],[124.840144346640059,8.290294745819352],[124.840053583603563,8.290295164617948],[124.840053163169813,8.290204757311489],[124.840143926185618,8.290204338517524],[124.840143505735909,8.290113931215263],[124.840234268726235,8.290113512405297],[124.840234689196663,8.290203919702927],[124.840325452202947,8.290203500867705],[124.840325031711814,8.290113093574702],[124.84041579469266,8.290112674723479],[124.840415374185568,8.290022267434676],[124.840506137140977,8.290021848567452],[124.840505716617912,8.28993144128285],[124.840596479547841,8.28993102239963],[124.840594376900214,8.28947898599332],[124.84050361407381,8.28947940485339],[124.840503193579238,8.289388997566206],[124.840593956384936,8.289388578710767],[124.840592274371232,8.289026949576257],[124.840683037089335,8.28902653071871],[124.840682196069565,8.288845716158136],[124.840591433392888,8.288846135006422],[124.840590592433486,8.288665320434868],[124.840499829793444,8.288665739253267],[124.840499409341589,8.288575331962216],[124.840408646717506,8.28857575075536],[124.840408226291103,8.288485343459246],[124.840317463682993,8.288485762227138],[124.840317043282027,8.288395354925969],[124.840226280689876,8.288395773668604],[124.84022543994358,8.288214959055713],[124.840316202494336,8.288214540322336],[124.840315361725629,8.288033725716986],[124.840406124230228,8.288033306972242],[124.840404863050622,8.287762085074878],[124.840495625488359,8.287761666323401],[124.840492262385993,8.287038407948558],[124.840583024653384,8.287037989213497],[124.840582183883825,8.286857174624746],[124.840672946105059,8.286856755878325],[124.84067168492426,8.286585534005868],[124.840762447078617,8.286585115252718],[124.840759504344618,8.285952264234348],[124.840487218301988,8.285953520334706],[124.84048763861621,8.286043927638225],[124.840215352468746,8.286045183566904],[124.84021619298727,8.286225998200425],[124.840125430887198,8.286226416811338],[124.840124590410113,8.28604560216856],[124.840033828346719,8.286046020749593],[124.840035089007401,8.286317242727009],[124.839944326877159,8.286317661301313],[124.839944747086193,8.286408068630889],[124.839853984930514,8.286408487189201],[124.839853564742185,8.286318079854997],[124.839672040457998,8.286318916900509],[124.839672460604916,8.286409324243968],[124.839581698435012,8.286409742740425],[124.839582118565986,8.286500150088079],[124.83949135637063,8.286500568568542],[124.83949177648563,8.286590975920396],[124.839401014264837,8.286591394384866],[124.839401434363864,8.286681801740919],[124.839310672117634,8.286682220189395],[124.839311092200731,8.286772627549645],[124.839220329929049,8.286773045982127],[124.839221170068043,8.286953860710589],[124.839130407750233,8.286954279131708],[124.839130827806144,8.28704468649992],[124.839040065462882,8.287045104905042],[124.839040485502835,8.287135512277448],[124.838949723134107,8.287135930666574],[124.838950143158101,8.28722633804318],[124.838677855961393,8.287227593100708],[124.8386774359995,8.287137185710227],[124.838495911219397,8.287138022302889],[124.838495491303661,8.287047614902727],[124.838404728927202,8.287048033163501],[124.838404309036889,8.28695762575828],[124.838313546676375,8.28695804399381],[124.838313126811528,8.286867636583539],[124.838222364466972,8.286868054793819],[124.838221944627577,8.286777647378493],[124.838040419965665,8.286778483727948],[124.838040000172398,8.286688076302948],[124.837404663851359,8.28669100284413],[124.837404244207733,8.286600595386338],[124.837131957204036,8.286601849295103],[124.837132376785561,8.286692256766761],[124.836860089677131,8.28669351050381],[124.836860509201273,8.286783917988901],[124.836769746801636,8.286784335864631],[124.836770166309833,8.286874743353913],[124.836588641454924,8.286875579052751],[124.836589060926443,8.286965986550845],[124.836498298471184,8.286966404373951],[124.836498717926759,8.287056811876237],[124.836317192960621,8.287057647469826],[124.836317612379503,8.28714805498092],[124.836226849868652,8.287148472751403],[124.83622768867923,8.287329287781537],[124.836136926122236,8.287329705540637],[124.836137345513919,8.287420113059682],[124.836228108091646,8.287419695295963],[124.83622894693066,8.28760051032352],[124.836319709545052,8.28760009252994],[124.836320128992355,8.287690500038453],[124.836410891622705,8.287690082219635],[124.836411730572948,8.287870897226139],[124.836502493239962,8.287870479377453],[124.836502912742887,8.287960886875439],[124.836684438104143,8.287960051106964],[124.836685277207039,8.288140866083163],[124.836776039921958,8.288140448158751],[124.836776459501223,8.288230855641586],[124.836867222232101,8.288230437691929],[124.836866802632159,8.288140030213713],[124.836957565337613,8.288139612248049],[124.836957984958275,8.288230019721643],[124.837321035815549,8.288228347634266],[124.837321455523764,8.288318755088945],[124.838047557176552,8.28831540988724],[124.83804797705514,8.288405817304511],[124.83850179053762,8.28840372586003],[124.838502210524481,8.288494133253746],[124.838865261307944,8.288492459708417],[124.838865681382373,8.288582867083202],[124.838956444087103,8.288582448640684],[124.838956864186954,8.288672856010413],[124.839138389623571,8.288672019054241],[124.839138809769594,8.288762426414287],[124.839592623381677,8.288760333639791],[124.839591782887339,8.288579518965543],[124.839682545554112,8.288579100358019],[124.839682125293336,8.288488693024881],[124.839863650571246,8.28848785575722],[124.839867433461663,8.289301521656714],[124.839776670638727,8.28930194034251],[124.839777511291828,8.28948275499137],[124.839686748422736,8.289483173665793],[124.839687589053383,8.289663988322188],[124.83959682613812,8.289664406985244],[124.839597246439865,8.289754814317424],[124.83950648349915,8.289755232964479],[124.839506903784923,8.289845640300857],[124.839416140818756,8.289846058931909],[124.839418662508706,8.290388502968911],[124.839327899413547,8.290388921607097],[124.839328319691091,8.290479328949722],[124.839237556570481,8.290479747571904],[124.839237976832067,8.290570154918726],[124.839147213686005,8.290570573524905],[124.839147633931603,8.290660980875924],[124.839056870760075,8.290661399466099],[124.839057290989743,8.29075180682131],[124.838966527792749,8.290752225395485],[124.838967368224857,8.290933040113872],[124.838876604981706,8.290933458676667],[124.838882488247563,8.29219916172198],[124.8389732517807,8.292198743094424],[124.838973672070239,8.292289150446951],[124.83924596270333,8.292287894426593],[124.839246383059788,8.29237830176481],[124.839337146615378,8.292377883045459],[124.839337566997273,8.292468290378624],[124.839609857697738,8.292467034082886],[124.839609437253671,8.292376626763605],[124.839790964322177,8.292375789139196],[124.839791384807654,8.292466196449222],[124.839972911898599,8.292465358733017],[124.839973332430262,8.292555766033352],[124.840064095989334,8.29255534713967],[124.840064516546448,8.292645754434947],[124.839882989382133,8.292646592210938],[124.839883409902555,8.292736999515041],[124.839701882677829,8.292737837217745],[124.839702723650049,8.292918651843179],[124.839793487306238,8.292918232992886],[124.839795589923398,8.293370269525798],[124.839977117428674,8.293369431717027],[124.839977538007773,8.293459839013064],[124.840340593044289,8.293458163129356],[124.840339751725082,8.29327734857389],[124.84043051543091,8.293276929560628],[124.840429674089236,8.293096115012698],[124.840520437748893,8.293095695988059],[124.840517913713512,8.29255325236173],[124.84060867724412,8.292552833344235],[124.840608256567435,8.292462426076307],[124.840699020072563,8.292462007042808],[124.840698599379934,8.292371599779077],[124.840789362859624,8.292371180729575],[124.840791045741511,8.292732809763397],[124.840700282178958,8.292733228831418],[124.840704068754434,8.293546894174023],[124.84079483250342,8.293546475064321],[124.8407952532785,8.293636882317827],[124.840886017043459,8.293636463182862],[124.840886437843977,8.293726870431309],[124.840977201624924,8.29372645127107],[124.840977622450907,8.293816858514457],[124.842792897486717,8.293808470883098],[124.84279331873185,8.293898878033383],[124.843610192064375,8.293895100864273],[124.843610613500729,8.293985507972394],[124.84388290458817,8.293984248530624],[124.843883326091415,8.294074655624403],[124.843974089798436,8.294074235764564],[124.843974511327175,8.294164642853277],[124.844156038768404,8.294163803062403],[124.844155617198226,8.29407339598297],[124.844246380890979,8.294072976061212],[124.844246802481877,8.294163383136009],[124.844337566190589,8.294162963188974],[124.84433840942809,8.294343777327992],[124.844247645677939,8.294344197284305],[124.844248067283104,8.294434604357809],[124.844157303507458,8.294435024298123],[124.844157725096665,8.294525431375833],[124.844066961295539,8.294525851300147],[124.844067382868786,8.294616258382069],[124.843976619042195,8.29461667829038],[124.843977040599469,8.294707085376508],[124.843886276747412,8.29470750526882],[124.843886698288713,8.29479791235916],[124.843523642750014,8.294799591740546],[124.843524064213199,8.294889998849007],[124.843433300295914,8.294890418647389],[124.843434143195068,8.295071232872294],[124.843524907153792,8.295070813064635],[124.84352532863123,8.295161220171803],[124.843706856575864,8.295160380485287],[124.843708964241557,8.295612415968298],[124.843618200168009,8.295612835845066],[124.843621572514607,8.296336092632613],[124.843440044021634,8.296336932398424],[124.843440887072916,8.296517746609556],[124.843259358478036,8.296518586311338],[124.843260201465455,8.296699400539298],[124.842806379687801,8.296701499478829],[124.842806801085004,8.296791906615345],[124.842534507899202,8.296793165745225],[124.842534929238965,8.29688357289522],[124.842444164813458,8.296883992568526],[124.842445007465798,8.297064806876488],[124.842535771932745,8.297064387193915],[124.842536614645553,8.297245201490886],[124.842718143648099,8.297244362045255],[124.842718565053104,8.297334769183825],[124.84280932956797,8.297334349425403],[124.842809750998427,8.297424756558906],[124.842991280055386,8.297423916970851],[124.842992123013488,8.297604731218023],[124.843082887576301,8.297604311383752],[124.843083730594856,8.29778512561993],[124.843174495194376,8.297784705755735],[124.843174916731499,8.297875112868544],[124.843265681347006,8.297874692979066],[124.843266102909624,8.297965100086806],[124.843356867541104,8.297964680172045],[124.843357289129202,8.298055087274717],[124.843629583057265,8.298053827392623],[124.84363000471231,8.298144234480953],[124.843902298659756,8.298142974399109],[124.843902720381777,8.298233381473095],[124.843993485042134,8.298232961399878],[124.843993906789606,8.298323368468793],[124.844084671465964,8.298322948370286],[124.844085093238945,8.29841335543413],[124.843994328541839,8.29841377553727],[124.843995172060588,8.29859458967295],[124.843904407317311,8.298595009764721],[124.843904829063092,8.29868541683655],[124.843814064294293,8.298685836912313],[124.843814486024115,8.29877624398835],[124.843723721229836,8.298776664048097],[124.843724564662224,8.298957478208159],[124.84363379982176,8.298957898256532],[124.843634221524354,8.299048305340555],[124.843361926912152,8.299049565375682],[124.843364035185473,8.299501600858902],[124.843454800164622,8.299501180844658],[124.84345606524785,8.299772402115511],[124.843365300206514,8.299772822143666],[124.84336614357764,8.299953636331361],[124.843456908660443,8.299953216293929],[124.843457752092078,8.300134030470621],[124.843366986967794,8.300134450517325],[124.843369095526342,8.300586485974714],[124.843459860754308,8.300586065904822],[124.843460704252479,8.300766880075486],[124.843551469517166,8.300766459975662],[124.843551891294112,8.300856867055712],[124.843642656574801,8.300856446930592],[124.843643078377241,8.300946854005577],[124.843733843673888,8.300946433855163],[124.843735109171959,8.301217655063612],[124.84382587452609,8.30121723487863],[124.843827140129164,8.301488456069283],[124.843917905540749,8.301488035849728],[124.843920436999738,8.302030478191577],[124.844011202531007,8.302030057923535],[124.844012046430208,8.30221087202476],[124.843921280857458,8.302211292302079],[124.843922124734192,8.302392106410863],[124.843831359115242,8.302392526676803],[124.843831781039981,8.302482933735183],[124.843741015395523,8.3024833539851],[124.843741437304288,8.302573761047691],[124.843650671634322,8.302574181281585],[124.843651093527114,8.302664588348387],[124.843560327831653,8.30266500856626],[124.843561171590011,8.302845822707839],[124.843470405848294,8.302846242914331],[124.843471249584184,8.303027057063462],[124.843380483796267,8.303027477258563],[124.84338132750969,8.303208291415247],[124.843472093339088,8.303207871210871],[124.843472515223681,8.303298278283931],[124.843563281069095,8.303297858054252],[124.843563702979182,8.303388265122241],[124.843745234697224,8.30338742459163],[124.843745656653553,8.303477831649911]],[[124.833300837078525,8.302079506944031],[124.833391603164586,8.302079089093096],[124.833390764137647,8.301898273907769],[124.833299998093054,8.301898691749477],[124.833300837078525,8.302079506944031]],[[124.833390764137647,8.301898273907769],[124.833481530177465,8.301897856045395],[124.833481110650354,8.301807448456698],[124.833390344631255,8.301807866314459],[124.833390764137647,8.301898273907769]],[[124.834206818944651,8.301713697298702],[124.83438835085154,8.301712861199901],[124.834387931126457,8.301622453656478],[124.834206399261078,8.301623289746052],[124.834206818944651,8.301713697298702]],[[124.834024867376755,8.301624125752991],[124.834115633321261,8.301623707759852],[124.834115213663154,8.301533300202154],[124.834024447739381,8.301533718190681],[124.834024867376755,8.301624125752991]],[[124.834648896421001,8.299180195905921],[124.834830427119314,8.299179359859007],[124.834830007423037,8.299088952326612],[124.834648476766191,8.299089788364293],[124.834648896421001,8.299180195905921]],[[124.834920772744368,8.299088534276791],[124.835011538060968,8.299088116206324],[124.835011118327969,8.298997708682728],[124.835101883619089,8.298997290596223],[124.835101463870103,8.298906883076814],[124.835192229135771,8.298906464974277],[124.83519180937077,8.298816057459051],[124.835282574610957,8.298815639340477],[124.835282154829983,8.298725231829442],[124.8351913896105,8.298725649943398],[124.835190969854963,8.298635242427318],[124.835009439443297,8.298636078584046],[124.835009019733974,8.298545671058299],[124.834827489344818,8.298546507123197],[124.834827909012702,8.298636914658175],[124.834646378563178,8.2986377506497],[124.834647217830181,8.298818565736829],[124.834556452556868,8.298818983710847],[124.834556872176734,8.29890939125838],[124.834647637470795,8.298908973279746],[124.834648057116127,8.298999380822236],[124.834920353032118,8.298998126748584],[124.834920772744368,8.299088534276791]],[[124.830001025013772,8.295133136812993],[124.830091789673531,8.295132720060291],[124.83009137126777,8.295042312268828],[124.830000606628744,8.295042729016926],[124.830001025013772,8.295133136812993]],[[124.848059719086848,8.294326541348756],[124.848150482637038,8.294326120525596],[124.84815006014567,8.294235713651368],[124.84833158719033,8.29423487195243],[124.848330742139012,8.294054058221276],[124.848421505612734,8.294053637350146],[124.848418547938223,8.293420789310106],[124.848327784609509,8.293421210148686],[124.848326939643982,8.293240396409789],[124.848236176351932,8.293240817218434],[124.848235753897043,8.29315041034369],[124.848144990620938,8.293150831127049],[124.848143723347022,8.292879610486287],[124.8480529601283,8.292880031235059],[124.848053382527453,8.292970438120395],[124.84796261928328,8.292970858853183],[124.847963464054459,8.293151672631858],[124.847872700764086,8.293152093353306],[124.847873123136125,8.293242500246647],[124.847782359820258,8.293242920952109],[124.84778278217631,8.293333327849666],[124.847692018834962,8.293333748539142],[124.847694130583236,8.293785783043717],[124.84778489402818,8.293785362331004],[124.847786161196481,8.294056583014639],[124.847876924698809,8.29405616226734],[124.847877769542933,8.294236976044985],[124.848059296616199,8.294236134469879],[124.848059719086848,8.294326541348756]],[[124.839253950286803,8.294005633779197],[124.839526242058099,8.294004377309378],[124.839525821554147,8.293913969992785],[124.839616585447686,8.293913551132862],[124.839616164927747,8.293823143820465],[124.839706928795835,8.293822724944532],[124.839706087728729,8.2936419103277],[124.839615323902066,8.293642329194377],[124.839614903396352,8.29355192188069],[124.839342611950059,8.293553178343014],[124.839343032393643,8.293643585670583],[124.839252268548009,8.293644004454709],[124.839253950286803,8.294005633779197]],[[124.836345304496689,8.293114949762673],[124.836436068369665,8.293114531666678],[124.83643564861751,8.29302412418858],[124.836344884765239,8.293024542279955],[124.836345304496689,8.293114949762673]],[[124.835794008013352,8.291670937686758],[124.835884771583281,8.291670519788475],[124.835884352031201,8.291580112275778],[124.835975115575692,8.291579694361479],[124.835974696007611,8.291489286852977],[124.835883932483824,8.291489704762656],[124.835882254341726,8.29112807470586],[124.835973017782663,8.291127656814652],[124.835972598238257,8.291037249303995],[124.836063361653729,8.291036831396777],[124.836062942093349,8.290946423890308],[124.836153705483383,8.290946005967077],[124.836153285907031,8.2908555984648],[124.836244049271627,8.290855180525556],[124.836243210091695,8.290674365528949],[124.836333973410106,8.290673947578311],[124.836333134207706,8.290493132589221],[124.836423897479989,8.290492714627195],[124.836422638649722,8.290221492154197],[124.836331875439598,8.290221910102362],[124.83633103628452,8.290041095108975],[124.836512562617244,8.290040259210489],[124.836511303795916,8.289769036744902],[124.836602066893036,8.289768618778574],[124.836602486516114,8.289859026262913],[124.836693249629221,8.289858608271338],[124.83669199071204,8.28958738583089],[124.836601227661063,8.289587803808603],[124.83659787092266,8.288864543911536],[124.836507108032606,8.288864961831662],[124.836506268936787,8.288684146843856],[124.836324743225319,8.288684982603755],[124.836324323725904,8.288594575099967],[124.835870509467867,8.288596664115673],[124.835870928863741,8.288687071642553],[124.835780165977226,8.288687489388435],[124.835781004741747,8.288868304450144],[124.835690241809104,8.288868722184638],[124.83569066117775,8.288959129719467],[124.835599898219655,8.288959547437953],[124.835600736929734,8.289140362515555],[124.835509973925511,8.289140780222651],[124.835510812613123,8.289321595307767],[124.835601575658771,8.289321177591436],[124.835602833787846,8.289592400202036],[124.835693596890891,8.289591982451226],[124.835701146932664,8.291219317950455],[124.835610383456824,8.291219735784384],[124.8356116418841,8.291490958367902],[124.835520878341356,8.291491376195053],[124.835521297805869,8.291581783726647],[124.835793588481977,8.291580530169444],[124.835794008013352,8.291670937686758]],[[124.836046163560496,8.287330123279116],[124.836136926122236,8.287329705540637],[124.836136506735272,8.287239298021163],[124.836045744194237,8.287239715755025],[124.836046163560496,8.287330123279116]],[[124.839762382439588,8.286228091048804],[124.839853144558631,8.286227672520367],[124.839852304205706,8.286046857849813],[124.839761542128088,8.286047276368993],[124.839761121979436,8.285956869028443],[124.839670359917761,8.285957287522377],[124.839671200178401,8.286138102212306],[124.839761962281472,8.286137683709114],[124.839762382439588,8.286228091048804]],[[124.840124170178655,8.285955194846521],[124.840214932216611,8.285954776249493],[124.840214511969236,8.285864368931659],[124.840123749951971,8.285864787524055],[124.840124170178655,8.285955194846521]],[[124.840214511969236,8.285864368931659],[124.840305273981713,8.285863950318642],[124.840304433459778,8.28568313569094],[124.840213671488669,8.285683554294698],[124.840214511969236,8.285864368931659]],[[124.840576299028683,8.285591472455353],[124.840667060960101,8.285591053773757],[124.8406666406282,8.285500646477351],[124.840938926331916,8.285499390322746],[124.84093850594266,8.285408983039803],[124.841029267813695,8.285408564284998],[124.841028427008055,8.285227749727079],[124.841119188832963,8.285227330960922],[124.841117927597992,8.284956109134717],[124.841208689356051,8.284955690361835],[124.841205326106191,8.284232432176768],[124.841114564513674,8.284232850912595],[124.8411141441495,8.284142443632899],[124.841204905721312,8.284142024901701],[124.841204485341194,8.284051617626204],[124.841113723790073,8.284052036352769],[124.841111201733213,8.283509592662973],[124.841020440301492,8.283510011341138],[124.841019179399211,8.283238789476544],[124.840928418024859,8.283239208120204],[124.840927997754278,8.283148800826517],[124.841018759107968,8.283148382187489],[124.841017918539691,8.282967567608088],[124.841108679847224,8.282967148957709],[124.841108259549515,8.282876741671995],[124.841199020831624,8.282876323005638],[124.841198180209062,8.282695508442183],[124.841288941445043,8.282695089764481],[124.841285999270781,8.282062238811276],[124.841376760357207,8.282061820145389],[124.841376340044903,8.281971412869273],[124.841467101105863,8.281970994187404],[124.841466680777614,8.281880586915491],[124.841375919737345,8.281881005592725],[124.84137549943452,8.28179059831575],[124.841466260454112,8.281790179643153],[124.841465840135371,8.281699772370379],[124.841375079136469,8.281700191038349],[124.841374238554593,8.281519376482247],[124.841464999512112,8.281518957823542],[124.841464158907854,8.281338143274992],[124.841645680725932,8.281337305914292],[124.841645260389555,8.281246898648636],[124.841736021270776,8.281246479942009],[124.841735180570893,8.281065665418673],[124.841825941406,8.281065246700704],[124.841825521042495,8.280974839443028],[124.842007042657087,8.28097400195454],[124.842005361085043,8.280612372956597],[124.842096121802484,8.28061195419998],[124.842095701400666,8.280521546954054],[124.842277222779913,8.280520709388275],[124.842276381907794,8.28033989491367],[124.842367142548909,8.280339476109139],[124.842366301654423,8.280158661642091],[124.842547822839691,8.280157823989757],[124.842546140942247,8.279796195087574],[124.842636901445033,8.279795776249044],[124.842635219540867,8.279434147358529],[124.842453698696033,8.279434984977909],[124.84245327827324,8.279344577744936],[124.842271757450746,8.279345415272639],[124.842271337074081,8.279255008029969],[124.841999055866765,8.279256264153107],[124.841998635556891,8.279165856896103],[124.84181711476964,8.279166694199256],[124.841816694505837,8.279076286932558],[124.841635173740954,8.279077124144042],[124.841634753523294,8.278986716867646],[124.84136247240238,8.278987972516468],[124.841361632105375,8.278807157934596],[124.841270871763612,8.278807576433737],[124.841270451642913,8.278717169137526],[124.840998170651162,8.278718424497454],[124.840998590709816,8.278808831807559],[124.840907830349053,8.278809250224297],[124.840908250391792,8.278899657538606],[124.840817490005605,8.278900075939378],[124.84081875010024,8.27917129789361],[124.840637229189539,8.279172134661131],[124.84063764918919,8.279262541987617],[124.840546888706058,8.279262960345102],[124.840547308689793,8.279353367675784],[124.840365787667892,8.279354204338217],[124.840366627566866,8.279535019016809],[124.840275867007435,8.279535437326381],[124.84027880665856,8.280168288720331],[124.840188045949603,8.280168707041705],[124.840189305809218,8.280439929075127],[124.84009854503347,8.280440347389785],[124.840100644790937,8.280892384126712],[124.840191405670126,8.280891965788912],[124.840192245647685,8.281072780471417],[124.840283006563496,8.28107236210375],[124.840284686658322,8.281433991445093],[124.839921642635645,8.281435664866182],[124.839922062588471,8.281526072218957],[124.839740540507293,8.281526908815117],[124.839740120595849,8.281436501453085],[124.839649359568838,8.281436919715626],[124.839649779459592,8.281527327082285],[124.839105213073751,8.281529836252549],[124.839105632845133,8.281620243646543],[124.838742588410312,8.281621916033075],[124.838742168721694,8.281531508620578],[124.838288363174911,8.281533598616949],[124.838287943594466,8.281443191180898],[124.838378704692616,8.281442773227466],[124.838377026335465,8.281081143497463],[124.838467787346119,8.281080725541919],[124.838467367747981,8.280990318112972],[124.838558128733226,8.280989900141448],[124.838557709119158,8.28089949271669],[124.83873923103404,8.280898656721073],[124.838738811383337,8.280808249305139],[124.83901109415801,8.280806995171046],[124.839009415354411,8.28044536555853],[124.838918654517002,8.280445783605328],[124.838918234848634,8.280355376196498],[124.839008995665353,8.280354958154325],[124.839008156301475,8.280174143344629],[124.839098917072121,8.280173725291105],[124.839098497376611,8.280083317890238],[124.839189258121806,8.280082899820735],[124.839188838410365,8.279992492424066],[124.839279599130109,8.279992074338587],[124.839279179402737,8.279901666946117],[124.839369940097072,8.279901248844661],[124.839369520353756,8.279810841456387],[124.839460281022667,8.279810423338954],[124.839459021759083,8.279539201185434],[124.839549782361203,8.279538783061282],[124.839548523078264,8.279267560917782],[124.839457762538203,8.279267979028056],[124.839456083643398,8.278906349478865],[124.839274562714465,8.278907185600589],[124.839274982389682,8.278997592997781],[124.839184221897426,8.278998011032369],[124.839184641556713,8.27908841843376],[124.839093881039005,8.279088836452372],[124.839095559640839,8.279450466072154],[124.839186320241254,8.279450048035036],[124.839187579304465,8.279721270231486],[124.839096818642005,8.279721688282482],[124.839098077685847,8.279992910488943],[124.839007316956582,8.279993328533216],[124.839007736626684,8.280083735939137],[124.838735454348395,8.280084989962214],[124.838735873961198,8.28017539738158],[124.838826634746027,8.280174979389866],[124.838827474027156,8.280355794218066],[124.838736713200944,8.280356212219029],[124.838737132827944,8.280446619637113],[124.83864637197631,8.280447037622096],[124.838645952369987,8.280356630199391],[124.838464430693875,8.2803574660983],[124.838464011133681,8.280267058665913],[124.838282489479937,8.280267894473155],[124.838283328522337,8.280448709355992],[124.838192567646999,8.280449127237958],[124.838193406666988,8.280629942128327],[124.837921123888421,8.28063119567833],[124.837921543343484,8.28072160313674],[124.837740021426043,8.280722438742963],[124.837740440844442,8.280812846210193],[124.837649679857932,8.280813263987019],[124.837650099260401,8.280903671458439],[124.837559338248468,8.280904089219284],[124.837559757634978,8.2809944966949],[124.837287474508685,8.280995749867664],[124.837287055184206,8.280905342378182],[124.837105533117708,8.280906177714417],[124.837105113839328,8.280815770215263],[124.837014352819665,8.280816187847851],[124.837013933566737,8.280725780343648],[124.83692317256299,8.280726197951006],[124.8369223341127,8.280545382932067],[124.837013095075065,8.280544965333949],[124.837012675836334,8.280454557828456],[124.837103436773276,8.280454140214355],[124.837103017518615,8.280363732713052],[124.837193778430134,8.280363315082967],[124.8371933591595,8.280272907585857],[124.837284120045609,8.280272489939787],[124.837283700759031,8.280182082446871],[124.837374461619717,8.28018166478482],[124.837373623019431,8.280000849806941],[124.837464383833989,8.280000432133532],[124.837462287312775,8.279548394704431],[124.837371526601615,8.279548812354731],[124.837370688067637,8.279367997370843],[124.837279927393126,8.279368414991296],[124.837279508153941,8.279278007494085],[124.837188747495333,8.279278425089318],[124.83718790907254,8.279097610084364],[124.837097148450582,8.27909802764975],[124.83709672926696,8.279007620142009],[124.837005968660947,8.279008037682173],[124.837005549502734,8.278917630169383],[124.836914788912679,8.278918047684325],[124.836916046339454,8.279189270235275],[124.83664376435469,8.279190522698082],[124.836644183444378,8.279280930228069],[124.836371901354951,8.279282182519323],[124.836372320387326,8.279372590062739],[124.836281559660705,8.279373007456574],[124.836281978677135,8.279463415004177],[124.836191217925091,8.279463832382028],[124.836191636925562,8.279554239933825],[124.836100876148109,8.279554657295694],[124.83610129513265,8.27964506485168],[124.836010534329773,8.279645482197566],[124.836011791249717,8.279916704876802],[124.835921030380078,8.279917122215938],[124.835921868309015,8.28009793734252],[124.835831107393233,8.280098354670288],[124.835832364260099,8.280369577370797],[124.835741603277555,8.280369994691815],[124.835744954965293,8.281093255244548],[124.835835716113323,8.281092837886584],[124.835836135116296,8.281183245449126],[124.836017657439527,8.281182410662142],[124.836018076488571,8.281272818215019],[124.836199598834256,8.281271983336373],[124.836200017929428,8.281362390879581],[124.836472301474487,8.281361138393201],[124.836472720636451,8.281451545922121],[124.836563481829344,8.281451128380828],[124.836563901016731,8.281541535904697],[124.836654662225598,8.281541118338179],[124.836655081438408,8.281631525857001],[124.836745842663206,8.281631108265252],[124.836746261901453,8.281721515779026],[124.836837023142209,8.281721098162048],[124.836838280947418,8.281992320686923],[124.836929042245487,8.281991903035477],[124.83692988084735,8.282172718040673],[124.837020642182068,8.282172300359376],[124.837021061510811,8.282262707856708],[124.83747486821683,8.282260619117979],[124.837474448784647,8.282170211643756],[124.837565210090972,8.282169793838808],[124.837564790642844,8.282079386368775],[124.837655551923731,8.28207896854784],[124.837655971392522,8.282169376013249],[124.837837493981425,8.282168540300299],[124.837837913496358,8.282258947756034],[124.837928674804417,8.282258529864022],[124.837929513889847,8.282439344764956],[124.838020275234513,8.282438926843088],[124.838020694805053,8.282529334288288],[124.838111456165691,8.282528916341189],[124.838111875761641,8.282619323781335],[124.838293398510061,8.282618487816057],[124.838293818152138,8.282708895246524],[124.838747625043681,8.282706804949536],[124.838748044793945,8.282797212356448],[124.83892956755875,8.282796376084129],[124.838929987355144,8.282886783481359],[124.839020748751111,8.282886365309658],[124.839021588399504,8.283067180093582],[124.839112349832135,8.283066761892016],[124.839112769684121,8.283157169278706],[124.839203531132711,8.283156751051905],[124.83920395101012,8.283247158433539],[124.839476235389483,8.283245903615585],[124.839476655333712,8.283336310982909],[124.839567416804712,8.283335892664407],[124.839567836774378,8.283426300026672],[124.839840121220959,8.283425044933612],[124.839840541257459,8.283515452281566],[124.840203587202595,8.28351377851707],[124.840206108017867,8.284056222484683],[124.840115346414564,8.284056640984499],[124.840115766546347,8.284147048315559],[124.840206528170356,8.284146629811113],[124.840208629003982,8.284598666436823],[124.840117867276504,8.284599084964414],[124.840118287436752,8.284689492292896],[124.840209049184949,8.284689073760674],[124.840209889561109,8.284869888407092],[124.840300651345927,8.284869469844999],[124.840301071561811,8.284959877162933],[124.840391833362588,8.284959458575594],[124.840392253603937,8.285049865888473],[124.840483015420673,8.285049447275886],[124.840485116802014,8.285501483810668],[124.840575878717473,8.285501065154318],[124.840576299028683,8.285591472455353]],[[124.832222415571437,8.284816233410465],[124.832403939928312,8.28481539990327],[124.832403521522451,8.284724992182587],[124.832585045819059,8.284724158602145],[124.832585464266316,8.284814566313614],[124.832676226428234,8.284814149487859],[124.832674971038571,8.284542926366001],[124.832584208938741,8.284543343177923],[124.832582953653699,8.284272120038363],[124.832310667512147,8.284273370308952],[124.832310249155313,8.284182962581083],[124.832219487119374,8.284183379292109],[124.832217813822155,8.283821748357882],[124.832127051864248,8.283822165029855],[124.832128306767999,8.284093388244997],[124.832037544743301,8.284093804910185],[124.832037126458019,8.284003397167625],[124.831946364449308,8.284003813807592],[124.831946782713871,8.284094221554758],[124.831856020679737,8.284094638178718],[124.831856438928355,8.284185045930066],[124.831765676868812,8.284185462538018],[124.831767349827714,8.284547093557544],[124.831858111970064,8.284546676931157],[124.8318585302423,8.284637084680355],[124.831949292400623,8.284636668028746],[124.831949710698268,8.284727075772906],[124.832221997206972,8.284725825680558],[124.832222415571437,8.284816233410465]],[[124.830587023569748,8.284462100010451],[124.831131596597146,8.284459601578533],[124.831130342319625,8.284188378216493],[124.831221104412236,8.284187961752844],[124.831220268209449,8.284007146185214],[124.831311030255975,8.284006729710162],[124.831309775925092,8.28373550636932],[124.83112825195154,8.283736339271179],[124.831127415837344,8.283555523690044],[124.831036653884865,8.283555940100838],[124.831035399811086,8.2832847167121],[124.830944637915948,8.283285133088464],[124.830943801931753,8.283104317484614],[124.830762278210102,8.283105150157084],[124.830761860266463,8.283014742345305],[124.830580336567309,8.283015574926118],[124.830580754469551,8.283105982747108],[124.830489992592206,8.283106399011203],[124.830492082070805,8.283558438132745],[124.830401320085272,8.283558854399251],[124.830404245408687,8.284191709183606],[124.830495007539085,8.28419129288487],[124.830495843429631,8.284372108524467],[124.830586605596693,8.284371692195904],[124.830587023569748,8.284462100010451]],[[124.843191139640624,8.281872628132533],[124.843281900585879,8.281872209043138],[124.843281479848628,8.281781801863488],[124.843372240768474,8.281781382758124],[124.843371820015278,8.281690975582681],[124.843462580909687,8.281690556461344],[124.843460897861675,8.281328927773819],[124.843551658668559,8.281328508650429],[124.843550817131728,8.28114769431336],[124.843460056366212,8.281148113427479],[124.843459635625592,8.281057706253662],[124.843368874875992,8.281058125342538],[124.843368454160853,8.280967718163659],[124.843186932688781,8.280968556270317],[124.843187774041112,8.281149370646194],[124.843097013256582,8.28114978967789],[124.843098695935566,8.28151141844304],[124.843189456802847,8.2815109993928],[124.843191139640624,8.281872628132533]],[[124.843367612744757,8.280786903804604],[124.843458373432284,8.28078648472964],[124.843457952710708,8.280696077554108],[124.843548713372797,8.280695658463179],[124.843547871902473,8.280514844120098],[124.843275590026067,8.280516101303252],[124.843276010696783,8.280606508488917],[124.843366771347689,8.280606089443834],[124.843367612744757,8.280786903804604]],[[124.832475041159498,8.280565819998852],[124.832565802353656,8.280565403410378],[124.8325653841285,8.280474995678725],[124.832837667620609,8.280473745803501],[124.832836412787316,8.280202522647462],[124.832745651690061,8.280202939279311],[124.832745233442424,8.28011253155516],[124.8325637112751,8.280113364747827],[124.832563293073562,8.28002295701403],[124.83238177092872,8.280023790115058],[124.832382607253791,8.280204605600661],[124.832473368369932,8.280204189051231],[124.832473786560229,8.28029459678878],[124.832292264281833,8.280295429876258],[124.832292682435479,8.280385837622596],[124.832383443597735,8.280385421084551],[124.83238386177679,8.280475828825848],[124.832474622955004,8.280475412262591],[124.832475041159498,8.280565819998852]],[[124.843725606376324,8.279700341413324],[124.843907127212191,8.279699503189269],[124.843906706444216,8.279609096031772],[124.843725185649703,8.279609934246549],[124.843725606376324,8.279700341413324]],[[124.832652381297279,8.279660909511563],[124.832743142275163,8.279660492927979],[124.83274272405589,8.279570085201255],[124.832833485008379,8.279569668601679],[124.832831812095804,8.279208037708933],[124.832741051226066,8.279208454290064],[124.832740214839518,8.279027638831895],[124.8326494540064,8.279028055383204],[124.832649035840888,8.278937647648867],[124.832558275023743,8.278938064174964],[124.832557856883625,8.278847656435586],[124.832648617680093,8.278847239914098],[124.8326477813727,8.278666424443271],[124.832738542123082,8.278666007910401],[124.832737705793235,8.278485192447077],[124.832828466497503,8.278484775902829],[124.832828884680751,8.278575183630096],[124.833373448931368,8.278572683904331],[124.83337303062406,8.278482276204732],[124.833463791295259,8.278481859516283],[124.833462954653427,8.278301044125026],[124.833553715278555,8.278300627425201],[124.833552041968915,8.27793899665598],[124.833461281426509,8.277939413337355],[124.833460863131592,8.277849005639364],[124.833370102605144,8.277849422295526],[124.833369684335608,8.277759014592496],[124.833278923825119,8.277759431223453],[124.833278087341625,8.277578615806876],[124.833187326867744,8.277579032408012],[124.833186490444533,8.277398216980494],[124.83327725087706,8.277397800388583],[124.833276832651862,8.277307392678795],[124.833367593058995,8.2773069760709],[124.833367174817838,8.277216568365292],[124.833457935199561,8.277216151741412],[124.83345709869009,8.277035336338132],[124.833366338349748,8.27703575295279],[124.833365920122759,8.276945345245897],[124.833456680442467,8.276944928635851],[124.833456262199562,8.276854520933137],[124.833365501900531,8.27685493753857],[124.833365083683034,8.276764529830816],[124.833455843961374,8.276764113229996],[124.833455425727905,8.276673705526425],[124.83354618598085,8.276673288909624],[124.833545349486741,8.276492473510418],[124.833636109693614,8.276492056882246],[124.833634436679489,8.276130426097138],[124.833543676555308,8.276130842706863],[124.833543258334274,8.2760404350049],[124.833634018437763,8.276040018399787],[124.833633600200784,8.275949610702009],[124.833542840117957,8.275950027302509],[124.8335415854974,8.27567880419276],[124.833450825471871,8.275679220758832],[124.833449152793307,8.275317589921377],[124.833539912736143,8.275317173373754],[124.833538658214863,8.275045950254992],[124.83362941809095,8.275045533700617],[124.833628581725705,8.274864718295191],[124.833719341555735,8.274864301729451],[124.833718505168079,8.274683486331531],[124.833809264952023,8.274683069754424],[124.833808846744617,8.274592662059435],[124.833899606503167,8.27459224546635],[124.833896260848775,8.273868983927889],[124.833805501255554,8.273869400484067],[124.833804664930582,8.273688585085935],[124.833713905373969,8.273689001612302],[124.833713069109223,8.273508186203228],[124.833622309589231,8.273508602699781],[124.833621473384738,8.273327787279763],[124.833530713901354,8.273328203746503],[124.833529877757101,8.273147388315548],[124.833439118310324,8.273147804752481],[124.833438282226325,8.27296698931058],[124.833529041631763,8.272966572882877],[124.8335286235762,8.272876165165901],[124.833619382956243,8.272875748722219],[124.833618964884721,8.272785341009424],[124.833709724239384,8.272784924549773],[124.833708888069211,8.272604109132116],[124.833799647377816,8.272603692661107],[124.833799229279137,8.272513284956247],[124.833980747840855,8.272512451961695],[124.833980329705597,8.272422044265637],[124.83407108895868,8.272421627742098],[124.834070670807492,8.272331220050221],[124.834161430035181,8.272330803510712],[124.834161011868062,8.272240395823021],[124.834251771070356,8.272239979267541],[124.834251352887279,8.272149571584034],[124.834342112064206,8.272149155012585],[124.834340857481394,8.271877931973336],[124.834431616591573,8.271877515395145],[124.834430780185357,8.271696700042726],[124.834340021116503,8.271697116611689],[124.834334585205738,8.270521816719183],[124.834243826400723,8.270522233207579],[124.834243408307501,8.270431825515926],[124.83415264951843,8.270432241979126],[124.834152231450588,8.270341834282428],[124.833970713899561,8.270342667137868],[124.833969877860739,8.27016185172473],[124.833879119119445,8.270162268112355],[124.833878701127773,8.270071860400533],[124.833787942402409,8.270072276762964],[124.833787524436119,8.269981869046095],[124.833696765726685,8.269982285383334],[124.83369592984964,8.26980146993909],[124.833605171176799,8.269801886246528],[124.833604335359951,8.269621070791342],[124.833513576723689,8.269621487068978],[124.833512323095874,8.269350263869146],[124.833603081670148,8.269349847605346],[124.833602245900579,8.269169032145873],[124.833783762952365,8.269168199574997],[124.833783345033353,8.269077791853841],[124.834055620513595,8.269076542857043],[124.834054366599048,8.268805319732525],[124.833963608172326,8.268805736071526],[124.833963190230932,8.268715328357883],[124.833872431820154,8.268715744671693],[124.83387117808627,8.268444521514352],[124.833961936435102,8.268444105214376],[124.833960264773523,8.268082474350367],[124.834777088956656,8.268078726890867],[124.834777925149751,8.268259542240672],[124.834868683409965,8.268259125744185],[124.834869101534252,8.268349533413826],[124.834959859810425,8.26834911689215],[124.834959441665475,8.268258709227123],[124.835050199916253,8.268258292689486],[124.835049781755359,8.268167885028646],[124.834959023525258,8.268168301561667],[124.834957769132984,8.267897078562724],[124.83504852730114,8.267896662043549],[124.835048109159217,8.267806254380993],[124.835320383573332,8.267805004713889],[124.835319965374154,8.267714597064755],[124.835501481585283,8.267713763859721],[124.835501063349511,8.26762335621939],[124.835591821427343,8.267622939590632],[124.835591403175684,8.26753253195449],[124.835682161228107,8.267532115309777],[124.835681324697674,8.267351300045439],[124.835772082704054,8.267350883389391],[124.835771246151253,8.267170068132577],[124.835862004111618,8.26716965146519],[124.83586116753645,8.266988836215893],[124.835951925450772,8.266988419537173],[124.835951088853236,8.2668076042954],[124.836041846721528,8.266807187605345],[124.836041428409231,8.266716779988435],[124.836132186252129,8.266716363282429],[124.836131349600407,8.266535548056556],[124.836222107397276,8.266535131339216],[124.836221689057851,8.266444723730256],[124.836312446829353,8.266444306996968],[124.836312028474026,8.2663538993922],[124.836402786220134,8.266353482642959],[124.836402367848905,8.266263075042382],[124.836493125569618,8.26626265827719],[124.836492707182458,8.266172250680805],[124.836583464877805,8.266171833899667],[124.836582209682788,8.265900611121788],[124.836672967311472,8.265900194333939],[124.836671712097143,8.265628971566063],[124.836762469659149,8.265628554771508],[124.836759959234456,8.265086109251904],[124.836669201796326,8.265086526018736],[124.836665436664759,8.264272857668811],[124.836846951164645,8.264272024197744],[124.836845696082165,8.264000801434442],[124.83675493889649,8.264001218166397],[124.83675452056579,8.263910810573151],[124.836845277730802,8.263910393845816],[124.836844859384186,8.263819986256765],[124.836118802096621,8.263823319462718],[124.836119220278079,8.263913727088728],[124.835937705867579,8.263914560193827],[124.835938124012515,8.264004967828644],[124.835665852299329,8.264006217345926],[124.835666270387051,8.264096624994167],[124.835575513119224,8.264097041463417],[124.835576349267612,8.264277856767853],[124.835485591953741,8.264278273225772],[124.835487264224767,8.264639903847968],[124.835578021621203,8.264639487371578],[124.835578857826377,8.26482030267087],[124.835669615259363,8.26481988616468],[124.835672542271126,8.26545273966638],[124.835581784693602,8.265453156204892],[124.835582620983971,8.265633971496465],[124.835491863360446,8.265634388023646],[124.83549228149208,8.265724795673407],[124.835310766189522,8.265725628675298],[124.835311602384408,8.265906443992005],[124.835220844684741,8.265906860471333],[124.835221262768627,8.265997268133662],[124.83513050504358,8.265997684597037],[124.835130923111549,8.266088092263548],[124.834949407605961,8.266088925137826],[124.834949825637395,8.266179332813143],[124.834859067856854,8.266179749224046],[124.834858649846097,8.266089341544109],[124.834767892081487,8.266089757929828],[124.834768728066436,8.266270573298499],[124.834859485872343,8.266270156903547],[124.834859903892564,8.266360564582627],[124.834950661714402,8.266360148162494],[124.834951079760003,8.266450555836524],[124.835132595430764,8.266449722925316],[124.835133431618758,8.266630538253629],[124.835224189488329,8.266630121757942],[124.835225443867742,8.266901344733347],[124.835134685936225,8.266901761242885],[124.835135104051517,8.26699216890511],[124.835044346094591,8.266992585398697],[124.835045182298046,8.267173400731098],[124.834863666287447,8.267174233675018],[124.83486324822465,8.2670838259998],[124.83468173223639,8.267084658852202],[124.834681314219623,8.266994251167322],[124.834409040263765,8.266995500277799],[124.83440862231366,8.26690509257865],[124.834227106360714,8.266905925206888],[124.834226688456667,8.266815517498081],[124.834317446414857,8.26681510119886],[124.83431702849488,8.266724693494242],[124.834407786427676,8.266724277179067],[124.834406950560606,8.266543461777765],[124.834497708447401,8.26654304545125],[124.834497290500309,8.26645263775457],[124.834406532634176,8.266453054076473],[124.834404443072927,8.266001015563578],[124.834313685305318,8.266001431841838],[124.834313267427888,8.265911024133358],[124.834222509676195,8.265911440386438],[124.834222091824159,8.265821032672914],[124.834040576347874,8.265821865108139],[124.834040994158613,8.26591227283089],[124.833768720846777,8.265913521343307],[124.833769138600317,8.266003929079469],[124.833678380799583,8.266004345213751],[124.833678798537193,8.266094752954094],[124.833588040711106,8.26609516907242],[124.8335884584328,8.266185576816946],[124.833679216279535,8.266185160694009],[124.833682558388432,8.266908422597901],[124.83359180037651,8.26690883875774],[124.833591382617016,8.266818431016643],[124.833500624620982,8.266818847151297],[124.833500206886853,8.26672843940516],[124.833409448906778,8.266728855514632],[124.833408613494001,8.266548040011839],[124.83331785555049,8.26654845609152],[124.833315767204468,8.266096417303986],[124.832317430649596,8.266100992569289],[124.832317013221697,8.266010584759783],[124.831953981688059,8.266012247857125],[124.831953564347472,8.265921840028755],[124.831681290709597,8.265923087121969],[124.831680873435687,8.265832679279345],[124.831408599817237,8.265833926173626],[124.831406931016559,8.265472294743564],[124.831316173216891,8.265472710315429],[124.83131575604915,8.265382302452235],[124.831406513828185,8.265381886884979],[124.831404427957168,8.264929847585618],[124.831495185628242,8.264929432020828],[124.831493934100351,8.264658208449893],[124.831403176491222,8.264658624000864],[124.831402759345337,8.264568216138418],[124.831312001752124,8.264568631664213],[124.831311584631607,8.264478223796736],[124.831130069472309,8.26447905477742],[124.831130486551515,8.264569462654112],[124.830767456093682,8.26457112438713],[124.830767873095027,8.264661532281817],[124.830677115448125,8.264661947668266],[124.830677532433583,8.264752355567126],[124.830768290101119,8.264751940176074],[124.830769541147703,8.265023163856274],[124.830860298872466,8.265022748430839],[124.830861550023471,8.265293972093364],[124.830770792236748,8.265294387532613],[124.830771209275881,8.265384795423872],[124.830861967083209,8.265384379980018],[124.83086488663379,8.266017235174582],[124.830955644580939,8.266016819677919],[124.83095689594964,8.266288043312485],[124.831047653954016,8.266287627781438],[124.831050574124063,8.26692048288152],[124.830959815975149,8.266920898444809],[124.830962319038264,8.267463345684371],[124.831053077311083,8.267462930093448],[124.831054328968321,8.267734153693624],[124.831145087298381,8.26773373806831],[124.831151346531684,8.269089855942228],[124.831242105166822,8.269089440227248],[124.831243357202936,8.269360663776636],[124.831334115895316,8.26936024802726],[124.831339959581484,8.270625957808893],[124.831430718558366,8.270625541974445],[124.831436563459206,8.271891251607535],[124.831527322720632,8.271890835688005],[124.83153066324482,8.272614098260886],[124.83143990381808,8.272614514217272],[124.831443244479161,8.273337776799561],[124.831534004071216,8.273337360806318],[124.831533586451386,8.273246952989643],[124.831624346018074,8.27324653698042],[124.831623928382285,8.273156129167921],[124.831714687923579,8.273155713142719],[124.83171427027186,8.2730653053344],[124.832168067804076,8.273063224922637],[124.832168903318902,8.273244040492767],[124.832259662852508,8.273243624339441],[124.832262169634305,8.273786071011878],[124.832352929287197,8.273785654810309],[124.832353764960288,8.273966470355139],[124.832444524649759,8.273966054123763],[124.832444942514059,8.274056461890925],[124.832535702219502,8.274056045634349],[124.832536120109197,8.274146453396471],[124.8320823214314,8.274148534496506],[124.832082739222471,8.274238942281247],[124.831991979452056,8.274239358444097],[124.831992397227168,8.274329766233016],[124.83172011782564,8.274331014611853],[124.831723041949644,8.274963869219045],[124.831632281994985,8.274964285336397],[124.831632699725219,8.275054693140317],[124.831541939745165,8.275055109241686],[124.831542357459455,8.275145517049783],[124.831633117460157,8.275145100943808],[124.831633535199842,8.275235508746871],[124.831542775178434,8.275235924857455],[124.83154319290216,8.275326332664692],[124.831724712981554,8.275325500413718],[124.831725130751323,8.275415908211311],[124.831906650853185,8.275415075868754],[124.831906233042062,8.275324668080378],[124.831996993065218,8.275324251882818],[124.831997410897031,8.275414659666586],[124.832088170936146,8.275414243443826],[124.832089006655252,8.275595059000867],[124.832179766730988,8.275594642748301],[124.832180184618295,8.275685050521567],[124.83227094470999,8.275684634243795],[124.832271780540125,8.275865449779822],[124.832362540668441,8.27586503347224],[124.83236379451111,8.276136256759234],[124.832273034320778,8.276136673080646],[124.832273452257112,8.276227080846729],[124.8321826920414,8.276227497152155],[124.832183527886897,8.276408312692249],[124.832092767625085,8.276408728986297],[124.832093603448143,8.276589544533895],[124.831912082827671,8.276590377078641],[124.831912918586909,8.276771192642958],[124.831822158228249,8.276771608893652],[124.831822993965019,8.27695242446547],[124.831732233560274,8.276952840704787],[124.831732651415052,8.277043248494657],[124.83164189098494,8.277043664717983],[124.831642308823774,8.277134072512032],[124.831551548368239,8.277134488719373],[124.831551130550068,8.277044080920716],[124.831369609666169,8.277044913264392],[124.831368774126716,8.27686409764736],[124.831278013719043,8.276864513779088],[124.831276342779475,8.276502882521454],[124.831185582449791,8.276503298614159],[124.831185164747367,8.276412890794072],[124.831094404433628,8.276413306861578],[124.831093569084302,8.276232491210903],[124.831184329356716,8.276232075152606],[124.831183911668461,8.276141667331231],[124.831093151416738,8.276142083384919],[124.831092316095749,8.275961267731669],[124.831183076306132,8.27596085168719],[124.831180570332464,8.275418404744775],[124.831271330414097,8.275417988707344],[124.831269659776709,8.275056357422246],[124.831178899777768,8.275056773441252],[124.831177229298646,8.274695142130861],[124.831086469377681,8.274695558110848],[124.831085634207753,8.274514742443868],[124.831176394087407,8.274514326473094],[124.831175976488865,8.274423918643565],[124.83126673634311,8.274423502656804],[124.831265483513818,8.274152279179466],[124.8313562433013,8.274151863185937],[124.831355825680319,8.274061455363908],[124.83144658544245,8.274061039354397],[124.831447003084108,8.274151447171821],[124.831628522635512,8.274150615081819],[124.831628104952529,8.274060207273608],[124.831718864700477,8.274059791202333],[124.831718447001535,8.273969383398303],[124.831627687274249,8.27396979946497],[124.831626851931858,8.273788983846403],[124.831354572845683,8.273790231895241],[124.831353737646197,8.273609416247318],[124.831262977982703,8.273609832213205],[124.831263813140836,8.27379064787034],[124.830810014545833,8.273792727437028],[124.830810432028656,8.273883135287983],[124.830719672274824,8.273883551144161],[124.830720089741689,8.273973958999292],[124.830629329962463,8.273974374839488],[124.830629747413397,8.274064782698792],[124.830538987608776,8.274065198523004],[124.830541074830847,8.274517237836131],[124.83063183473881,8.274516821988897],[124.830632252218038,8.274607229845627],[124.830541492289427,8.274607645697468],[124.830542327220741,8.274788461418854],[124.830633087190691,8.274788045557804],[124.830634339685062,8.275059269122858],[124.830725099712311,8.275058853227399],[124.830725934773511,8.275239668926082],[124.830816694837381,8.275239253000821],[124.830817529958779,8.275420068688572],[124.830726769853555,8.275420484623043],[124.830727604952514,8.275601300318289],[124.830636844801219,8.275601716241376],[124.830638097423034,8.275872939794843],[124.830547337205005,8.27587335571115],[124.830549007350797,8.276234987128186],[124.830458247045357,8.276235403042321],[124.83045866457293,8.276325810900111],[124.830277143906528,8.276326642675805],[124.83027797889315,8.276507458408515],[124.83018721851154,8.276507874274678],[124.830187635991237,8.276598282144995],[124.830096875584232,8.276598697995167],[124.830098127989643,8.276869921617351],[124.830188888458665,8.276869505753369],[124.830189305957248,8.276959913621969],[124.830280066442256,8.276959497732786],[124.830281319028344,8.277230721322198],[124.830372079570651,8.277230305398607],[124.830372914693015,8.277411121113527],[124.830191393520963,8.277411952958531],[124.830190975998789,8.277321545092077],[124.829918694267349,8.277322792691294],[124.829919111727492,8.277413200571555],[124.829646829891601,8.277414447999206],[124.829647247294417,8.27750485589285],[124.829465726005509,8.277505687417504],[124.829466143371718,8.277596095319925],[124.829375382699524,8.277596511055956],[124.829375800049775,8.27768691896255],[124.829285039352158,8.277687334682584],[124.829286291369129,8.277958558413594],[124.829377052128763,8.277958142679751],[124.829377886871697,8.278138958489075],[124.829559408459517,8.278138126941188],[124.8295598258794,8.278228534836],[124.829832108287775,8.278227287345871],[124.829832525774435,8.278317695226447],[124.830014047397796,8.27831686345416],[124.830014464930528,8.278407271325099],[124.830195986576385,8.278406439461204],[124.830197239326949,8.27867766304383],[124.830288000204845,8.278677247067169],[124.830288835436846,8.278858062777564],[124.830470357261177,8.278857230744027],[124.830470774925629,8.278947638589374],[124.830561535851373,8.278947222537097],[124.830561953541235,8.279037630377408],[124.830743475419979,8.279036798201844],[124.830743893155898,8.279127206032515],[124.83083465410887,8.279126789909228],[124.830834236352274,8.279036382083159],[124.831015758202668,8.279035549783988],[124.831015340409436,8.278945141966705],[124.831106101306872,8.278944725790824],[124.831102758965386,8.278221463273942],[124.831193519692661,8.278221047114309],[124.831193101900553,8.278130639302377],[124.831283862602433,8.278130223126752],[124.831282609192357,8.27785899970219],[124.831373369827475,8.277858583519784],[124.831372952012885,8.277768175715348],[124.831463712622622,8.277767759516953],[124.831464130457888,8.277858167316783],[124.83164565170452,8.277857334848983],[124.831646487471957,8.27803815042893],[124.831737248129542,8.278037734154918],[124.831737666040993,8.278128141939638],[124.831828426714566,8.278127725640422],[124.831829262593033,8.27830854119936],[124.831920023303212,8.278308124870323],[124.831920441270213,8.278398532644543],[124.832011201996352,8.278398116290301],[124.832011619988734,8.278488524059481],[124.831920859241919,8.278488940418331],[124.83192127721837,8.278579348191693],[124.832102798748636,8.278578515444174],[124.832103634798429,8.278759330971171],[124.832194395597838,8.278758914557292],[124.832194813650517,8.278849322315537],[124.832104052830402,8.278849738734021],[124.832104888908546,8.279030554258442],[124.832195649769986,8.279030137830741],[124.832196067836833,8.2791205455877],[124.832286828714231,8.279120129134787],[124.832288501111535,8.279481760139888],[124.832470023017635,8.27948092713538],[124.83247044117013,8.279571334876366],[124.832651963098698,8.279570501780228],[124.832652381297279,8.279660909511563]],[[124.833105349540148,8.279478010970628],[124.833377632264614,8.279476760876701],[124.83337679556017,8.279295945485663],[124.833286034698077,8.279296362195018],[124.833285616373644,8.279205954494239],[124.833104094676671,8.279206787841922],[124.833105349540148,8.279478010970628]],[[124.843905864922547,8.279428281715482],[124.843996625271302,8.279427862586465],[124.843996204496918,8.279337455432318],[124.843905444168826,8.279337874556697],[124.843905864922547,8.279428281715482]],[[124.839639703390532,8.27935755016388],[124.840002745567162,8.279355877415863],[124.84000232570753,8.279265470057405],[124.840183846726021,8.279264633569046],[124.840181747292135,8.278812596816607],[124.84000022648047,8.27881343325868],[124.839999806649288,8.278723025897648],[124.839818285860005,8.278723862248064],[124.839818705649805,8.278814269618353],[124.839727945227352,8.278814687767287],[124.839728784779865,8.278995502515833],[124.839638024311313,8.278995920653427],[124.839639703390532,8.27935755016388]],[[124.841899890573018,8.277448537505306],[124.841990650571361,8.277448118931465],[124.841990230356458,8.277357711665873],[124.842080990329393,8.27735729307607],[124.842080570098545,8.277266885814685],[124.842171330046057,8.277266467208916],[124.84217048955729,8.277085652694122],[124.842261249458687,8.277085234077028],[124.84225872798234,8.276542790550145],[124.842077208422907,8.276543627708131],[124.842075527699066,8.27618199864455],[124.84198476799493,8.276182417174118],[124.841985608306004,8.276363231716035],[124.841894848555739,8.276363650234277],[124.841896949313167,8.276815686604719],[124.841806189454786,8.276816105125532],[124.841808290227561,8.277268141508406],[124.841899050189298,8.27726772296443],[124.841899890573018,8.277448537505306]],[[124.831452850563153,8.275417156570709],[124.831543610630618,8.275416740471503],[124.83154319290216,8.275326332664692],[124.831452432855386,8.275326748759291],[124.831452850563153,8.275417156570709]],[[124.83145076207154,8.274965117509332],[124.831632281994985,8.274964285336397],[124.831631864269511,8.27487387753205],[124.831450344387363,8.274874709695768],[124.83145076207154,8.274965117509332]],[[124.842069225661504,8.274825889594947],[124.84234150381522,8.274824634091217],[124.84234108365537,8.274734226831708],[124.842431843009777,8.274733808293918],[124.842431422833997,8.274643401038617],[124.842522182163009,8.274642982484874],[124.842521761971298,8.274552575233779],[124.842431002662977,8.274552993782891],[124.842430162335191,8.27437217927014],[124.841976365929042,8.274374271660509],[124.841978046190263,8.274735900776967],[124.842068805563642,8.274735482321537],[124.842069225661504,8.274825889594947]],[[124.841433069901683,8.274648003770885],[124.841523829282906,8.274647585443626],[124.841522989358992,8.274466770839069],[124.841432230019123,8.274467189157063],[124.841433069901683,8.274648003770885]],[[124.831358331477105,8.274603902289657],[124.83144909136324,8.274603486252504],[124.831448673697963,8.274513078437225],[124.831357913832491,8.274513494469772],[124.831358331477105,8.274603902289657]],[[124.839884705364994,8.273479816140208],[124.839975464558208,8.273479398223147],[124.839975045006938,8.273388990836786],[124.840065804174756,8.273388572903764],[124.840065384607556,8.273298165521604],[124.840156143749951,8.273297747572624],[124.840155304588464,8.273116932816274],[124.840336822776365,8.273116096875077],[124.840336403161416,8.273025689505513],[124.84051792128902,8.273024853491227],[124.840518760606329,8.273205668211407],[124.840609519704344,8.273205250164128],[124.840609939390802,8.273295657518938],[124.840972975818033,8.273293985105434],[124.840972556048939,8.273203577769145],[124.841154074192758,8.273202741448136],[124.841153654387071,8.273112334120677],[124.841335172470551,8.273111497726587],[124.841334752628271,8.27302109040796],[124.841516270651454,8.273020253940789],[124.841515011029102,8.272749032010134],[124.841424252081893,8.272749450240115],[124.841423832237936,8.272659042924403],[124.841242314370575,8.272659879313347],[124.841241894572704,8.272569471987943],[124.841151135652552,8.272569890146904],[124.841149876349391,8.272298668154228],[124.841059117486495,8.272299086278714],[124.841058697748949,8.272208678942329],[124.840695662332564,8.272210351215907],[124.840696081987502,8.272300758570813],[124.84060532310086,8.272301176592377],[124.840606582032095,8.272572398668409],[124.840515823078718,8.272572816683278],[124.840514564209499,8.272301594593358],[124.840423805313378,8.272302012573753],[124.840422966132294,8.272121197835737],[124.840241448408491,8.272122033716263],[124.840241028866387,8.27203162633735],[124.839787234577173,8.272033715655308],[124.839791009697038,8.272847382258348],[124.839881768750359,8.272846964394272],[124.839883446787397,8.273208593965954],[124.839792687651425,8.273209011848543],[124.839793526657076,8.273389826641063],[124.839884285834387,8.273389408749217],[124.839884705364994,8.273479816140208]],[[124.829083493428897,8.273348585397828],[124.829355772559012,8.273347338962125],[124.829354104092005,8.272985707250809],[124.82917258484197,8.272986538191718],[124.829173418983387,8.273167354066642],[124.829082659309961,8.273167769515419],[124.829083493428897,8.273348585397828]],[[124.837967866240049,8.271137992812054],[124.838149383746398,8.271137158062427],[124.83814854572168,8.270956343081917],[124.837967028297982,8.270957177813051],[124.837967866240049,8.271137992812054]],[[124.841047786238349,8.269858088045789],[124.841320061139285,8.269856833985733],[124.841319641467905,8.26976642665166],[124.841410399738066,8.269766008595118],[124.84140998005077,8.269675601265247],[124.841591496535557,8.269674765099694],[124.841591076811696,8.269584357778662],[124.841681835026307,8.269583939669651],[124.841681415286558,8.26949353235282],[124.841862931660188,8.269492696082336],[124.841862511883875,8.269402288774343],[124.842044028197236,8.26940145243082],[124.842043608384344,8.269311045131662],[124.842134366513235,8.269310626933668],[124.842133946684427,8.269220219638719],[124.842224704787924,8.269219801424782],[124.842224284943228,8.269129394134037],[124.842405801094642,8.269128557653705],[124.842404961336882,8.268947743089459],[124.842495719364152,8.2689473248277],[124.842493200080909,8.268404881152488],[124.842583957979514,8.268404462897962],[124.842582698340067,8.268133241068467],[124.842673456171951,8.268132822807269],[124.842670936897406,8.267590379164512],[124.84258017918944,8.267590797397897],[124.842579759347629,8.267500390117968],[124.842489001655551,8.267500808326146],[124.842488162027465,8.267319993755732],[124.842397404371937,8.267320411934071],[124.842396145027422,8.267049190061327],[124.842305387429093,8.267049608205189],[124.842304128189255,8.266778386314684],[124.842213370648125,8.266778804424076],[124.842212531219943,8.266597989818989],[124.842121773715377,8.266598407898543],[124.842120514670668,8.266327185973802],[124.842029757223287,8.26632760401888],[124.842028078646109,8.265965974761354],[124.841846563902266,8.265966810752747],[124.84184530514311,8.265695588777296],[124.841754547826028,8.265696006728243],[124.841754128269798,8.265605599397599],[124.841844885566232,8.265605181451287],[124.8418444659941,8.265514774124853],[124.841753708718301,8.265515192066534],[124.841753289171564,8.265424784735037],[124.841662531911638,8.265425202651516],[124.841662112390296,8.265334795314956],[124.841208326122768,8.265336884565698],[124.841208745540882,8.265427291925418],[124.841117988252492,8.265427709718498],[124.841118827061678,8.265608524445911],[124.841028069727244,8.26560894222769],[124.841031005564389,8.266241793792554],[124.841121763043361,8.266241375978359],[124.841124699257634,8.266874227489794],[124.841033941634137,8.266874645336404],[124.841035200020926,8.267145867420195],[124.840944442330724,8.267146285260131],[124.840945281237694,8.267327099989776],[124.84085452350142,8.267327517818401],[124.840854942941377,8.26741792518721],[124.840764185179751,8.267418342999894],[124.840765443466111,8.267689565117641],[124.840674685637779,8.267689982923645],[124.840675105055396,8.267780390299999],[124.840765862904405,8.267779972489366],[124.840767960166986,8.268232009341553],[124.84085871811449,8.268231591487195],[124.840861654626011,8.26886444302983],[124.840952412713349,8.268864025122486],[124.840956188755783,8.269677691319027],[124.841046947024282,8.269677273349425],[124.841047786238349,8.269858088045789]],[[124.838591443916343,8.268603661592346],[124.838954476463741,8.268601991952536],[124.83895405739581,8.268511584492112],[124.839044815500159,8.268511167035349],[124.839043977337255,8.268330352122462],[124.839134735395547,8.268329934654375],[124.839132220896673,8.267787489933179],[124.8390414629623,8.267787907373506],[124.83904104391641,8.267697499913846],[124.838950285997939,8.267697917328976],[124.838949866977416,8.267607509864261],[124.838859109074875,8.267607927254193],[124.838858690079761,8.267517519784423],[124.838767932193107,8.267517937149156],[124.838767513223388,8.267427529674332],[124.838585997477182,8.267428364332835],[124.838589768003587,8.268242031674061],[124.838499009937522,8.268242449014078],[124.83850026680301,8.268513671467311],[124.838591024931063,8.268513254113417],[124.838591443916343,8.268603661592346]],[[124.836502749780962,8.26834203287579],[124.836593507971941,8.268341615983777],[124.836593089455221,8.268251208401871],[124.836502331284933,8.268251625289265],[124.836502749780962,8.26834203287579]],[[124.835049781755359,8.268167885028646],[124.835140539980742,8.268167468475053],[124.83514012180396,8.268077060818397],[124.835049363599239,8.268077477367376],[124.835049781755359,8.268167885028646]],[[124.839037272716666,8.266883832757605],[124.839128030444527,8.266883415363539],[124.839127611425411,8.266793007904219],[124.839036853718184,8.266793425293661],[124.839037272716666,8.266883832757605]],[[124.837675068857095,8.266709276133113],[124.837947342115882,8.266708024842606],[124.837946085906438,8.26643680228041],[124.837673812833501,8.266438053529315],[124.837675068857095,8.266709276133113]],[[124.834495618759263,8.26609100696357],[124.834677134312145,8.266090174294975],[124.834676298387393,8.265909358915364],[124.834585540654615,8.265909775250716],[124.834585122719986,8.26581936755565],[124.834494365003138,8.265819783865815],[124.834495618759263,8.26609100696357]],[[124.842930194545275,8.264786499038472],[124.843111708638332,8.26478566267399],[124.843111288819912,8.264695255408578],[124.843020531796398,8.264695673596467],[124.843019692215108,8.264514859055089],[124.842928935228159,8.264515277213139],[124.842929354995775,8.264605684488679],[124.842838597983416,8.264606102630806],[124.84283901773513,8.26469650991055],[124.842929774768152,8.264696091763792],[124.842930194545275,8.264786499038472]],[[124.836661671916673,8.26345918928417],[124.836752428983246,8.263458772600499],[124.836752010680911,8.263368365004681],[124.836842767722089,8.263367948305069],[124.836840676178383,8.262915910342659],[124.836749919240418,8.262916327019168],[124.836750337519064,8.263006734617129],[124.836659580555718,8.2630071512777],[124.836661671916673,8.26345918928417]],[[124.837931014719643,8.263182131233171],[124.838021771657935,8.263181714275502],[124.83802135308089,8.263091306743108],[124.837930596163218,8.263091723696149],[124.837931014719643,8.263182131233171]],[[124.840471788066054,8.263080041239011],[124.840925571943131,8.263077953389692],[124.840925152710355,8.262987546004934],[124.841015909450874,8.26298712837802],[124.841015490202196,8.26289672099746],[124.841106246917349,8.262896303354614],[124.841105408392949,8.262715488601479],[124.841196165062073,8.262715070947339],[124.841194907249161,8.26244384882831],[124.841285663851622,8.262443431167503],[124.841285244569505,8.262353023798269],[124.841466757718919,8.262352188424241],[124.841466338400267,8.262261781063843],[124.841557094947206,8.262261363350623],[124.841556675612679,8.262170955994426],[124.841647432134252,8.262170538265279],[124.84164701278381,8.262080130913287],[124.841737769279987,8.262079713168216],[124.841736091843245,8.261718083774491],[124.841645335429604,8.261718501501033],[124.841644916102908,8.261628094146895],[124.841463403302654,8.261628929529044],[124.841463822588082,8.261719336892442],[124.841282309727575,8.261720172201622],[124.841282728976466,8.261810579573856],[124.841191972518459,8.261810997202245],[124.841192810989213,8.261991811954692],[124.841102054485191,8.261992229571785],[124.841102473707053,8.262082636951995],[124.84119323023171,8.262082219330273],[124.841193649478939,8.262172626705427],[124.841102892933648,8.262173044331778],[124.841103312165004,8.262263451711137],[124.841012555594304,8.262263869321561],[124.841012136383611,8.262173461937575],[124.840649110135956,8.262175132155175],[124.840648691012532,8.262084724752238],[124.84046717790153,8.26208555972843],[124.840466339751458,8.261904744902752],[124.840375583230127,8.261905162350752],[124.840375164182859,8.26181475493264],[124.840102894652233,8.261816007139403],[124.840103313637599,8.261906414571401],[124.83992180055219,8.261907249282379],[124.839922219501034,8.261997656723205],[124.839831462930562,8.261998074052485],[124.839831881863503,8.262088481497512],[124.839741125267693,8.262088898810859],[124.839742382033052,8.262360121157251],[124.839833138690778,8.262359703830016],[124.839833976599365,8.262540518716211],[124.839924733293628,8.262540101359164],[124.839925152275669,8.26263050879699],[124.840106665691266,8.262629674011956],[124.840107084719321,8.262720081440099],[124.840197841440656,8.262719664012113],[124.840198260494091,8.262810071435194],[124.840289017231328,8.262809653982021],[124.840289436310144,8.26290006140005],[124.840380193063254,8.262899643921681],[124.840380612167465,8.262990051334654],[124.840471368936477,8.262989633831101],[124.840471788066054,8.263080041239011]],[[124.835567988635418,8.262469703646365],[124.836021773069675,8.262467621510082],[124.836020100757608,8.26210599095757],[124.835747830358912,8.262107240245598],[124.835747412354664,8.262016832592547],[124.83556589877314,8.262017665339208],[124.83556631673612,8.262108073001496],[124.83547555991764,8.262108489348606],[124.835476813773099,8.26237971234675],[124.835567570653495,8.26237929598579],[124.835567988635418,8.262469703646365]],[[124.840191137230818,8.261273145184489],[124.840372649998855,8.261272310414972],[124.840372230984798,8.261181902993858],[124.840190718258,8.261182737754119],[124.840191137230818,8.261273145184489]],[[124.837729417446226,8.258843402382697],[124.837820173403557,8.258842985688046],[124.837819755095211,8.258752578125836],[124.837910511027147,8.258752161415261],[124.837910092702913,8.258661753857247],[124.838000848609497,8.258661337130745],[124.8379995936033,8.258390114467998],[124.838090349443263,8.258389697734815],[124.838087002803505,8.257666437318965],[124.838177758473734,8.257666020602226],[124.838176921819922,8.257485205503226],[124.838086166190934,8.257485622210723],[124.838084911307647,8.257214399545141],[124.838175666874747,8.257213982851519],[124.838174411972204,8.256942760195953],[124.838265167472699,8.256942343495655],[124.8382647491607,8.256851935947566],[124.838355504635842,8.256851519231351],[124.838355086307971,8.256761111687457],[124.838445841757718,8.256760694955316],[124.838444586740664,8.256489472334946],[124.838535342123819,8.256489055596136],[124.838534505428228,8.256308240522994],[124.838625260765411,8.25630782377289],[124.838624424047524,8.256127008707285],[124.838533668751623,8.256127425448142],[124.838533250420411,8.256037017910073],[124.8388055162321,8.25603576763975],[124.838804679460168,8.255854952590079],[124.838895434680026,8.255854535801472],[124.838892505983267,8.255221683146504],[124.838801750907777,8.255222099902733],[124.838802587613316,8.255402914958401],[124.838711832491853,8.255403331703342],[124.838712250831122,8.25549373923516],[124.838621495684265,8.255494155964183],[124.838621914007661,8.255584563500198],[124.838531158835465,8.255584980213305],[124.838531995455227,8.255765795293298],[124.83844124023706,8.255766211995111],[124.838441658533398,8.255856619539092],[124.83780637172913,8.255859535908977],[124.837805953577103,8.255769128332631],[124.837715198321007,8.255769544870105],[124.837714780194347,8.255679137288713],[124.837533269709212,8.255679970292793],[124.837532433552582,8.255499155110231],[124.837441678344149,8.255499571572212],[124.837441260293573,8.255409163975665],[124.837350505101014,8.255409580412486],[124.8373496690553,8.255228765208868],[124.83725891389922,8.255229181615904],[124.837260167913058,8.255500404434553],[124.837169412690429,8.255500820834913],[124.837169830683891,8.255591228444894],[124.837260585927154,8.255590812039916],[124.837261421969544,8.255771627249352],[124.837170666685026,8.255772043663573],[124.837172756770727,8.256224081702777],[124.837082001378391,8.256224498119565],[124.837082837404594,8.256405313341489],[124.837173592838184,8.256404896915463],[124.837174846974861,8.256676119731278],[124.837265602465578,8.256675703270846],[124.837266438621612,8.256856518470002],[124.837357194148865,8.25685610197978],[124.837362629893079,8.258031400672479],[124.837453385683702,8.258030984101627],[124.837453803871654,8.258121391685751],[124.837544559678193,8.25812097508973],[124.837546232559859,8.258482605403465],[124.837455476670826,8.258483022017973],[124.837455894882481,8.258573429599958],[124.837546650792135,8.258573012980825],[124.837547069029114,8.25866342055776],[124.837728580875478,8.258662587248603],[124.837729417446226,8.258843402382697]],[[124.842263435803019,8.258008876442332],[124.842354191337535,8.258008458761894],[124.842353772040482,8.257918051427255],[124.842444527549617,8.257917633730905],[124.842444108236677,8.257827226400474],[124.842534863720445,8.257826808688208],[124.842534025067593,8.257645994035329],[124.842715535938368,8.257645158567692],[124.842713858524661,8.257283529293874],[124.842623103174148,8.257283947019422],[124.842622264537042,8.257103132370672],[124.842531509223036,8.257103550066406],[124.842531928518596,8.257193957395632],[124.842441173179225,8.257194375075457],[124.842440753904285,8.257103967741596],[124.842349998580787,8.257104385396239],[124.842349579331241,8.257013978057321],[124.842258824023588,8.257014395686783],[124.842257985579991,8.256833580998391],[124.842167230308846,8.256833998598038],[124.84216681111478,8.256743591248563],[124.841985300599518,8.256744426376965],[124.84198571975233,8.256834833735706],[124.841804209176814,8.256835668791197],[124.841804628293133,8.256926076158777],[124.841713872977635,8.256926493660337],[124.841715968527311,8.25737853051497],[124.84162521310391,8.257378948019149],[124.841625632207467,8.257469355393424],[124.841716387651459,8.257468937884614],[124.841716806780397,8.257559345253826],[124.841807562240248,8.257558927719836],[124.841807981394567,8.257649335083988],[124.842080247807573,8.257648082344843],[124.842080667028497,8.257738489694665],[124.842171422510617,8.257738072069225],[124.84217226100796,8.257918886758322],[124.842263016526587,8.257918469103062],[124.842263435803019,8.258008876442332]],[[124.840803806295995,8.256388223028367],[124.840894561535222,8.256387805760038],[124.840894142653624,8.256297398343573],[124.840984897867472,8.256296981059332],[124.84098447897,8.256206573647072],[124.841075234158509,8.256206156346922],[124.841073558533552,8.255844526712105],[124.840982803427536,8.255844943993733],[124.840982384553797,8.255754536579325],[124.840891629463655,8.255754953835782],[124.840892467174669,8.255935768673423],[124.840801712038541,8.255936185918598],[124.840801293201295,8.255845778495361],[124.840710538081055,8.255846195715362],[124.840710956897695,8.25593660314323],[124.840620201752074,8.255937020347316],[124.840621039358325,8.256117835211031],[124.840711794545186,8.256117417997682],[124.840712632211662,8.256298232850421],[124.840803387435002,8.256297815607271],[124.840803806295995,8.256388223028367]],[[124.8351753019043,8.256052422708867],[124.835629079109538,8.256050342622748],[124.835628661442939,8.25595993493638],[124.835719416849187,8.255959518862143],[124.835718999166716,8.255869111179964],[124.835809754547611,8.255868695089806],[124.83580891915561,8.255687879733395],[124.83589967449052,8.255687463631928],[124.835897168304456,8.255145017580137],[124.835987923510871,8.255144601485837],[124.835985417371461,8.25460215544634],[124.835894662288723,8.254602571512933],[124.835894244636023,8.254512163833565],[124.835803489569159,8.254512579875001],[124.835803071941797,8.254422172190591],[124.83544005170954,8.254423836132469],[124.835440469254436,8.254514243835349],[124.835349714163939,8.254514659774092],[124.835350131692962,8.25460506748116],[124.835259376577085,8.254605483403978],[124.835260629130673,8.254876706536464],[124.835169873948217,8.254877122452589],[124.835169456446238,8.254786714737572],[124.835078701279684,8.254787130628539],[124.835077448864013,8.254515907467072],[124.834895938640429,8.254516739159694],[124.834900113112511,8.25542081644193],[124.834809357787421,8.255421232303584],[124.834810610159423,8.255692455493755],[124.834901365546372,8.255692039618252],[124.834900948063691,8.255601631893239],[124.834991703425274,8.255601216001809],[124.834992955949389,8.255872439161717],[124.8350837113681,8.255872023235899],[124.835084128906217,8.255962430950392],[124.83517488434083,8.255962014999415],[124.8351753019043,8.256052422708867]],[[124.841073558533552,8.255844526712105],[124.84116431363482,8.255844109409932],[124.841163475809566,8.255663294599216],[124.841072720749551,8.255663711892126],[124.841073558533552,8.255844526712105]],[[124.841253811938728,8.255572469884397],[124.841344566968644,8.255572052555037],[124.84134414802665,8.25548164515787],[124.841253393017368,8.255482062482599],[124.841253811938728,8.255572469884397]],[[124.839528628414485,8.255399580259384],[124.839710138567369,8.255398746379216],[124.839709720006013,8.255308338897862],[124.839800475054744,8.255307921931596],[124.839800056477515,8.255217514454438],[124.839890811500865,8.255217097472258],[124.839889974319377,8.255036282525916],[124.839980729296755,8.255035865532451],[124.839979892093041,8.254855050593651],[124.840161401951036,8.254854216563615],[124.840160983315059,8.254763809102828],[124.840251738216324,8.254763392061628],[124.840250900917368,8.254582577148035],[124.840341655772662,8.254582160095552],[124.840340399797924,8.254310937735832],[124.840431154586625,8.2543105206767],[124.840430735917266,8.254220113227234],[124.840339981149171,8.254220530281742],[124.840339562505179,8.254130122827217],[124.84043031725264,8.254129705777343],[124.84042906128721,8.253858483425086],[124.840519815968079,8.253858066368563],[124.840518978640304,8.25367725147418],[124.840609733275187,8.253676834406377],[124.840609314597813,8.253586426963173],[124.84070006920733,8.253586009879463],[124.840700487905352,8.25367641731804],[124.840791242530742,8.253676000209161],[124.840790405098261,8.253495185340844],[124.840881159677679,8.253494768220691],[124.840879484787152,8.253133138497443],[124.8407887302902,8.253133555599074],[124.840788311600036,8.253043148162561],[124.840879066076397,8.253042731065559],[124.840878228669084,8.252861916200509],[124.841059737525114,8.252861081963426],[124.841059318787359,8.252770674539519],[124.840968564382337,8.252771091663698],[124.84096772696229,8.252590276805343],[124.841058481326087,8.252589859690424],[124.841058062602585,8.252499452265234],[124.840967308259394,8.252499869375519],[124.840965633495216,8.252138239651956],[124.84087487922973,8.252138656723186],[124.840873204623918,8.251777026974251],[124.840782450436123,8.251777444006427],[124.840781613202907,8.251596629120124],[124.84087236734949,8.25159621209721],[124.840871530094049,8.251415397218462],[124.84096228419466,8.251414980184277],[124.840960609658268,8.251053350440163],[124.841051363671667,8.251052933403969],[124.841049689128795,8.25069130367153],[124.841140443055039,8.250690886633331],[124.841139605770863,8.250510071773807],[124.841230359651149,8.250509654724338],[124.841229103698623,8.250238432445734],[124.841319857512346,8.250238015389632],[124.841320276179033,8.250328422811632],[124.84159253765354,8.250327171506262],[124.841592956386819,8.250417578913938],[124.841774464053955,8.250416744598452],[124.841774882833164,8.25050715199643],[124.84186563668024,8.250506734803263],[124.841866055484829,8.250597142196183],[124.842047563205909,8.25059630773899],[124.842047144360109,8.250505900355336],[124.842137898192917,8.250505483100582],[124.842137479331271,8.250415075721135],[124.842228233138727,8.250414658450484],[124.842228652020992,8.250505065825299],[124.842319405844307,8.250504648529484],[124.842318149149946,8.250233426417656],[124.842408902906698,8.250233009115217],[124.842408483997474,8.250142601748388],[124.842317730261328,8.250143019046192],[124.842316892498346,8.249962204301978],[124.842226138798665,8.249962621569985],[124.84222530109588,8.249781806814791],[124.84213454743265,8.249782224053007],[124.84213412860899,8.249691816670136],[124.841861867652668,8.249693068247719],[124.841860611395603,8.249421846054833],[124.841769857795825,8.249422263192406],[124.841770276522809,8.249512670595095],[124.84149801563315,8.249513921898563],[124.841498434303077,8.249604329314721],[124.841407680643087,8.249604746379456],[124.841408099297183,8.249695153799818],[124.841317345611827,8.24969557084866],[124.841318182893033,8.249876385697362],[124.840864414189085,8.249878470679965],[124.84086399564913,8.249788063232671],[124.84095474937881,8.249787646281838],[124.840953493725664,8.249516423951281],[124.840771986385178,8.249517257804643],[124.840771567884843,8.249426850351007],[124.840680814228094,8.24942726724227],[124.840680395753097,8.249336859783577],[124.840498888466584,8.249337693495264],[124.840499306900384,8.249428100963213],[124.840317799553659,8.249428934602051],[124.840317381161086,8.249338527124841],[124.840408134816215,8.249338110320314],[124.840406879605098,8.2490668879],[124.840225372413741,8.249067721460753],[124.840225790771484,8.249158128943877],[124.840135037148087,8.249158545698094],[124.840135455489985,8.249248953185417],[124.83995394818777,8.249249786641535],[124.839954784803354,8.249430601633414],[124.839864031103914,8.249431018339939],[124.839867377591162,8.250154278327361],[124.839776623722145,8.250154695050382],[124.839778296997153,8.250516325052333],[124.839959804895329,8.25051549154874],[124.839958968165888,8.25033467656713],[124.840049722066652,8.250334259793798],[124.840048466946271,8.250063037332062],[124.840139220780458,8.250062620552086],[124.840138384016029,8.249881805584709],[124.840229137804258,8.249881388793463],[124.840228719408572,8.249790981313762],[124.840319473171462,8.249790564506617],[124.840320310008806,8.24997137945633],[124.840229556204733,8.249971796272737],[124.840231229853927,8.250333426185543],[124.84014047596267,8.250333842999936],[124.84014131277452,8.250514657963031],[124.840050558837291,8.250515074766149],[124.840051395626901,8.250695889736788],[124.839960641643714,8.250696306528635],[124.839961060025018,8.250786714017941],[124.839870306016493,8.250787130793887],[124.839873234674229,8.25141998323944],[124.839963988827023,8.251419566431098],[124.839964407246271,8.251509973916981],[124.839873653072857,8.251510390729949],[124.839874908297261,8.251781613198911],[124.839965662532506,8.251781196372059],[124.839970265613857,8.252775678674379],[124.839879511151878,8.252776095552143],[124.839882859042973,8.253499355412863],[124.839973613669855,8.253498938498078],[124.839974869269099,8.253770160924901],[124.8398841145804,8.253770577853572],[124.83988495162906,8.253951392811901],[124.839794196894346,8.253951809729291],[124.839795870966114,8.254313439659326],[124.839614361317572,8.254314273469515],[124.839615616797488,8.25458549594031],[124.839524861904238,8.254585912828478],[124.839525698873331,8.25476672781612],[124.839434943934094,8.254767144693004],[124.839435362405155,8.254857552190812],[124.83934460744058,8.25485796905178],[124.839345444355629,8.25503878405536],[124.839254689345069,8.255039200905046],[124.8392551077891,8.255129608410821],[124.839345862820267,8.255129191556509],[124.839346281289664,8.255219599057233],[124.839437036336705,8.255219182177756],[124.839437454831469,8.255309589673418],[124.839528209894382,8.255309172768776],[124.839528628414485,8.255399580259384]],[[124.843157569845204,8.255111665127362],[124.843248324672288,8.255111247389809],[124.843247905321036,8.25502084008782],[124.843157150514571,8.255021257820736],[124.843157569845204,8.255111665127362]],[[124.840796267524382,8.254760889383093],[124.840977777255745,8.254760054992596],[124.840976939626898,8.254579240153079],[124.840795429977973,8.254580074525052],[124.840796267524382,8.254760889383093]],[[124.840976939626898,8.254579240153079],[124.841067694444234,8.254578822936283],[124.841067275616297,8.254488415520512],[124.840976520819581,8.25448883273268],[124.840976939626898,8.254579240153079]],[[124.843152957469513,8.254117184730903],[124.843243712069807,8.254116767044351],[124.843243292770794,8.254026359737646],[124.843152538191134,8.254026777419561],[124.843152957469513,8.254117184730903]],[[124.834803096565949,8.254065116294949],[124.835075361599181,8.254063868856056],[124.835074109297054,8.253792645684314],[124.834983354352545,8.253793061503968],[124.834982519549328,8.253612246044765],[124.834801009728622,8.253613077604001],[124.834801844449373,8.253793893081667],[124.834711089490682,8.253794308839709],[124.834711924189108,8.253975124324889],[124.834802679189025,8.253974708557616],[124.834803096565949,8.254065116294949]],[[124.840883672155826,8.254037212792721],[124.841065181547847,8.254036378435236],[124.841064762748388,8.253945971016897],[124.840974008075378,8.253946388201276],[124.840973589301285,8.25385598077788],[124.840882834644134,8.25385639793709],[124.840883672155826,8.254037212792721]],[[124.843969329237098,8.254023017542952],[124.844060083773996,8.254022599676196],[124.844059664294207,8.253932192410803],[124.843968909777914,8.253932610272919],[124.843969329237098,8.254023017542952]],[[124.84079166125413,8.253766407642678],[124.840882415895408,8.253765990508633],[124.840881997151413,8.253675583079747],[124.840791242530742,8.253676000209161],[124.84079166125413,8.253766407642678]],[[124.83443173146469,8.25225862406209],[124.834522486087138,8.252258208444108],[124.834522068866633,8.25216780068437],[124.834612823463743,8.252167385050466],[124.83461240622735,8.252076977294914],[124.834430897069652,8.25207780853296],[124.83443173146469,8.25225862406209]],[[124.83606364368967,8.251889509069116],[124.836608170347702,8.25188701294643],[124.836607752672066,8.251796605291174],[124.836698507077884,8.251796189203484],[124.836698089386374,8.251705781552419],[124.836788843766854,8.251705365448815],[124.836788426059471,8.251614957801943],[124.836879180414599,8.251614541682425],[124.836877927259025,8.251343318753102],[124.836787172965728,8.251343734858755],[124.83678633759358,8.251162919561159],[124.836695583336763,8.251163335637047],[124.836694748024755,8.250982520328497],[124.835787205608383,8.250986679865761],[124.835787623055936,8.251077087566438],[124.835696868767641,8.251077503411862],[124.835696451340709,8.25098709570657],[124.835605697068317,8.250987511526853],[124.835608201577259,8.251529957779898],[124.835698955973299,8.251529541931914],[124.835699373428625,8.251619949634641],[124.835790127840582,8.251619533761508],[124.835790545321231,8.25170994145919],[124.835881299749047,8.251709525560907],[124.835881717255077,8.251799933253544],[124.836063226137725,8.251799101386144],[124.83606364368967,8.251889509069116]],[[124.841599656764629,8.251864097378512],[124.841690410930326,8.251863680156914],[124.841689992100484,8.251773272760722],[124.841871500376399,8.251772438265196],[124.841871081510092,8.25168203087784],[124.841961835620324,8.25168161360391],[124.841961416738144,8.251591206220761],[124.84187066264856,8.251591623490055],[124.841870243791746,8.251501216101843],[124.84168873563948,8.251502050569574],[124.841688316828638,8.251411643171668],[124.841597562766026,8.251412060370102],[124.841597143980536,8.251321652967139],[124.841506389933755,8.251322070140411],[124.841508065021713,8.251683699768234],[124.841598819150946,8.251683282576431],[124.841599656764629,8.251864097378512]],[[124.839509381397448,8.251240835248172],[124.839600135527988,8.251240418531209],[124.839599717205402,8.251150011025532],[124.839508963095454,8.251150427737867],[124.839509381397448,8.251240835248172]],[[124.84141396095265,8.250960857639949],[124.84150471492174,8.250960440505738],[124.841503877444211,8.250779625685832],[124.841413123516347,8.250780042810783],[124.84141396095265,8.250960857639949]],[[124.841503458712552,8.250689218275236],[124.841594212615078,8.250688801134391],[124.841593793867574,8.250598393728001],[124.841503039985668,8.250598810864213],[124.841503458712552,8.250689218275236]],[[124.83932452716877,8.250518408452059],[124.839415281143928,8.250517991813172],[124.839414862900483,8.250427584294817],[124.839505616850303,8.250427167640028],[124.839505198591013,8.250336760125871],[124.839595952515467,8.250336343455182],[124.839595115969871,8.25015552843484],[124.839685869848367,8.250155111752873],[124.839685033280531,8.249974296740078],[124.839594279443219,8.249974713412785],[124.839593861187026,8.249884305901116],[124.83941235353943,8.249885139175701],[124.839411935329181,8.249794731654349],[124.839502689134733,8.249794315031949],[124.839502270908611,8.2497039075148],[124.839683778464334,8.249703074217669],[124.839682941943906,8.249522259200589],[124.839773695673429,8.249521842530489],[124.83977244086654,8.249250620015546],[124.839863194529528,8.249250203338804],[124.839862776249447,8.249159795837594],[124.839953529887069,8.249159379144952],[124.839952693299935,8.248978564150507],[124.839861939703511,8.24897898083389],[124.839861521437669,8.248888573331399],[124.83977076785709,8.248888989989632],[124.839771186102354,8.24897939749675],[124.839589678885801,8.248980230760893],[124.839588842482442,8.248799415727717],[124.839316581745678,8.248800665442232],[124.839316999883181,8.248891072972917],[124.83922624627418,8.248891489507997],[124.839226664395795,8.24898189704288],[124.839135910761442,8.248982313562063],[124.839136328867198,8.249072721101147],[124.839045575207521,8.24907313760443],[124.839045993297418,8.249163545147709],[124.838955239612389,8.249163961635094],[124.838956075765211,8.249344776729624],[124.838865322034195,8.249345193205732],[124.838866158164777,8.249526008307797],[124.838775404387846,8.249526424772633],[124.838777076623444,8.249888054990128],[124.838686322759344,8.249888471452934],[124.838686740809493,8.249978879010863],[124.838777494694213,8.249978462543432],[124.8387779127697,8.25006887009631],[124.838687158864374,8.250069286568369],[124.838688413057483,8.250340509238306],[124.838869920987008,8.250339676245908],[124.83886950287669,8.250249268698941],[124.839051010746033,8.250248435633683],[124.83905059259925,8.250158028095539],[124.839232100408424,8.250157194957419],[124.839232936789159,8.250338010014771],[124.839323690727838,8.250337593405668],[124.83932452716877,8.250518408452059]],[[124.839588842482442,8.248799415727717],[124.839679596051894,8.248798999115161],[124.839678759626324,8.248618184089525],[124.839588006098083,8.248618600692824],[124.839588842482442,8.248799415727717]],[[124.840224117368948,8.248796499008815],[124.840314870905203,8.248796082252587],[124.840314034191152,8.248615267291745],[124.840223280696122,8.248615684038713],[124.840224117368948,8.248796499008815]],[[124.839769094923525,8.248527359956869],[124.840041355403727,8.248526109976135],[124.840040937120406,8.248435702480755],[124.839950183652334,8.248436119156896],[124.839949347141072,8.248255304155602],[124.839858593709479,8.248255720801962],[124.83985943017953,8.248436535812516],[124.839768676701979,8.248436952447607],[124.839769094923525,8.248527359956869]],[[124.843246513816226,8.235130806512483],[124.843337264082734,8.235130389758536],[124.843336845740311,8.235039982371269],[124.843246095494379,8.235040399120585],[124.843246513816226,8.235130806512483]]]}},
{"type":"Feature","properties":{"fid":433,"landuse":2},"geometry":{"type":"Polygon","coordinates":[[[124.842883094463161,8.235042065912937],[124.842882676228314,8.234951658502068],[124.842610425466702,8.234952908367287],[124.842610007298319,8.234862500942086],[124.843336009069702,8.234859167595467],[124.843336427402619,8.234949574983583],[124.843154926947136,8.234950408452447],[124.843155345243687,8.235040815849407],[124.843064594988249,8.235041232557741],[124.843064176712275,8.234950825156144],[124.842973426472653,8.234951241839351],[124.842973844728064,8.235041649245582],[124.842883094463161,8.235042065912937]]]}},
{"type":"Feature","properties":{"fid":434,"landuse":7},"geometry":{"type":"Polygon","coordinates":[[[124.84405991812099,8.234403796176037],[124.844059499652047,8.234313388822455],[124.844150249690685,8.234312971925844],[124.844150668180177,8.234403379274784],[124.84405991812099,8.234403796176037]]]}},
{"type":"Feature","properties":{"fid":435,"landuse":2},"geometry":{"type":"Polygon","coordinates":[[[124.845525322544773,8.237290156010616],[124.84552490359458,8.237199748744954],[124.844708147793696,8.237203504179373],[124.844707729033416,8.237113096871516],[124.844344726413908,8.237114765402044],[124.84434430774067,8.237024358075198],[124.843981305127386,8.237026026259255],[124.843980886541175,8.23693561891343],[124.843799385247181,8.236936452873215],[124.843798966706871,8.236846045517686],[124.843708216073324,8.236846462462198],[124.843707379048098,8.236665647740583],[124.843616628450931,8.236666064655326],[124.84361369915635,8.236033213083747],[124.843704449609533,8.236032796201465],[124.843703612669842,8.235851981472159],[124.843612862257814,8.235852398345168],[124.843609933262599,8.235219546746668],[124.843700683530656,8.23521912990612],[124.843700265101205,8.235128722537835],[124.844063266043662,8.235127054989299],[124.84405991812099,8.234403796176037],[124.844150668180177,8.234403379274784],[124.844150249690685,8.234312971925844],[124.844331749753678,8.23431213807115],[124.844330494190274,8.234040916049592],[124.844602744064076,8.234039665155649],[124.844601488358364,8.233768443172002],[124.844873738004281,8.233767192135433],[124.844872482156291,8.233495970189702],[124.845144731574351,8.233494719010519],[124.845143475584095,8.233223497102705],[124.845415724774298,8.233222245780922],[124.84541321255206,8.232679802037302],[124.846502207404285,8.232674795240809],[124.846503464234203,8.232946016947393],[124.846775713025266,8.232944764745586],[124.846776970083042,8.23321598640652],[124.847049219016313,8.23321473397854],[124.847052991001945,8.234028398812843],[124.846780741513456,8.234029651366249],[124.846781998742628,8.234300873011801],[124.846509749026239,8.234302125422625],[124.846512263242857,8.234844568785798],[124.846784513329411,8.234843316291368],[124.846787028087562,8.23538575955555],[124.846514777630787,8.235387012133586],[124.846517292190072,8.235929455465987],[124.846245041320216,8.235930707943204],[124.846250489317455,8.237106001958409],[124.845978237602523,8.237107254432292],[124.845979075703895,8.23728806891762],[124.845525322544773,8.237290156010616]]]}}
]
}
